{
  "appConfigCodeComponentName": "Código",
  "appConfigCodeComponentDescription": "O código será adicionado para demonstrar como incorporar o serviço de Configuração de Aplicativos do Azure ao aplicativo",
  "appConfigStartupCodeComponentName": "Código de inicialização",
  "appConfigStartupCodeComponentDescription": "O código de inicialização será adicionado para demonstrar como injetar a configuração mais recente nas chamadas do Azure Functions",
  "appConfigItemTemplateCreatorSampleComponentName": "Azure Functions",
  "appConfigItemTemplateCreatorSampleComponentDescription": "Uma nova função do Azure disparada por HTTP será adicionada ao projeto",
  "appConfigItemTemplateCreatorStartupComponentName": "Arquivo de código C#",
  "appConfigItemTemplateCreatorStartupComponentDescription": "Uma nova classe que hospeda o código de inicialização da Configuração de Aplicativos do Azure será adicionada ao projeto",
  "appInsigtsConfigComponentName": "Configurações no ApplicationInsights.config",
  "appInsightsConfigComponentDescription": "A cadeia de conexão será atualizada no arquivo de configuração",
  "appServiceSettingsComponentName": "Configurações do AppService do Azure",
  "appServiceSettingsComponentDescription": "As configurações do AppService do Azure serão modificadas para garantir a operação ideal da nova dependência",
  "appSettingsComponentName": "Configurações no appsettings.json",
  "appSettingsComponentDescription": "As configurações do aplicativo serão modificadas para garantir a operação ideal da nova dependência",
  "codeComponentName": "Código",
  "codeComponentDescription": "O código será adicionado ao projeto para habilitar a nova dependência",
  "dotNetMsIdentityComponentName": "Atualização do Microsoft Azure AD",
  "dotNetMsIdentityDescription": "Chama a ferramenta de linha de comando dotnet msidentity para concluir a atualização do Microsoft Azure AD",
  "identityCodeUpdateDescription": "O código será adicionado ao projeto para habilitar o Azure Active Directory",
  "launchSettingsComponentName": "Configurações no launchSettings.json",
  "launchSettingsComponentDescription": "O launchSettings.json precisa ser atualizado para garantir o comportamento correto do runtime local",
  "localAccessComponentName": "Permissões para acesso local",
  "localAccessComponentDescription": "As permissões na instância serão modificadas para permitir que o seu computador local se conecte com ela",
  "msbuildPropertyComponentName": "Propriedades do perfil",
  "msbuildPropertyComponentDescription": "O arquivo *.pubxml do perfil será atualizado para garantir a operação ideal da nova dependência",
  "nugetComponentName": "Pacotes NuGet",
  "nugetComponentDescription": "Os pacotes NuGet serão modificados para garantir a operação ideal da nova dependência",
  "projectPropertyComponentName": "Propriedades do projeto",
  "projectPropertyComponentDescription": "As propriedades do projeto serão atualizadas para habilitar a nova dependência",
  "remoteAccessComponentName": "Permissões para acesso remoto",
  "remoteAccessComponentDescription": "As permissões na instância serão modificadas para permitir que o seu Serviço de Aplicativo se conecte com ela",
  "secretStoreComponentName": "Repositório de segredos",
  "secretStoreComponentDescription": "Os segredos do aplicativo usados pela nova dependência serão armazenados no repositório de segredos selecionado",
  "itemTemplateCreatorComponentName": "Arquivos de código C#",
  "itemTemplateCreatorComponentDescription": "Os arquivos de código C# serão criados usando o modelo de item"
}