{
  "appConfigCodeComponentName": "コード",
  "appConfigCodeComponentDescription": "Azure App Configuration サービスをアプリに組み込む方法を示すコードが追加されます",
  "appConfigStartupCodeComponentName": "スタートアップ コード",
  "appConfigStartupCodeComponentDescription": "最新の構成を Azure 関数の呼び出しに挿入する方法を示すスタートアップ コードが追加されます",
  "appConfigItemTemplateCreatorSampleComponentName": "Azure 関数",
  "appConfigItemTemplateCreatorSampleComponentDescription": "HTTP によってトリガーされた新しい Azure 関数がプロジェクトに追加されます",
  "appConfigItemTemplateCreatorStartupComponentName": "C# コード ファイル",
  "appConfigItemTemplateCreatorStartupComponentDescription": "Azure App Configuration のスタートアップ コードをホストする新しいクラスがプロジェクトに追加されます",
  "appInsigtsConfigComponentName": "ApplicationInsights.config 内の設定",
  "appInsightsConfigComponentDescription": "構成ファイル内の接続文字列が更新されます",
  "appServiceSettingsComponentName": "Azure AppService の設定",
  "appServiceSettingsComponentDescription": "新しい依存関係の最適な動作を確保するために、Azure AppService の設定が変更されます",
  "appSettingsComponentName": "appsettings.json の設定",
  "appSettingsComponentDescription": "新しい依存関係の最適な動作を確保するために、アプリケーションの設定が変更されます",
  "codeComponentName": "コード",
  "codeComponentDescription": "新しい依存関係を有効にするために、コードがプロジェクトに追加されます",
  "dotNetMsIdentityComponentName": "Azure AD の更新",
  "dotNetMsIdentityDescription": "dotnet msidentity コマンド ライン　ツールを呼び出して、Azure AD の更新を完了します",
  "identityCodeUpdateDescription": "Azure AD を有効にするためのコードがプロジェクトに追加されます",
  "launchSettingsComponentName": "launchSettings.json の設定",
  "launchSettingsComponentDescription": "ローカル実行時の正しい挙動を確保するために、launchSettings.json を更新する必要があります",
  "localAccessComponentName": "ローカル アクセス用のアクセス許可",
  "localAccessComponentDescription": "お客様のローカル マシンで接続できるように、インスタンスのアクセス許可が変更されます",
  "msbuildPropertyComponentName": "プロファイルのプロパティ",
  "msbuildPropertyComponentDescription": "新しい依存関係の最適な動作を確保するために、プロファイルの *.pubxml ファイルが更新されます",
  "nugetComponentName": "NuGet パッケージ",
  "nugetComponentDescription": "新しい依存関係の最適な動作を確保するために、NuGet パッケージが変更されます",
  "projectPropertyComponentName": "プロジェクトのプロパティ",
  "projectPropertyComponentDescription": "新しい依存関係を有効にするため、プロジェクトのプロパティが更新されます",
  "remoteAccessComponentName": "リモート アクセス用のアクセス許可",
  "remoteAccessComponentDescription": "お客様の App Service で接続できるように、インスタンスのアクセス許可が変更されます",
  "secretStoreComponentName": "シークレット ストア",
  "secretStoreComponentDescription": "新しい依存関係によって使用されるアプリケーション シークレットは、選択されたシークレット ストアに保存されます",
  "itemTemplateCreatorComponentName": "C# コード ファイル",
  "itemTemplateCreatorComponentDescription": "項目テンプレートから C# コード ファイルが作成されます"
}