{
  "components": {
    "appInsights.component.nuget": {
      "definition": {
        "$refmerge": "/definitions/components.json#/nuget"
      },
      "detectors": [],
      "modifiers": [
        {
          "$ref": "/features/configs/appInsights/appInsights.json#/components/appInsights.component.nuget/modifiers/0"
        }
      ]
    },
    "appInsights.component.projectproperty": {
      "definition": {
        "$refmerge": "/definitions/components.json#/projectproperty"
      },
      "detectors": [],
      "modifiers": [
        {
          "$ref": "/features/configs/appInsights/appInsights.json#/components/appInsights.component.projectproperty/modifiers/0"
        }
      ]
    },
    "appInsights.component.secretStore": {
      "definition": {
        "$refmerge": "/definitions/components.json#/secretStore"
      },
      "detectors": [],
      "modifiers": [
        {
          "$ref": "/features/configs/appInsights/appInsights.json#/components/appInsights.component.secretStore/modifiers/0"
        }
      ]
    }
  }
}
