{
  "definitions": {
    "locations": {
      "ConfigureServicesMethod": [
        {
          "kind": "Method",
          "properties": {
            "Method": "ConfigureServices",
            "TypeName": "Microsoft.Extensions.DependencyInjection.IServiceCollection"
          }
        }
      ]
    }
  },
  "components": {
    "appInsights.component.appServiceSettings": {
      "definition": {
        "$refmerge": "/definitions/components.json#/appServiceSettings"
      },
      "detectors": [],
      "modifiers": [
        {
          "id": "appServiceSettings.generic/appSettings",
          "restorable": true,
          "model": {
            "appServiceResourceId": "@@ProfileResourceId@@",
            "settingType": "Setting",
            "properties": {
              "APPINSIGHTS_CONNECTIONSTRING": {
                "value": "@@connectionString@@",
                "action": "replace"
              },
              "ApplicationInsightsAgent_EXTENSION_VERSION": {
                "value": "~2",
                "action": "replace"
              },
              "DiagnosticServices_EXTENSION_VERSION": {
                "value": "~3",
                "action": "replace"
              },
              "APPINSIGHTS_PROFILERFEATURE_VERSION": {
                "value": "1.0.0",
                "action": "replace"
              }
            }
          }
        }
      ]
    },
    "appInsights.component.appSettings": {
      "definition": {
        "$refmerge": "/definitions/components.json#/appSettings"
      },
      "detectors": [
      ],
      "modifiers": [
        {
          "id": "jsonproperty.generic/connectionString",
          "restorable": true,
          "model": {
            "filePath": "appsettings.json",
            "key": "ApplicationInsights",
            "properties": {
              "ConnectionString": {
                "value": "@@connectionString@@",
                "action": "replace"
              }
            }
          }
        }
      ]
    },
    "appInsights.component.code": {
      "definition": {
        "$refmerge": "/definitions/components.json#/code"
      },
      "detectors": [
        {
          "id": "code.generic/startup",
          "confidence": "High",
          "model": {
            "kind": "Generic",
            "detectionLocations": [
              {
                "parts": [
                  {
                    "$refmerge": "#/definitions/locations/ConfigureServicesMethod"
                  },
                  {
                    "kind": "Invocation",
                    "properties": {
                      "Invocation": "AddApplicationInsightsTelemetry",
                      "TypeName": "Microsoft.Extensions.DependencyInjection.ApplicationInsightsExtensions"
                    }
                  }
                ]
              }
            ]
          }
        }
      ],
      "modifiers": [
        {
          "id": "code.generic",
          "order": 20,
          "model": {
            "snippetModels": [
              {
                "name": "EnsureMicrosoftExtensionsConfigurationNamespace",
                "snippets": [
                  {
                    "kind": "Empty",
                    "location": {
                      "parts": [
                        {
                          "$refmerge": "#/definitions/locations/ConfigureServicesMethod"
                        },
                        {
                          "kind": "UsingDeclaration",
                          "properties": {
                            "UsingDeclaration": "using Microsoft.Extensions.Configuration;"
                          }
                        }
                      ]
                    },
                    "body": "",
                    "tokens": {}
                  },
                  {
                    "kind": "UsingDeclaration",
                    "location": {
                      "parts": [
                        {
                          "$refmerge": "#/definitions/locations/ConfigureServicesMethod"
                        }
                      ]
                    },
                    "body": "using Microsoft.Extensions.Configuration;",
                    "tokens": {}
                  }
                ]
              },
              {
                "name": "EnsureStartupClassConfigurationProperty",
                "snippets": [
                  {
                    "kind": "Empty",
                    "location": {
                      "parts": [
                        {
                          "kind": "Method",
                          "properties": {
                            "Method": "ConfigureServices",
                            "TypeName": "Microsoft.Extensions.DependencyInjection.IServiceCollection"
                          }
                        },
                        {
                          "kind": "ClassProperty",
                          "properties": {
                            "TypeName": "Microsoft.Extensions.Configuration.IConfiguration"
                          }
                        }
                      ]
                    },
                    "body": "",
                    "tokens": {}
                  },
                  {
                    "kind": "ClassProperty",
                    "location": {
                      "parts": [
                        {
                          "$refmerge": "#/definitions/locations/ConfigureServicesMethod"
                        }
                      ]
                    },
                    "body": "public IConfiguration Configuration { get; }",
                    "tokens": {},
                    "resultTokenName": "configurationClassProperty"
                  }
                ]
              },
              {
                "name": "EnsureStartupClassConstructorWithConfiguration",
                "snippets": [
                  {
                    "kind": "Empty",
                    "location": {
                      "parts": [
                        {
                          "$refmerge": "#/definitions/locations/ConfigureServicesMethod"
                        },
                        {
                          "kind": "ClassConstructor",
                          "properties": {}
                        }
                      ]
                    },
                    "body": "",
                    "tokens": {}
                  },
                  {
                    "kind": "ClassConstructor",
                    "location": {
                      "parts": [
                        {
                          "$refmerge": "#/definitions/locations/ConfigureServicesMethod"
                        }
                      ]
                    },
                    "body": "public @@containingClassName@@(IConfiguration configuration)\r\n    {\r\n    @@configurationClassProperty@@ = configuration;\r\n    }",
                    "tokens": {
                      "containingClassName": {
                        "name": "containingClassName",
                        "kind": "ClassName",
                        "properties": {}
                      },
                      "configurationClassProperty": {
                        "name": "configurationClassProperty",
                        "kind": "ClassProperty",
                        "properties": {
                          "TypeName": "Microsoft.Extensions.Configuration.IConfiguration"
                        }
                      }
                    }
                  }
                ]
              },
              {
                "name": "EnsureAddApplicationInsightsTelemetryCall",
                "snippets": [
                  {
                    "kind": "Empty",
                    "location": {
                      "parts": [
                        {
                          "$refmerge": "#/definitions/locations/ConfigureServicesMethod"
                        },
                        {
                          "kind": "Invocation",
                          "properties": {
                            "Invocation": "AddApplicationInsightsTelemetry",
                            "TypeName": "Microsoft.Extensions.DependencyInjection.ApplicationInsightsExtensions"
                          }
                        }
                      ]
                    },
                    "body": "",
                    "tokens": {}
                  },
                  {
                    "kind": "Expression",
                    "location": {
                      "parts": [
                        {
                          "$refmerge": "#/definitions/locations/ConfigureServicesMethod"
                        }
                      ]
                    },
                    "body": "@@localVar@@.AddApplicationInsightsTelemetry(@@configurationClassProperty@@[`@@connectionId@@`]);",
                    "tokens": {
                      "localVar": {
                        "name": "localVar",
                        "kind": "MethodParameter",
                        "properties": {
                          "TypeName": "Microsoft.Extensions.DependencyInjection.IServiceCollection"
                        }
                      },
                      "configurationClassProperty": {
                        "name": "configurationClassProperty",
                        "kind": "ClassProperty",
                        "properties": {
                          "TypeName": "Microsoft.Extensions.Configuration.IConfiguration"
                        }
                      },
                      "connectionId": {
                        "name": "connectionId",
                        "kind": "ExternalValue",
                        "properties": {
                          "ModelPropertyName": "connectionId"
                        }
                      }
                    }
                  }
                ]
              }
            ]
          }
        }
      ]
    },
    "appInsights.component.nuget": {
      "definition": {
        "$refmerge": "/definitions/components.json#/nuget"
      },
      "detectors": [
        {
          "id": "nuget.generic/allPackages",
          "confidence": "Medium",
          "model": {
            "packages": {
              "Microsoft.ApplicationInsights.Web": "",
              "Microsoft.ApplicationInsights": "",
              "Microsoft.ApplicationInsights.AspNetCore": "",
              "Microsoft.ApplicationInsights.WindowsServer": ""
            }
          }
        }
      ],
      "modifiers": [
        {
          "id": "nuget.generic/allPackages",
          "order": 10,
          "model": {
            "jobs": {
              ".NETCoreApp,Version=1.0": {
                "$ref": "/definitions/packages.json#/appinsights.coreweb/.NETCoreApp,Version=1.0"
              },
              ".NETFramework,Version=2.0": {
                "$ref": "/definitions/packages.json#/appinsights.coreweb/.NETFramework,Version=2.0"
              }
            }
          }
        }
      ]
    },
    "appInsights.component.secretStore": {
      "definition": {
        "$refmerge": "/definitions/components.json#/secretStore"
      },
      "detectors": [],
      "modifiers": [
        {
          "id": "secrets.secretStore/localSecretName",
          "restorable": true,
          "model": {
            "secretStore": "@@secretStore@@",
            "secretName": "@@connectionId@@",
            "secretValue": "@@ConnectionValue@@",
            "secretStoreResourceId": "@@SecretStoreResourceId@@"
          }
        }
      ]
    },
    "appInsights.component.projectproperty": {
      "definition": {
        "$refmerge": "/definitions/components.json#/projectproperty"
      },
      "detectors": [
        {
          "id": "projectproperty.generic/resourceIdProperty",
          "confidence": "Medium",
          "model": {
            "properties": {
              "ApplicationInsightsResourceId": {}
            }
          }
        }
      ],
      "modifiers": [
        {
          "id": "projectproperty.generic/resourceIdProperty",
          "restorable": true,
          "model": {
            "properties": {
              "ApplicationInsightsResourceId": {
                "value": "@@resourceId@@",
                "action": "replace"
              }
            }
          }
        }
      ]
    }
  }
}
