{
  "definitions": {
    "locations": {
      "ConfigureServicesMethod": [
        {
          "kind": "Method",
          "properties": {
            "Method": "ConfigureServices",
            "TypeName": "Microsoft.Extensions.DependencyInjection.IServiceCollection"
          }
        }
      ]
    }
  },
  "components": {
    "appInsights.component.code": {
      "definition": {
        "$refmerge": "/definitions/components.json#/code"
      },
      "detectors": [],
      "modifiers": [
        {
          "id": "code.generic",
          "order": 20,
          "model": {
            "snippetModels": [
              {
                "name": "EnsureAddApplicationInsightsTelemetryCall",
                "snippets": [
                  {
                    "kind": "Empty",
                    "location": {
                      "parts": [
                        {
                          "$refmerge": "#/definitions/locations/ConfigureServicesMethod"
                        },
                        {
                          "kind": "Invocation",
                          "properties": {
                            "Invocation": "AddApplicationInsightsTelemetry",
                            "TypeName": "Microsoft.Extensions.DependencyInjection.ApplicationInsightsExtensions"
                          }
                        }
                      ]
                    },
                    "body": "",
                    "tokens": {}
                  },
                  {
                    "kind": "Expression",
                    "location": {
                      "parts": [
                        {
                          "$refmerge": "#/definitions/locations/ConfigureServicesMethod"
                        }
                      ]
                    },
                    "body": "@@localVar@@.AddApplicationInsightsTelemetry();",
                    "tokens": {
                      "localVar": {
                        "name": "localVar",
                        "kind": "MethodParameter",
                        "properties": {
                          "TypeName": "Microsoft.Extensions.DependencyInjection.IServiceCollection"
                        }
                      }
                    }
                  }
                ]
              }
            ]
          }
        }
      ]
    },
    "appInsights.component.nuget": {
      "definition": {
        "$refmerge": "/definitions/components.json#/nuget"
      },
      "detectors": [],
      "modifiers": [
        {
          "$ref": "/features/configs/appInsights/appInsights.coreweb.json#/components/appInsights.component.nuget/modifiers/0"
        }
      ]
    }
  }
}
