{
  "components": {
    "appInsights.component.appInsightsConfig": {
      "definition": {
        "$refmerge": "/definitions/components.json#/appInsightsConfig"
      },
      "detectors": [],
      "modifiers": [
        {
          "id": "xmlelement.generic/appInsightsConfig",
          "restorable": true,
          "order": 20,
          "model": {
            "filePath": "ApplicationInsights.config",
            "key": "ConnectionString",
            "namespace": "http://schemas.microsoft.com/ApplicationInsights/2013/Settings",
            "body": "@@connectionString@@"
          }
        }
      ]
    },
    "appInsights.component.appServiceSettings": {
      "definition": {
        "$refmerge": "/definitions/components.json#/appServiceSettings"
      },
      "detectors": [],
      "modifiers": [
        {
          "id": "appServiceSettings.generic/appSettings",
          "restorable": true,
          "model": {
            "appServiceResourceId": "@@ProfileResourceId@@",
            "settingType": "Setting",
            "properties": {
              "APPINSIGHTS_CONNECTIONSTRING": {
                "value": "@@connectionString@@",
                "action": "replace"
              },
              "ApplicationInsightsAgent_EXTENSION_VERSION": {
                "value": "~2",
                "action": "replace"
              },
              "DiagnosticServices_EXTENSION_VERSION": {
                "value": "~3",
                "action": "replace"
              },
              "APPINSIGHTS_PROFILERFEATURE_VERSION": {
                "value": "1.0.0",
                "action": "replace"
              }
            }
          }
        }
      ]
    },
    "appInsights.component.nuget": {
      "definition": {
        "$refmerge": "/definitions/components.json#/nuget"
      },
      "detectors": [
        {
          "id": "nuget.generic/allPackages",
          "confidence": "Medium",
          "model": {
            "packages": {
              "Microsoft.ApplicationInsights.Web": "",
              "Microsoft.ApplicationInsights": "",
              "Microsoft.ApplicationInsights.WindowsServer": ""
            }
          }
        }
      ],
      "modifiers": [
        {
          "id": "nuget.generic/allPackages",
          "order": 10,
          "model": {
            "jobs": {
              ".NETCoreApp,Version=3.0": {
                "$ref": "/definitions/packages.json#/appinsights.worker/.NETCoreApp,Version=3.0"
              },
              ".NETFramework,Version=2.0": {
                "$ref": "/definitions/packages.json#/appinsights.web/.NETFramework,Version=2.0"
              }
            }
          }
        }
      ]
    },
    "appInsights.component.secretStore": {
      "definition": {
        "$refmerge": "/definitions/components.json#/secretStore"
      },
      "detectors": [],
      "modifiers": [
        {
          "id": "secrets.secretStore/local",
          "order": 30,
          "restorable": true,
          "model": {
            "secretStore": "@@secretStore@@",
            "secretName": "@@connectionId@@",
            "secretValue": "@@ConnectionValue@@",
            "secretStoreResourceId": "@@SecretStoreResourceId@@"
          }
        }
      ]
    },
    "appInsights.component.projectproperty": {
      "definition": {
        "$refmerge": "/definitions/components.json#/projectproperty"
      },
      "detectors": [
        {
          "id": "projectproperty.generic/resourceIdProperty",
          "confidence": "Medium",
          "model": {
            "properties": {
              "ApplicationInsightsResourceId": {}
            }
          }
        }
      ],
      "modifiers": [
        {
          "id": "projectproperty.generic/resourceIdProperty",
          "restorable": true,
          "model": {
            "properties": {
              "ApplicationInsightsResourceId": {
                "value": "@@resourceId@@",
                "action": "replace"
              }
            }
          }
        }
      ]
    }
  }
}
