{
  "components": {
    "appInsights.component.appServiceSettings": {
      "definition": {
        "$refmerge": "/definitions/components.json#/appServiceSettings"
      },
      "detectors": [],
      "modifiers": [
        {
          "$ref": "/features/configs/appInsights/appInsights.json#/components/appInsights.component.appServiceSettings/modifiers/0"
        }
      ]
    },
    "appInsights.component.nuget": {
      "definition": {
        "$refmerge": "/definitions/components.json#/nuget"
      },
      "detectors": [],
      "modifiers": [
        {
          "$ref": "/features/configs/appInsights/appInsights.json#/components/appInsights.component.nuget/modifiers/0"
        }
      ]
    }
  }
}
