{
  "id": "https://schema.management.azure.com/schemas/2017-10-01-preview/Microsoft.Sql.json#",
  "$schema": "http://json-schema.org/draft-04/schema#",
  "title": "Microsoft.Sql",
  "description": "Microsoft Sql Resource Types",
  "resourceDefinitions": {
    "locations_instanceFailoverGroups": {
      "type": "object",
      "properties": {
        "apiVersion": {
          "type": "string",
          "enum": [
            "2017-10-01-preview"
          ]
        },
        "name": {
          "type": "string",
          "description": "The name of the failover group."
        },
        "properties": {
          "oneOf": [
            {
              "$ref": "#/definitions/InstanceFailoverGroupProperties"
            },
            {
              "$ref": "https://schema.management.azure.com/schemas/common/definitions.json#/definitions/expression"
            }
          ],
          "description": "Properties of a instance failover group."
        },
        "type": {
          "type": "string",
          "enum": [
            "Microsoft.Sql/locations/instanceFailoverGroups"
          ]
        }
      },
      "required": [
        "apiVersion",
        "name",
        "properties",
        "type"
      ],
      "description": "Microsoft.Sql/locations/instanceFailoverGroups"
    },
    "managedInstances_databases_vulnerabilityAssessments": {
      "type": "object",
      "properties": {
        "apiVersion": {
          "type": "string",
          "enum": [
            "2017-10-01-preview"
          ]
        },
        "name": {
          "oneOf": [
            {
              "type": "string",
              "pattern": "^.*/default$"
            },
            {
              "$ref": "https://schema.management.azure.com/schemas/common/definitions.json#/definitions/expression"
            }
          ],
          "description": "The name of the vulnerability assessment."
        },
        "properties": {
          "oneOf": [
            {
              "$ref": "#/definitions/DatabaseVulnerabilityAssessmentProperties"
            },
            {
              "$ref": "https://schema.management.azure.com/schemas/common/definitions.json#/definitions/expression"
            }
          ],
          "description": "Properties of a database Vulnerability Assessment."
        },
        "type": {
          "type": "string",
          "enum": [
            "Microsoft.Sql/managedInstances/databases/vulnerabilityAssessments"
          ]
        }
      },
      "required": [
        "apiVersion",
        "name",
        "properties",
        "type"
      ],
      "description": "Microsoft.Sql/managedInstances/databases/vulnerabilityAssessments"
    },
    "managedInstances_databases_vulnerabilityAssessments_rules_baselines": {
      "type": "object",
      "properties": {
        "apiVersion": {
          "type": "string",
          "enum": [
            "2017-10-01-preview"
          ]
        },
        "name": {
          "oneOf": [
            {
              "type": "string",
              "enum": [
                "master",
                "default"
              ]
            },
            {
              "$ref": "https://schema.management.azure.com/schemas/common/definitions.json#/definitions/expression"
            }
          ],
          "description": "The name of the vulnerability assessment rule baseline (default implies a baseline on a database level rule and master for server level rule)."
        },
        "properties": {
          "oneOf": [
            {
              "$ref": "#/definitions/DatabaseVulnerabilityAssessmentRuleBaselineProperties"
            },
            {
              "$ref": "https://schema.management.azure.com/schemas/common/definitions.json#/definitions/expression"
            }
          ],
          "description": "Properties of a database Vulnerability Assessment rule baseline."
        },
        "type": {
          "type": "string",
          "enum": [
            "Microsoft.Sql/managedInstances/databases/vulnerabilityAssessments/rules/baselines"
          ]
        }
      },
      "required": [
        "apiVersion",
        "name",
        "properties",
        "type"
      ],
      "description": "Microsoft.Sql/managedInstances/databases/vulnerabilityAssessments/rules/baselines"
    },
    "managedInstances_encryptionProtector": {
      "type": "object",
      "properties": {
        "apiVersion": {
          "type": "string",
          "enum": [
            "2017-10-01-preview"
          ]
        },
        "name": {
          "oneOf": [
            {
              "type": "string",
              "pattern": "^.*/current$"
            },
            {
              "$ref": "https://schema.management.azure.com/schemas/common/definitions.json#/definitions/expression"
            }
          ],
          "description": "The name of the encryption protector to be updated."
        },
        "properties": {
          "oneOf": [
            {
              "$ref": "#/definitions/ManagedInstanceEncryptionProtectorProperties"
            },
            {
              "$ref": "https://schema.management.azure.com/schemas/common/definitions.json#/definitions/expression"
            }
          ],
          "description": "Properties for an encryption protector execution."
        },
        "type": {
          "type": "string",
          "enum": [
            "Microsoft.Sql/managedInstances/encryptionProtector"
          ]
        }
      },
      "required": [
        "apiVersion",
        "name",
        "properties",
        "type"
      ],
      "description": "Microsoft.Sql/managedInstances/encryptionProtector"
    },
    "managedInstances_keys": {
      "type": "object",
      "properties": {
        "apiVersion": {
          "type": "string",
          "enum": [
            "2017-10-01-preview"
          ]
        },
        "name": {
          "type": "string",
          "description": "The name of the managed instance key to be operated on (updated or created)."
        },
        "properties": {
          "oneOf": [
            {
              "$ref": "#/definitions/ManagedInstanceKeyProperties"
            },
            {
              "$ref": "https://schema.management.azure.com/schemas/common/definitions.json#/definitions/expression"
            }
          ],
          "description": "Properties for a key execution."
        },
        "type": {
          "type": "string",
          "enum": [
            "Microsoft.Sql/managedInstances/keys"
          ]
        }
      },
      "required": [
        "apiVersion",
        "name",
        "properties",
        "type"
      ],
      "description": "Microsoft.Sql/managedInstances/keys"
    },
    "servers_databases": {
      "type": "object",
      "properties": {
        "apiVersion": {
          "type": "string",
          "enum": [
            "2017-10-01-preview"
          ]
        },
        "location": {
          "type": "string",
          "description": "Resource location."
        },
        "name": {
          "type": "string",
          "description": "The name of the database."
        },
        "properties": {
          "oneOf": [
            {
              "$ref": "#/definitions/DatabaseProperties"
            },
            {
              "$ref": "https://schema.management.azure.com/schemas/common/definitions.json#/definitions/expression"
            }
          ],
          "description": "The database's properties."
        },
        "resources": {
          "type": "array",
          "items": {
            "oneOf": [
              {
                "$ref": "#/definitions/servers_databases_backupShortTermRetentionPolicies_childResource"
              }
            ]
          }
        },
        "sku": {
          "oneOf": [
            {
              "$ref": "#/definitions/Sku"
            },
            {
              "$ref": "https://schema.management.azure.com/schemas/common/definitions.json#/definitions/expression"
            }
          ],
          "description": "An ARM Resource SKU."
        },
        "tags": {
          "oneOf": [
            {
              "type": "object",
              "additionalProperties": {
                "type": "string"
              },
              "properties": {}
            },
            {
              "$ref": "https://schema.management.azure.com/schemas/common/definitions.json#/definitions/expression"
            }
          ],
          "description": "Resource tags."
        },
        "type": {
          "type": "string",
          "enum": [
            "Microsoft.Sql/servers/databases"
          ]
        }
      },
      "required": [
        "apiVersion",
        "location",
        "name",
        "properties",
        "type"
      ],
      "description": "Microsoft.Sql/servers/databases"
    },
    "servers_databases_backupShortTermRetentionPolicies": {
      "type": "object",
      "properties": {
        "apiVersion": {
          "type": "string",
          "enum": [
            "2017-10-01-preview"
          ]
        },
        "name": {
          "oneOf": [
            {
              "type": "string",
              "pattern": "^.*/default$"
            },
            {
              "$ref": "https://schema.management.azure.com/schemas/common/definitions.json#/definitions/expression"
            }
          ],
          "description": "The policy name. Should always be \"default\"."
        },
        "properties": {
          "oneOf": [
            {
              "$ref": "#/definitions/BackupShortTermRetentionPolicyProperties"
            },
            {
              "$ref": "https://schema.management.azure.com/schemas/common/definitions.json#/definitions/expression"
            }
          ],
          "description": "Properties of a short term retention policy"
        },
        "type": {
          "type": "string",
          "enum": [
            "Microsoft.Sql/servers/databases/backupShortTermRetentionPolicies"
          ]
        }
      },
      "required": [
        "apiVersion",
        "name",
        "properties",
        "type"
      ],
      "description": "Microsoft.Sql/servers/databases/backupShortTermRetentionPolicies"
    },
    "servers_elasticPools": {
      "type": "object",
      "properties": {
        "apiVersion": {
          "type": "string",
          "enum": [
            "2017-10-01-preview"
          ]
        },
        "location": {
          "type": "string",
          "description": "Resource location."
        },
        "name": {
          "type": "string",
          "description": "The name of the elastic pool."
        },
        "properties": {
          "oneOf": [
            {
              "$ref": "#/definitions/ElasticPoolProperties"
            },
            {
              "$ref": "https://schema.management.azure.com/schemas/common/definitions.json#/definitions/expression"
            }
          ],
          "description": "Properties of an elastic pool"
        },
        "sku": {
          "oneOf": [
            {
              "$ref": "#/definitions/Sku"
            },
            {
              "$ref": "https://schema.management.azure.com/schemas/common/definitions.json#/definitions/expression"
            }
          ],
          "description": "An ARM Resource SKU."
        },
        "tags": {
          "oneOf": [
            {
              "type": "object",
              "additionalProperties": {
                "type": "string"
              },
              "properties": {}
            },
            {
              "$ref": "https://schema.management.azure.com/schemas/common/definitions.json#/definitions/expression"
            }
          ],
          "description": "Resource tags."
        },
        "type": {
          "type": "string",
          "enum": [
            "Microsoft.Sql/servers/elasticPools"
          ]
        }
      },
      "required": [
        "apiVersion",
        "location",
        "name",
        "properties",
        "type"
      ],
      "description": "Microsoft.Sql/servers/elasticPools"
    }
  },
  "definitions": {
    "BackupShortTermRetentionPolicyProperties": {
      "type": "object",
      "properties": {
        "retentionDays": {
          "oneOf": [
            {
              "type": "integer"
            },
            {
              "$ref": "https://schema.management.azure.com/schemas/common/definitions.json#/definitions/expression"
            }
          ],
          "description": "The backup retention period in days. This is how many days Point-in-Time Restore will be supported."
        }
      },
      "description": "Properties of a short term retention policy"
    },
    "DatabaseProperties": {
      "type": "object",
      "properties": {
        "autoPauseDelay": {
          "oneOf": [
            {
              "type": "integer"
            },
            {
              "$ref": "https://schema.management.azure.com/schemas/common/definitions.json#/definitions/expression"
            }
          ],
          "description": "Time in minutes after which database is automatically paused. A value of -1 means that automatic pause is disabled"
        },
        "catalogCollation": {
          "oneOf": [
            {
              "type": "string",
              "enum": [
                "DATABASE_DEFAULT",
                "SQL_Latin1_General_CP1_CI_AS"
              ]
            },
            {
              "$ref": "https://schema.management.azure.com/schemas/common/definitions.json#/definitions/expression"
            }
          ],
          "description": "Collation of the metadata catalog."
        },
        "collation": {
          "type": "string",
          "description": "The collation of the database."
        },
        "createMode": {
          "oneOf": [
            {
              "type": "string",
              "enum": [
                "Copy",
                "Default",
                "NonReadableSecondary",
                "OnlineSecondary",
                "PointInTimeRestore",
                "Recovery",
                "Restore",
                "RestoreLongTermRetentionBackup",
                "Secondary",
                "RestoreExternalBackup",
                "RestoreExternalBackupSecondary"
              ]
            },
            {
              "$ref": "https://schema.management.azure.com/schemas/common/definitions.json#/definitions/expression"
            }
          ],
          "description": "Specifies the mode of database creation.\r\n\r\nDefault: regular database creation.\r\n\r\nCopy: creates a database as a copy of an existing database. sourceDatabaseId must be specified as the resource ID of the source database.\r\n\r\nSecondary: creates a database as a secondary replica of an existing database. sourceDatabaseId must be specified as the resource ID of the existing primary database.\r\n\r\nPointInTimeRestore: Creates a database by restoring a point in time backup of an existing database. sourceDatabaseId must be specified as the resource ID of the existing database, and restorePointInTime must be specified.\r\n\r\nRecovery: Creates a database by restoring a geo-replicated backup. sourceDatabaseId must be specified as the recoverable database resource ID to restore.\r\n\r\nRestore: Creates a database by restoring a backup of a deleted database. sourceDatabaseId must be specified. If sourceDatabaseId is the database's original resource ID, then sourceDatabaseDeletionDate must be specified. Otherwise sourceDatabaseId must be the restorable dropped database resource ID and sourceDatabaseDeletionDate is ignored. restorePointInTime may also be specified to restore from an earlier point in time.\r\n\r\nRestoreLongTermRetentionBackup: Creates a database by restoring from a long term retention vault. recoveryServicesRecoveryPointResourceId must be specified as the recovery point resource ID.\r\n\r\nCopy, Secondary, and RestoreLongTermRetentionBackup are not supported for DataWarehouse edition."
        },
        "elasticPoolId": {
          "type": "string",
          "description": "The resource identifier of the elastic pool containing this database."
        },
        "licenseType": {
          "oneOf": [
            {
              "type": "string",
              "enum": [
                "LicenseIncluded",
                "BasePrice"
              ]
            },
            {
              "$ref": "https://schema.management.azure.com/schemas/common/definitions.json#/definitions/expression"
            }
          ],
          "description": "The license type to apply for this database."
        },
        "longTermRetentionBackupResourceId": {
          "type": "string",
          "description": "The resource identifier of the long term retention backup associated with create operation of this database."
        },
        "maxSizeBytes": {
          "oneOf": [
            {
              "type": "integer"
            },
            {
              "$ref": "https://schema.management.azure.com/schemas/common/definitions.json#/definitions/expression"
            }
          ],
          "description": "The max size of the database expressed in bytes."
        },
        "minCapacity": {
          "oneOf": [
            {
              "type": "number"
            },
            {
              "$ref": "https://schema.management.azure.com/schemas/common/definitions.json#/definitions/expression"
            }
          ],
          "description": "Minimal capacity that database will always have allocated, if not paused"
        },
        "readReplicaCount": {
          "oneOf": [
            {
              "type": "integer"
            },
            {
              "$ref": "https://schema.management.azure.com/schemas/common/definitions.json#/definitions/expression"
            }
          ],
          "description": "The number of readonly secondary replicas associated with the database to which readonly application intent connections may be routed. This property is only settable for Hyperscale edition databases."
        },
        "readScale": {
          "oneOf": [
            {
              "type": "string",
              "enum": [
                "Enabled",
                "Disabled"
              ]
            },
            {
              "$ref": "https://schema.management.azure.com/schemas/common/definitions.json#/definitions/expression"
            }
          ],
          "description": "If enabled, connections that have application intent set to readonly in their connection string may be routed to a readonly secondary replica. This property is only settable for Premium and Business Critical databases."
        },
        "recoverableDatabaseId": {
          "type": "string",
          "description": "The resource identifier of the recoverable database associated with create operation of this database."
        },
        "recoveryServicesRecoveryPointId": {
          "type": "string",
          "description": "The resource identifier of the recovery point associated with create operation of this database."
        },
        "restorableDroppedDatabaseId": {
          "type": "string",
          "description": "The resource identifier of the restorable dropped database associated with create operation of this database."
        },
        "restorePointInTime": {
          "type": "string",
          "format": "date-time",
          "description": "Specifies the point in time (ISO8601 format) of the source database that will be restored to create the new database."
        },
        "sampleName": {
          "oneOf": [
            {
              "type": "string",
              "enum": [
                "AdventureWorksLT",
                "WideWorldImportersStd",
                "WideWorldImportersFull"
              ]
            },
            {
              "$ref": "https://schema.management.azure.com/schemas/common/definitions.json#/definitions/expression"
            }
          ],
          "description": "The name of the sample schema to apply when creating this database."
        },
        "sourceDatabaseDeletionDate": {
          "type": "string",
          "format": "date-time",
          "description": "Specifies the time that the database was deleted."
        },
        "sourceDatabaseId": {
          "type": "string",
          "description": "The resource identifier of the source database associated with create operation of this database."
        },
        "zoneRedundant": {
          "oneOf": [
            {
              "type": "boolean"
            },
            {
              "$ref": "https://schema.management.azure.com/schemas/common/definitions.json#/definitions/expression"
            }
          ],
          "description": "Whether or not this database is zone redundant, which means the replicas of this database will be spread across multiple availability zones."
        }
      },
      "description": "The database's properties."
    },
    "DatabaseVulnerabilityAssessmentProperties": {
      "type": "object",
      "properties": {
        "recurringScans": {
          "oneOf": [
            {
              "$ref": "#/definitions/VulnerabilityAssessmentRecurringScansProperties"
            },
            {
              "$ref": "https://schema.management.azure.com/schemas/common/definitions.json#/definitions/expression"
            }
          ],
          "description": "Properties of a Vulnerability Assessment recurring scans."
        },
        "storageAccountAccessKey": {
          "type": "string",
          "description": "Specifies the identifier key of the storage account for vulnerability assessment scan results. If 'StorageContainerSasKey' isn't specified, storageAccountAccessKey is required."
        },
        "storageContainerPath": {
          "type": "string",
          "description": "A blob storage container path to hold the scan results (e.g. https://myStorage.blob.core.windows.net/VaScans/).  It is required if server level vulnerability assessment policy doesn't set"
        },
        "storageContainerSasKey": {
          "type": "string",
          "description": "A shared access signature (SAS Key) that has read and write access to the blob container specified in 'storageContainerPath' parameter. If 'storageAccountAccessKey' isn't specified, StorageContainerSasKey is required."
        }
      },
      "description": "Properties of a database Vulnerability Assessment."
    },
    "DatabaseVulnerabilityAssessmentRuleBaselineItem": {
      "type": "object",
      "properties": {
        "result": {
          "oneOf": [
            {
              "type": "array",
              "items": {
                "type": "string"
              }
            },
            {
              "$ref": "https://schema.management.azure.com/schemas/common/definitions.json#/definitions/expression"
            }
          ],
          "description": "The rule baseline result"
        }
      },
      "required": [
        "result"
      ],
      "description": "Properties for an Azure SQL Database Vulnerability Assessment rule baseline's result."
    },
    "DatabaseVulnerabilityAssessmentRuleBaselineProperties": {
      "type": "object",
      "properties": {
        "baselineResults": {
          "oneOf": [
            {
              "type": "array",
              "items": {
                "$ref": "#/definitions/DatabaseVulnerabilityAssessmentRuleBaselineItem"
              }
            },
            {
              "$ref": "https://schema.management.azure.com/schemas/common/definitions.json#/definitions/expression"
            }
          ],
          "description": "The rule baseline result"
        }
      },
      "required": [
        "baselineResults"
      ],
      "description": "Properties of a database Vulnerability Assessment rule baseline."
    },
    "ElasticPoolPerDatabaseSettings": {
      "type": "object",
      "properties": {
        "maxCapacity": {
          "oneOf": [
            {
              "type": "number"
            },
            {
              "$ref": "https://schema.management.azure.com/schemas/common/definitions.json#/definitions/expression"
            }
          ],
          "description": "The maximum capacity any one database can consume."
        },
        "minCapacity": {
          "oneOf": [
            {
              "type": "number"
            },
            {
              "$ref": "https://schema.management.azure.com/schemas/common/definitions.json#/definitions/expression"
            }
          ],
          "description": "The minimum capacity all databases are guaranteed."
        }
      },
      "description": "Per database settings of an elastic pool."
    },
    "ElasticPoolProperties": {
      "type": "object",
      "properties": {
        "licenseType": {
          "oneOf": [
            {
              "type": "string",
              "enum": [
                "LicenseIncluded",
                "BasePrice"
              ]
            },
            {
              "$ref": "https://schema.management.azure.com/schemas/common/definitions.json#/definitions/expression"
            }
          ],
          "description": "The license type to apply for this elastic pool."
        },
        "maxSizeBytes": {
          "oneOf": [
            {
              "type": "integer"
            },
            {
              "$ref": "https://schema.management.azure.com/schemas/common/definitions.json#/definitions/expression"
            }
          ],
          "description": "The storage limit for the database elastic pool in bytes."
        },
        "perDatabaseSettings": {
          "oneOf": [
            {
              "$ref": "#/definitions/ElasticPoolPerDatabaseSettings"
            },
            {
              "$ref": "https://schema.management.azure.com/schemas/common/definitions.json#/definitions/expression"
            }
          ],
          "description": "Per database settings of an elastic pool."
        },
        "zoneRedundant": {
          "oneOf": [
            {
              "type": "boolean"
            },
            {
              "$ref": "https://schema.management.azure.com/schemas/common/definitions.json#/definitions/expression"
            }
          ],
          "description": "Whether or not this elastic pool is zone redundant, which means the replicas of this elastic pool will be spread across multiple availability zones."
        }
      },
      "description": "Properties of an elastic pool"
    },
    "InstanceFailoverGroupProperties": {
      "type": "object",
      "properties": {
        "managedInstancePairs": {
          "oneOf": [
            {
              "type": "array",
              "items": {
                "$ref": "#/definitions/ManagedInstancePairInfo"
              }
            },
            {
              "$ref": "https://schema.management.azure.com/schemas/common/definitions.json#/definitions/expression"
            }
          ],
          "description": "List of managed instance pairs in the failover group."
        },
        "partnerRegions": {
          "oneOf": [
            {
              "type": "array",
              "items": {
                "$ref": "#/definitions/PartnerRegionInfo"
              }
            },
            {
              "$ref": "https://schema.management.azure.com/schemas/common/definitions.json#/definitions/expression"
            }
          ],
          "description": "Partner region information for the failover group."
        },
        "readOnlyEndpoint": {
          "oneOf": [
            {
              "$ref": "#/definitions/InstanceFailoverGroupReadOnlyEndpoint"
            },
            {
              "$ref": "https://schema.management.azure.com/schemas/common/definitions.json#/definitions/expression"
            }
          ],
          "description": "Read-only endpoint of the failover group instance."
        },
        "readWriteEndpoint": {
          "oneOf": [
            {
              "$ref": "#/definitions/InstanceFailoverGroupReadWriteEndpoint"
            },
            {
              "$ref": "https://schema.management.azure.com/schemas/common/definitions.json#/definitions/expression"
            }
          ],
          "description": "Read-write endpoint of the failover group instance."
        }
      },
      "required": [
        "managedInstancePairs",
        "partnerRegions",
        "readWriteEndpoint"
      ],
      "description": "Properties of a instance failover group."
    },
    "InstanceFailoverGroupReadOnlyEndpoint": {
      "type": "object",
      "properties": {
        "failoverPolicy": {
          "oneOf": [
            {
              "type": "string",
              "enum": [
                "Disabled",
                "Enabled"
              ]
            },
            {
              "$ref": "https://schema.management.azure.com/schemas/common/definitions.json#/definitions/expression"
            }
          ],
          "description": "Failover policy of the read-only endpoint for the failover group."
        }
      },
      "description": "Read-only endpoint of the failover group instance."
    },
    "InstanceFailoverGroupReadWriteEndpoint": {
      "type": "object",
      "properties": {
        "failoverPolicy": {
          "oneOf": [
            {
              "type": "string",
              "enum": [
                "Manual",
                "Automatic"
              ]
            },
            {
              "$ref": "https://schema.management.azure.com/schemas/common/definitions.json#/definitions/expression"
            }
          ],
          "description": "Failover policy of the read-write endpoint for the failover group. If failoverPolicy is Automatic then failoverWithDataLossGracePeriodMinutes is required."
        },
        "failoverWithDataLossGracePeriodMinutes": {
          "oneOf": [
            {
              "type": "integer"
            },
            {
              "$ref": "https://schema.management.azure.com/schemas/common/definitions.json#/definitions/expression"
            }
          ],
          "description": "Grace period before failover with data loss is attempted for the read-write endpoint. If failoverPolicy is Automatic then failoverWithDataLossGracePeriodMinutes is required."
        }
      },
      "required": [
        "failoverPolicy"
      ],
      "description": "Read-write endpoint of the failover group instance."
    },
    "ManagedInstanceEncryptionProtectorProperties": {
      "type": "object",
      "properties": {
        "serverKeyName": {
          "type": "string",
          "description": "The name of the managed instance key."
        },
        "serverKeyType": {
          "oneOf": [
            {
              "type": "string",
              "enum": [
                "ServiceManaged",
                "AzureKeyVault"
              ]
            },
            {
              "$ref": "https://schema.management.azure.com/schemas/common/definitions.json#/definitions/expression"
            }
          ],
          "description": "The encryption protector type like 'ServiceManaged', 'AzureKeyVault'."
        }
      },
      "required": [
        "serverKeyType"
      ],
      "description": "Properties for an encryption protector execution."
    },
    "ManagedInstanceKeyProperties": {
      "type": "object",
      "properties": {
        "serverKeyType": {
          "oneOf": [
            {
              "type": "string",
              "enum": [
                "ServiceManaged",
                "AzureKeyVault"
              ]
            },
            {
              "$ref": "https://schema.management.azure.com/schemas/common/definitions.json#/definitions/expression"
            }
          ],
          "description": "The key type like 'ServiceManaged', 'AzureKeyVault'."
        },
        "uri": {
          "type": "string",
          "description": "The URI of the key. If the ServerKeyType is AzureKeyVault, then the URI is required."
        }
      },
      "required": [
        "serverKeyType"
      ],
      "description": "Properties for a key execution."
    },
    "ManagedInstancePairInfo": {
      "type": "object",
      "properties": {
        "partnerManagedInstanceId": {
          "type": "string",
          "description": "Id of Partner Managed Instance in pair."
        },
        "primaryManagedInstanceId": {
          "type": "string",
          "description": "Id of Primary Managed Instance in pair."
        }
      },
      "description": "Pairs of Managed Instances in the failover group."
    },
    "PartnerRegionInfo": {
      "type": "object",
      "properties": {
        "location": {
          "type": "string",
          "description": "Geo location of the partner managed instances."
        }
      },
      "description": "Partner region information for the failover group."
    },
    "servers_databases_backupShortTermRetentionPolicies_childResource": {
      "type": "object",
      "properties": {
        "apiVersion": {
          "type": "string",
          "enum": [
            "2017-10-01-preview"
          ]
        },
        "name": {
          "type": "string",
          "enum": [
            "default"
          ],
          "description": "The policy name. Should always be \"default\"."
        },
        "properties": {
          "oneOf": [
            {
              "$ref": "#/definitions/BackupShortTermRetentionPolicyProperties"
            },
            {
              "$ref": "https://schema.management.azure.com/schemas/common/definitions.json#/definitions/expression"
            }
          ],
          "description": "Properties of a short term retention policy"
        },
        "type": {
          "type": "string",
          "enum": [
            "backupShortTermRetentionPolicies"
          ]
        }
      },
      "required": [
        "apiVersion",
        "name",
        "properties",
        "type"
      ],
      "description": "Microsoft.Sql/servers/databases/backupShortTermRetentionPolicies"
    },
    "Sku": {
      "type": "object",
      "properties": {
        "capacity": {
          "oneOf": [
            {
              "type": "integer"
            },
            {
              "$ref": "https://schema.management.azure.com/schemas/common/definitions.json#/definitions/expression"
            }
          ],
          "description": "Capacity of the particular SKU."
        },
        "family": {
          "type": "string",
          "description": "If the service has different generations of hardware, for the same SKU, then that can be captured here."
        },
        "name": {
          "type": "string",
          "description": "The name of the SKU, typically, a letter + Number code, e.g. P3."
        },
        "size": {
          "type": "string",
          "description": "Size of the particular SKU"
        },
        "tier": {
          "type": "string",
          "description": "The tier or edition of the particular SKU, e.g. Basic, Premium."
        }
      },
      "required": [
        "name"
      ],
      "description": "An ARM Resource SKU."
    },
    "VulnerabilityAssessmentRecurringScansProperties": {
      "type": "object",
      "properties": {
        "emails": {
          "oneOf": [
            {
              "type": "array",
              "items": {
                "type": "string"
              }
            },
            {
              "$ref": "https://schema.management.azure.com/schemas/common/definitions.json#/definitions/expression"
            }
          ],
          "description": "Specifies an array of e-mail addresses to which the scan notification is sent."
        },
        "emailSubscriptionAdmins": {
          "oneOf": [
            {
              "type": "boolean",
              "default": true
            },
            {
              "$ref": "https://schema.management.azure.com/schemas/common/definitions.json#/definitions/expression"
            }
          ],
          "description": "Specifies that the schedule scan notification will be is sent to the subscription administrators."
        },
        "isEnabled": {
          "oneOf": [
            {
              "type": "boolean"
            },
            {
              "$ref": "https://schema.management.azure.com/schemas/common/definitions.json#/definitions/expression"
            }
          ],
          "description": "Recurring scans state."
        }
      },
      "description": "Properties of a Vulnerability Assessment recurring scans."
    }
  }
}