{
  "id": "https://schema.management.azure.com/schemas/2019-08-09-preview/Microsoft.VMwareVirtustream.json#",
  "$schema": "http://json-schema.org/draft-04/schema#",
  "title": "Microsoft.VMwareVirtustream",
  "description": "Microsoft VMwareVirtustream Resource Types",
  "resourceDefinitions": {
    "privateClouds": {
      "type": "object",
      "properties": {
        "apiVersion": {
          "type": "string",
          "enum": [
            "2019-08-09-preview"
          ]
        },
        "location": {
          "type": "string",
          "description": "Resource location"
        },
        "name": {
          "type": "string",
          "description": "Name of the private cloud"
        },
        "properties": {
          "oneOf": [
            {
              "$ref": "#/definitions/PrivateCloudProperties"
            },
            {
              "$ref": "https://schema.management.azure.com/schemas/common/definitions.json#/definitions/expression"
            }
          ],
          "description": "The properties of a private cloud resource"
        },
        "resources": {
          "type": "array",
          "items": {
            "oneOf": [
              {
                "$ref": "#/definitions/privateClouds_clusters_childResource"
              }
            ]
          }
        },
        "tags": {
          "oneOf": [
            {
              "type": "object",
              "additionalProperties": {
                "type": "string"
              },
              "properties": {}
            },
            {
              "$ref": "https://schema.management.azure.com/schemas/common/definitions.json#/definitions/expression"
            }
          ],
          "description": "Resource tags"
        },
        "type": {
          "type": "string",
          "enum": [
            "Microsoft.VMwareVirtustream/privateClouds"
          ]
        }
      },
      "required": [
        "apiVersion",
        "name",
        "properties",
        "type"
      ],
      "description": "Microsoft.VMwareVirtustream/privateClouds"
    },
    "privateClouds_clusters": {
      "type": "object",
      "properties": {
        "apiVersion": {
          "type": "string",
          "enum": [
            "2019-08-09-preview"
          ]
        },
        "name": {
          "type": "string",
          "description": "Name of the cluster in the private cloud"
        },
        "properties": {
          "oneOf": [
            {
              "$ref": "#/definitions/ClusterProperties"
            },
            {
              "$ref": "https://schema.management.azure.com/schemas/common/definitions.json#/definitions/expression"
            }
          ],
          "description": "The properties of a cluster"
        },
        "type": {
          "type": "string",
          "enum": [
            "Microsoft.VMwareVirtustream/privateClouds/clusters"
          ]
        }
      },
      "required": [
        "apiVersion",
        "name",
        "properties",
        "type"
      ],
      "description": "Microsoft.VMwareVirtustream/privateClouds/clusters"
    }
  },
  "definitions": {
    "Circuit": {
      "type": "object",
      "properties": {
        "authorizations": {
          "oneOf": [
            {
              "type": "array",
              "items": {
                "$ref": "#/definitions/ExpressRouteAuthorization"
              }
            },
            {
              "$ref": "https://schema.management.azure.com/schemas/common/definitions.json#/definitions/expression"
            }
          ],
          "description": "Authorizations for the ExpressRoute (Microsoft Colo only)"
        }
      },
      "description": "An ExpressRoute Circuit"
    },
    "ClusterProperties": {
      "type": "object",
      "properties": {
        "clusterSize": {
          "oneOf": [
            {
              "type": "integer"
            },
            {
              "$ref": "https://schema.management.azure.com/schemas/common/definitions.json#/definitions/expression"
            }
          ],
          "description": "The cluster size"
        }
      },
      "description": "The properties of a cluster"
    },
    "DefaultClusterProperties": {
      "type": "object",
      "properties": {
        "clusterSize": {
          "oneOf": [
            {
              "type": "integer"
            },
            {
              "$ref": "https://schema.management.azure.com/schemas/common/definitions.json#/definitions/expression"
            }
          ],
          "description": "The cluster size"
        }
      },
      "description": "The properties of a default cluster"
    },
    "ExpressRouteAuthorization": {
      "type": "object",
      "properties": {
        "name": {
          "type": "string",
          "description": "The name of the ExpressRoute"
        }
      },
      "description": "Authorization for an ExpressRoute"
    },
    "IdentitySource": {
      "type": "object",
      "properties": {
        "alias": {
          "type": "string",
          "description": "The domain's NetBIOS name"
        },
        "baseGroupDN": {
          "type": "string",
          "description": "The base distinguished name for groups"
        },
        "baseUserDN": {
          "type": "string",
          "description": "The base distinguished name for users"
        },
        "domain": {
          "type": "string",
          "description": "The domain's dns name"
        },
        "name": {
          "type": "string",
          "description": "The name of the identity source"
        },
        "password": {
          "type": "string",
          "description": "The password of the Active Directory user with a minimum of read-only access to Base DN for users and groups."
        },
        "primaryServer": {
          "type": "string",
          "description": "Primary server URL"
        },
        "secondaryServer": {
          "type": "string",
          "description": "Secondary server URL"
        },
        "ssl": {
          "oneOf": [
            {
              "type": "string",
              "enum": [
                "Enabled",
                "Disabled"
              ]
            },
            {
              "$ref": "https://schema.management.azure.com/schemas/common/definitions.json#/definitions/expression"
            }
          ],
          "description": "Protect LDAP communication using SSL certificate (LDAPS)."
        },
        "username": {
          "type": "string",
          "description": "The ID of an Active Directory user with a minimum of read-only access to Base DN for users and group"
        }
      },
      "description": "vCenter Single Sign On Identity Source"
    },
    "PrivateCloudProperties": {
      "type": "object",
      "properties": {
        "circuit": {
          "oneOf": [
            {
              "$ref": "#/definitions/Circuit"
            },
            {
              "$ref": "https://schema.management.azure.com/schemas/common/definitions.json#/definitions/expression"
            }
          ],
          "description": "An ExpressRoute Circuit"
        },
        "cluster": {
          "oneOf": [
            {
              "$ref": "#/definitions/DefaultClusterProperties"
            },
            {
              "$ref": "https://schema.management.azure.com/schemas/common/definitions.json#/definitions/expression"
            }
          ],
          "description": "The properties of a default cluster"
        },
        "identitySources": {
          "oneOf": [
            {
              "type": "array",
              "items": {
                "$ref": "#/definitions/IdentitySource"
              }
            },
            {
              "$ref": "https://schema.management.azure.com/schemas/common/definitions.json#/definitions/expression"
            }
          ],
          "description": "vCenter Single Sign On Identity Sources"
        },
        "internet": {
          "oneOf": [
            {
              "type": "string",
              "enum": [
                "Enabled",
                "Disabled"
              ]
            },
            {
              "$ref": "https://schema.management.azure.com/schemas/common/definitions.json#/definitions/expression"
            }
          ],
          "description": "Connectivity to internet is enabled or disabled."
        },
        "networkBlock": {
          "type": "string",
          "description": "The block of addresses should be unique across VNet in your subscription as well as on-premise. Make sure the CIDR format is conformed to (A.B.C.D/X) where A,B,C,D are between 0 and 255, and X is between 0 and 22"
        },
        "nsxtPassword": {
          "type": "string",
          "description": "Optionally, set the NSX-T Manager password when the private cloud is created"
        },
        "vcenterPassword": {
          "type": "string",
          "description": "Optionally, set the vCenter admin password when the private cloud is created"
        }
      },
      "description": "The properties of a private cloud resource"
    },
    "privateClouds_clusters_childResource": {
      "type": "object",
      "properties": {
        "apiVersion": {
          "type": "string",
          "enum": [
            "2019-08-09-preview"
          ]
        },
        "name": {
          "type": "string",
          "description": "Name of the cluster in the private cloud"
        },
        "properties": {
          "oneOf": [
            {
              "$ref": "#/definitions/ClusterProperties"
            },
            {
              "$ref": "https://schema.management.azure.com/schemas/common/definitions.json#/definitions/expression"
            }
          ],
          "description": "The properties of a cluster"
        },
        "type": {
          "type": "string",
          "enum": [
            "clusters"
          ]
        }
      },
      "required": [
        "apiVersion",
        "name",
        "properties",
        "type"
      ],
      "description": "Microsoft.VMwareVirtustream/privateClouds/clusters"
    }
  }
}