{
  "id": "https://schema.management.azure.com/schemas/2018-04-01/Microsoft.Databricks.json#",
  "$schema": "http://json-schema.org/draft-04/schema#",
  "title": "Microsoft.Databricks",
  "description": "Microsoft Databricks Resource Types",
  "resourceDefinitions": {
    "workspaces": {
      "type": "object",
      "properties": {
        "apiVersion": {
          "type": "string",
          "enum": [
            "2018-04-01"
          ]
        },
        "location": {
          "type": "string",
          "description": "The geo-location where the resource lives"
        },
        "name": {
          "type": "string",
          "minLength": 3,
          "maxLength": 64,
          "description": "The name of the workspace."
        },
        "properties": {
          "oneOf": [
            {
              "$ref": "#/definitions/WorkspaceProperties"
            },
            {
              "$ref": "https://schema.management.azure.com/schemas/common/definitions.json#/definitions/expression"
            }
          ],
          "description": "The workspace properties."
        },
        "sku": {
          "oneOf": [
            {
              "$ref": "#/definitions/Sku"
            },
            {
              "$ref": "https://schema.management.azure.com/schemas/common/definitions.json#/definitions/expression"
            }
          ],
          "description": "SKU for the resource."
        },
        "tags": {
          "oneOf": [
            {
              "type": "object",
              "additionalProperties": {
                "type": "string"
              },
              "properties": {}
            },
            {
              "$ref": "https://schema.management.azure.com/schemas/common/definitions.json#/definitions/expression"
            }
          ],
          "description": "Resource tags."
        },
        "type": {
          "type": "string",
          "enum": [
            "Microsoft.Databricks/workspaces"
          ]
        }
      },
      "required": [
        "apiVersion",
        "location",
        "name",
        "properties",
        "type"
      ],
      "description": "Microsoft.Databricks/workspaces"
    }
  },
  "definitions": {
    "Sku": {
      "type": "object",
      "properties": {
        "name": {
          "type": "string",
          "description": "The SKU name."
        },
        "tier": {
          "type": "string",
          "description": "The SKU tier."
        }
      },
      "required": [
        "name"
      ],
      "description": "SKU for the resource."
    },
    "WorkspaceCustomBooleanParameter": {
      "type": "object",
      "properties": {
        "type": {
          "oneOf": [
            {
              "type": "string",
              "enum": [
                "Bool",
                "Object",
                "String"
              ]
            },
            {
              "$ref": "https://schema.management.azure.com/schemas/common/definitions.json#/definitions/expression"
            }
          ],
          "description": "The type of variable that this is."
        },
        "value": {
          "oneOf": [
            {
              "type": "boolean"
            },
            {
              "$ref": "https://schema.management.azure.com/schemas/common/definitions.json#/definitions/expression"
            }
          ],
          "description": "The value which should be used for this field."
        }
      },
      "required": [
        "value"
      ],
      "description": "The value which should be used for this field."
    },
    "WorkspaceCustomObjectParameter": {
      "type": "object",
      "properties": {
        "type": {
          "oneOf": [
            {
              "type": "string",
              "enum": [
                "Bool",
                "Object",
                "String"
              ]
            },
            {
              "$ref": "https://schema.management.azure.com/schemas/common/definitions.json#/definitions/expression"
            }
          ],
          "description": "The type of variable that this is."
        },
        "value": {
          "type": "object",
          "properties": {},
          "description": "The value which should be used for this field."
        }
      },
      "required": [
        "value"
      ],
      "description": "The value which should be used for this field."
    },
    "WorkspaceCustomParameters": {
      "type": "object",
      "properties": {
        "amlWorkspaceId": {
          "oneOf": [
            {
              "$ref": "#/definitions/WorkspaceCustomStringParameter"
            },
            {
              "$ref": "https://schema.management.azure.com/schemas/common/definitions.json#/definitions/expression"
            }
          ],
          "description": "The Value."
        },
        "customPrivateSubnetName": {
          "oneOf": [
            {
              "$ref": "#/definitions/WorkspaceCustomStringParameter"
            },
            {
              "$ref": "https://schema.management.azure.com/schemas/common/definitions.json#/definitions/expression"
            }
          ],
          "description": "The Value."
        },
        "customPublicSubnetName": {
          "oneOf": [
            {
              "$ref": "#/definitions/WorkspaceCustomStringParameter"
            },
            {
              "$ref": "https://schema.management.azure.com/schemas/common/definitions.json#/definitions/expression"
            }
          ],
          "description": "The Value."
        },
        "customVirtualNetworkId": {
          "oneOf": [
            {
              "$ref": "#/definitions/WorkspaceCustomStringParameter"
            },
            {
              "$ref": "https://schema.management.azure.com/schemas/common/definitions.json#/definitions/expression"
            }
          ],
          "description": "The Value."
        },
        "enableNoPublicIp": {
          "oneOf": [
            {
              "$ref": "#/definitions/WorkspaceCustomBooleanParameter"
            },
            {
              "$ref": "https://schema.management.azure.com/schemas/common/definitions.json#/definitions/expression"
            }
          ],
          "description": "The value which should be used for this field."
        },
        "loadBalancerBackendPoolName": {
          "oneOf": [
            {
              "$ref": "#/definitions/WorkspaceCustomStringParameter"
            },
            {
              "$ref": "https://schema.management.azure.com/schemas/common/definitions.json#/definitions/expression"
            }
          ],
          "description": "The Value."
        },
        "loadBalancerId": {
          "oneOf": [
            {
              "$ref": "#/definitions/WorkspaceCustomStringParameter"
            },
            {
              "$ref": "https://schema.management.azure.com/schemas/common/definitions.json#/definitions/expression"
            }
          ],
          "description": "The Value."
        },
        "relayNamespaceName": {
          "oneOf": [
            {
              "$ref": "#/definitions/WorkspaceCustomStringParameter"
            },
            {
              "$ref": "https://schema.management.azure.com/schemas/common/definitions.json#/definitions/expression"
            }
          ],
          "description": "The Value."
        },
        "resourceTags": {
          "oneOf": [
            {
              "$ref": "#/definitions/WorkspaceCustomObjectParameter"
            },
            {
              "$ref": "https://schema.management.azure.com/schemas/common/definitions.json#/definitions/expression"
            }
          ],
          "description": "The value which should be used for this field."
        },
        "storageAccountName": {
          "oneOf": [
            {
              "$ref": "#/definitions/WorkspaceCustomStringParameter"
            },
            {
              "$ref": "https://schema.management.azure.com/schemas/common/definitions.json#/definitions/expression"
            }
          ],
          "description": "The Value."
        },
        "storageAccountSkuName": {
          "oneOf": [
            {
              "$ref": "#/definitions/WorkspaceCustomStringParameter"
            },
            {
              "$ref": "https://schema.management.azure.com/schemas/common/definitions.json#/definitions/expression"
            }
          ],
          "description": "The Value."
        },
        "vnetAddressPrefix": {
          "oneOf": [
            {
              "$ref": "#/definitions/WorkspaceCustomStringParameter"
            },
            {
              "$ref": "https://schema.management.azure.com/schemas/common/definitions.json#/definitions/expression"
            }
          ],
          "description": "The Value."
        }
      },
      "description": "Custom Parameters used for Cluster Creation."
    },
    "WorkspaceCustomStringParameter": {
      "type": "object",
      "properties": {
        "type": {
          "oneOf": [
            {
              "type": "string",
              "enum": [
                "Bool",
                "Object",
                "String"
              ]
            },
            {
              "$ref": "https://schema.management.azure.com/schemas/common/definitions.json#/definitions/expression"
            }
          ],
          "description": "The type of variable that this is."
        },
        "value": {
          "type": "string",
          "description": "The value which should be used for this field."
        }
      },
      "required": [
        "value"
      ],
      "description": "The Value."
    },
    "WorkspaceProperties": {
      "type": "object",
      "properties": {
        "authorizations": {
          "oneOf": [
            {
              "type": "array",
              "items": {
                "$ref": "#/definitions/WorkspaceProviderAuthorization"
              }
            },
            {
              "$ref": "https://schema.management.azure.com/schemas/common/definitions.json#/definitions/expression"
            }
          ],
          "description": "The workspace provider authorizations."
        },
        "managedResourceGroupId": {
          "type": "string",
          "description": "The managed resource group Id."
        },
        "parameters": {
          "oneOf": [
            {
              "$ref": "#/definitions/WorkspaceCustomParameters"
            },
            {
              "$ref": "https://schema.management.azure.com/schemas/common/definitions.json#/definitions/expression"
            }
          ],
          "description": "Custom Parameters used for Cluster Creation."
        },
        "uiDefinitionUri": {
          "type": "string",
          "description": "The blob URI where the UI definition file is located."
        }
      },
      "required": [
        "managedResourceGroupId"
      ],
      "description": "The workspace properties."
    },
    "WorkspaceProviderAuthorization": {
      "type": "object",
      "properties": {
        "principalId": {
          "oneOf": [
            {
              "type": "string",
              "pattern": "^[0-9a-fA-F]{8}(-[0-9a-fA-F]{4}){3}-[0-9a-fA-F]{12}$"
            },
            {
              "$ref": "https://schema.management.azure.com/schemas/common/definitions.json#/definitions/expression"
            }
          ],
          "description": "The provider's principal identifier. This is the identity that the provider will use to call ARM to manage the workspace resources."
        },
        "roleDefinitionId": {
          "oneOf": [
            {
              "type": "string",
              "pattern": "^[0-9a-fA-F]{8}(-[0-9a-fA-F]{4}){3}-[0-9a-fA-F]{12}$"
            },
            {
              "$ref": "https://schema.management.azure.com/schemas/common/definitions.json#/definitions/expression"
            }
          ],
          "description": "The provider's role definition identifier. This role will define all the permissions that the provider must have on the workspace's container resource group. This role definition cannot have permission to delete the resource group."
        }
      },
      "required": [
        "principalId",
        "roleDefinitionId"
      ],
      "description": "The workspace provider authorization."
    }
  }
}