{
  "id": "https://schema.management.azure.com/schemas/2017-08-01-preview/Microsoft.Genomics.json#",
  "$schema": "http://json-schema.org/draft-04/schema#",
  "title": "Microsoft.Genomics",
  "description": "Microsoft Genomics service",
  "resourceDefinitions": {
    "accounts": {
      "type": "object",
      "properties": {
        "name": {
          "type": "string",
          "minLength": 3,
          "maxLength": 64
        },
        "type": {
          "type": "string",
          "enum": [
            "Microsoft.Genomics/accounts"
          ]
        },
        "apiVersion": {
          "type": "string",
          "enum": [
            "2017-08-01-preview"
          ]
        },
        "location": {
          "type": "string",
          "description": "Resource location."
        },
        "tags": {
          "oneOf": [
            {
              "type": "object",
              "additionalProperties": {
                "type": "string"
              }
            },
            {
              "$ref": "https://schema.management.azure.com/schemas/common/definitions.json#/definitions/expression"
            }
          ],
          "description": "Resource tags."
        },
        "etag": {
          "type": "string",
          "description": "A unique read-only string that changes whenever the resource is updated."
        },
        "properties": {
          "oneOf": [
            {
              "type": "object",
              "properties": {}
            },
            {
              "$ref": "https://schema.management.azure.com/schemas/common/definitions.json#/definitions/expression"
            }
          ],
          "description": "Must exist in the request. Must not be null."
        }
      },
      "required": [
        "name",
        "type",
        "apiVersion",
        "location",
        "properties"
      ],
      "description": "Microsoft.Genomics/accounts"
    }
  }
}