{
  "id": "https://schema.management.azure.com/schemas/2015-10-01/Microsoft.Media.json#",
  "$schema": "http://json-schema.org/draft-04/schema#",
  "title": "Microsoft.Media",
  "description": "Microsoft Media Service Resource Type",
  "resourceDefinitions": {
    "mediaServices": {
      "type": "object",
      "properties": {
        "type": {
          "enum": [
            "Microsoft.Media/mediaServices"
          ]
        },
        "apiVersion": {
          "enum": [
            "2015-10-01"
          ]
        },
        "name": {
          "oneOf": [
            {
              "type": "string",
              "pattern": "^[a-z0-9]{3,26}$"
            },
            {
              "$ref": "https://schema.management.azure.com/schemas/common/definitions.json#/definitions/expression"
            }
          ]
        },
        "properties": {
          "oneOf": [
            {
              "$ref": "#/definitions/storageAccounts"
            },
            {
              "$ref": "https://schema.management.azure.com/schemas/common/definitions.json#/definitions/expression"
            }
          ]
        }
      },
      "required": [
        "type",
        "apiVersion",
        "location"
      ],
      "description": "Microsoft.Media/mediaServices"
    }
  },
  "definitions" : {
    "storageAccounts": {
      "properties": {
        "storageAccounts": {
          "oneOf" : [
            {
              "type": "array",
              "items": {
                "$ref": "#/definitions/storageAccount"
              }  
            },
            {
              "$ref": "https://schema.management.azure.com/schemas/common/definitions.json#/definitions/expression" 
            }
          ]
        }
      },
      "type": "object"
    },
    "storageAccount": {
      "oneOf": [
        {
          "type": "object",
          "properties": {
            "id": {
              "type": "string"
            },
            "isPrimary": {
              "oneOf": [
                {
                  "type": "boolean"
                },
                {
                  "$ref": "https://schema.management.azure.com/schemas/common/definitions.json#/definitions/expression" 
                }
              ]
            }
            },
            "required": [
              "id",
              "isPrimary"
            ]
        },
        {
          "$ref": "https://schema.management.azure.com/schemas/common/definitions.json#/definitions/expression" 
        }
      ]
    }
  }
}
