{
  "id": "https://schema.management.azure.com/schemas/2018-09-01-preview/Microsoft.Attestation.json#",
  "$schema": "http://json-schema.org/draft-04/schema#",
  "title": "Microsoft.Attestation",
  "description": "Microsoft Attestation Resource Types",
  "resourceDefinitions": {
    "attestationProviders": {
      "type": "object",
      "properties": {
        "apiVersion": {
          "type": "string",
          "enum": [
            "2018-09-01-preview"
          ]
        },
        "location": {
          "type": "string",
          "description": "The supported Azure location where the attestation service instance should be created."
        },
        "name": {
          "type": "string",
          "description": "Name of the attestation service"
        },
        "properties": {
          "oneOf": [
            {
              "$ref": "#/definitions/AttestationServiceCreationSpecificParams"
            },
            {
              "$ref": "https://schema.management.azure.com/schemas/common/definitions.json#/definitions/expression"
            }
          ],
          "description": "Client supplied parameters used to create a new attestation service instance."
        },
        "tags": {
          "oneOf": [
            {
              "type": "object",
              "additionalProperties": {
                "type": "string"
              },
              "properties": {}
            },
            {
              "$ref": "https://schema.management.azure.com/schemas/common/definitions.json#/definitions/expression"
            }
          ],
          "description": "The tags that will be assigned to the attestation service instance."
        },
        "type": {
          "type": "string",
          "enum": [
            "Microsoft.Attestation/attestationProviders"
          ]
        }
      },
      "required": [
        "apiVersion",
        "location",
        "name",
        "properties",
        "type"
      ],
      "description": "Microsoft.Attestation/attestationProviders"
    }
  },
  "definitions": {
    "AttestationServiceCreationSpecificParams": {
      "type": "object",
      "properties": {
        "attestationPolicy": {
          "type": "string",
          "description": "Name of attestation policy."
        },
        "policySigningCertificates": {
          "oneOf": [
            {
              "$ref": "#/definitions/JSONWebKeySet"
            },
            {
              "$ref": "https://schema.management.azure.com/schemas/common/definitions.json#/definitions/expression"
            }
          ]
        }
      },
      "description": "Client supplied parameters used to create a new attestation service instance."
    },
    "JSONWebKey": {
      "type": "object",
      "properties": {
        "alg": {
          "type": "string",
          "description": "The \"alg\" (algorithm) parameter identifies the algorithm intended for\nuse with the key.  The values used should either be registered in the\nIANA \"JSON Web Signature and Encryption Algorithms\" registry\nestablished by [JWA] or be a value that contains a Collision-\nResistant Name."
        },
        "crv": {
          "type": "string",
          "description": "The \"crv\" (curve) parameter identifies the curve type"
        },
        "d": {
          "type": "string",
          "description": "RSA private exponent or ECC private key"
        },
        "dp": {
          "type": "string",
          "description": "RSA Private Key Parameter"
        },
        "dq": {
          "type": "string",
          "description": "RSA Private Key Parameter"
        },
        "e": {
          "type": "string",
          "description": "RSA public exponent, in Base64"
        },
        "k": {
          "type": "string",
          "description": "Symmetric key"
        },
        "kid": {
          "type": "string",
          "description": "The \"kid\" (key ID) parameter is used to match a specific key.  This\nis used, for instance, to choose among a set of keys within a JWK Set\nduring key rollover.  The structure of the \"kid\" value is\nunspecified.  When \"kid\" values are used within a JWK Set, different\nkeys within the JWK Set SHOULD use distinct \"kid\" values.  (One\nexample in which different keys might use the same \"kid\" value is if\nthey have different \"kty\" (key type) values but are considered to be\nequivalent alternatives by the application using them.)  The \"kid\"\nvalue is a case-sensitive string."
        },
        "kty": {
          "type": "string",
          "description": "The \"kty\" (key type) parameter identifies the cryptographic algorithm\nfamily used with the key, such as \"RSA\" or \"EC\". \"kty\" values should\neither be registered in the IANA \"JSON Web Key Types\" registry\nestablished by [JWA] or be a value that contains a Collision-\nResistant Name.  The \"kty\" value is a case-sensitive string."
        },
        "n": {
          "type": "string",
          "description": "RSA modulus, in Base64"
        },
        "p": {
          "type": "string",
          "description": "RSA secret prime"
        },
        "q": {
          "type": "string",
          "description": "RSA secret prime, with p < q"
        },
        "qi": {
          "type": "string",
          "description": "RSA Private Key Parameter"
        },
        "use": {
          "type": "string",
          "description": "Use (\"public key use\") identifies the intended use of\nthe public key. The \"use\" parameter is employed to indicate whether\na public key is used for encrypting data or verifying the signature\non data. Values are commonly \"sig\" (signature) or \"enc\" (encryption)."
        },
        "x": {
          "type": "string",
          "description": "X coordinate for the Elliptic Curve point"
        },
        "x5c": {
          "oneOf": [
            {
              "type": "array",
              "items": {
                "type": "string"
              }
            },
            {
              "$ref": "https://schema.management.azure.com/schemas/common/definitions.json#/definitions/expression"
            }
          ],
          "description": "The \"x5c\" (X.509 certificate chain) parameter contains a chain of one\nor more PKIX certificates [RFC5280].  The certificate chain is\nrepresented as a JSON array of certificate value strings.  Each\nstring in the array is a base64-encoded (Section 4 of [RFC4648] --\nnot base64url-encoded) DER [ITU.X690.1994] PKIX certificate value.\nThe PKIX certificate containing the key value MUST be the first\ncertificate."
        },
        "y": {
          "type": "string",
          "description": "Y coordinate for the Elliptic Curve point"
        }
      },
      "required": [
        "alg",
        "kid",
        "kty",
        "use"
      ]
    },
    "JSONWebKeySet": {
      "type": "object",
      "properties": {
        "keys": {
          "oneOf": [
            {
              "type": "array",
              "items": {
                "$ref": "#/definitions/JSONWebKey"
              }
            },
            {
              "$ref": "https://schema.management.azure.com/schemas/common/definitions.json#/definitions/expression"
            }
          ],
          "description": "The value of the \"keys\" parameter is an array of JWK values.  By\ndefault, the order of the JWK values within the array does not imply\nan order of preference among them, although applications of JWK Sets\ncan choose to assign a meaning to the order for their purposes, if\ndesired."
        }
      }
    }
  }
}