{
  "id": "https://schema.management.azure.com/schemas/2015-06-01/Microsoft.KeyVault.json#",
  "$schema": "http://json-schema.org/draft-04/schema#",
  "title": "Microsoft.KeyVault",
  "description": "Microsoft KeyVault Resource Types",
  "resourceDefinitions": {
    "secrets": {
      "type": "object",
      "properties": {
        "type": {
          "enum": [
            "Microsoft.KeyVault/vaults/secrets"
          ]
        },
        "apiVersion": {
          "enum": [
            "2014-12-19-preview",
            "2015-06-01"
          ]
        },
        "properties": {
          "type": "object",
          "properties": {
            "value": {
              "type": "string",
              "description": "Secret value"
            }
          },
          "required": [
            "value"
          ]
        }
      },
      "required": [
        "apiVersion",
        "properties",
        "type"
      ],
      "description": "Microsoft.KeyVault/vaults/secrets"
    },
    "secretsChild": {
      "type": "object",
      "properties": {
        "type": {
          "enum": [
            "secrets"
          ]
        },
        "apiVersion": {
          "enum": [
            "2014-12-19-preview",
            "2015-06-01"
          ]
        },
        "properties": {
          "type": "object",
          "properties": {
            "value": {
              "type": "string",
              "description": "Secret value"
            }
          },
          "required": [
            "value"
          ]
        }
      },
      "required": [
        "apiVersion",
        "properties",
        "type"
      ],
      "description": "Microsoft.KeyVault/vaults/secretsChild"
    },
    "vaults": {
      "type": "object",
      "properties": {
        "type": {
          "enum": [
            "Microsoft.KeyVault/vaults"
          ]
        },
        "apiVersion": {
          "enum": [
            "2014-12-19-preview",
            "2015-06-01"
          ]
        },
        "properties": {
          "type": "object",
          "properties": {
            "sku": {
              "oneOf": [
                { "$ref": "#/definitions/sku" },
                { "$ref": "https://schema.management.azure.com/schemas/common/definitions.json#/definitions/expression" }
              ],
              "description": "Microsoft.KeyVault/vaults: Sku"
            },
            "tenantId": {
              "oneOf": [
                {
                  "type": "string",
                  "pattern": "^[0-9a-fA-F]{8}(-[0-9a-fA-F]{4}){3}-[0-9a-fA-F]{12}$"
                },
                { "$ref": "https://schema.management.azure.com/schemas/common/definitions.json#/definitions/expression" }
              ],
              "description": "Microsoft.KeyVault/vaults: The tenant ID of the Azure Active Directory Tenant to use for authorization."
            },
            "accessPolicies": {
              "oneOf": [
                {
                  "type": "array",
                  "items": {
                    "$ref": "#/definitions/accessPolicy"
                  }
                },
                { "$ref": "https://schema.management.azure.com/schemas/common/definitions.json#/definitions/expression" }
              ],
              "description": "Microsoft.KeyVault/vaults: Access policies"
            },
            "enabledForDeployment": {
              "oneOf": [
                { "type": "boolean" },
                { "$ref": "https://schema.management.azure.com/schemas/common/definitions.json#/definitions/expression" }
              ],
              "description": "Microsoft.KeyVault/vaults: Enabled for deployment"
            }
          },
          "required": [
            "tenantId",
            "sku",
            "accessPolicies"
          ]
        },
        "resources": {
          "type": "array",
          "items": {
            "allOf": [
              { "$ref": "https://schema.management.azure.com/schemas/common/definitions.json#/definitions/resourceBase" },
              { "$ref": "#/resourceDefinitions/secretsChild" }
            ]
          },
          "description": "Microsoft.KeyVault/vaults: Child resources"
        }
      },
      "required": [
        "apiVersion",
        "properties",
        "type"
      ],
      "description": "Microsoft.KeyVault/vaults"
    }
  },
  "definitions": {
    "accessPolicy": {
      "type": "object",
      "properties": {
        "tenantId": {
          "oneOf": [
            { "$ref": "https://schema.management.azure.com/schemas/common/definitions.json#/definitions/expression" },
            {
              "type": "string",
              "pattern": "^[0-9a-fA-F]{8}(-[0-9a-fA-F]{4}){3}-[0-9a-fA-F]{12}$"
            }
          ],
          "description": "Microsoft.KeyVault/vaults: The tenant ID of the Azure Active Directory Tenant containing the objectId in this access policy."
        },
        "objectId": {
          "oneOf": [
            { "$ref": "https://schema.management.azure.com/schemas/common/definitions.json#/definitions/expression" },
            {
              "type": "string",
              "pattern": "^[0-9a-fA-F]{8}(-[0-9a-fA-F]{4}){3}-[0-9a-fA-F]{12}$"
            }
          ],
          "description": "Microsoft.KeyVault/vaults: The object ID of the Azure Active Directory object to apply this access policy to.  For example, the object ID of a Service Principal, or of a User Principal."
        },
        "permissions": {
          "$ref": "#/definitions/permissions"
        }
      },
      "required": [
        "tenantId",
        "objectId",
        "permissions"
      ]
    },
    "permissions": {
      "type": "object",
      "properties": {
        "keys": {
          "oneOf": [
            {
              "type": "array",
              "items": {
                "enum": [
                  "all",
                  "backup",
                  "create",
                  "decrypt",
                  "delete",
                  "encrypt",
                  "get",
                  "import",
                  "list",
                  "restore",
                  "sign",
                  "unwrapKey",
                  "update",
                  "verify",
                  "wrapKey"
                ]
              },
              "minItems": 1
            },
            {
              "$ref": "https://schema.management.azure.com/schemas/common/definitions.json#/definitions/expression"
            }
          ],
          "description": "Microsoft.KeyVault/vaults: The permissions granted on keys in this vault to this Active Directory object."
        },
        "secrets": {
          "oneOf": [
            {
              "type": "array",
              "items": {
                "enum": [
                  "all",
                  "delete",
                  "get",
                  "list",
                  "set"
                ]
              },
              "minItems": 1
            },
            {
              "$ref": "https://schema.management.azure.com/schemas/common/definitions.json#/definitions/expression"
            }
          ],
          "description": "Microsoft.KeyVault/vaults: The permissions granted on secrets in this vault to this Active Directory object."
        }
      },
      "anyOf": [
        {
          "required": [ "secrets" ]
        },
        {
          "required": [ "keys" ]
        }
      ],
      "description": "Microsoft.KeyVault/vaults: The permissions granted on this vault to this Active Directory object."
    },
    "sku": {
      "type": "object",
      "properties": {
        "name": {
          "oneOf": [
            {
              "enum": [
                "standard",
                "premium"
              ]
            },
            {
              "$ref": "https://schema.management.azure.com/schemas/common/definitions.json#/definitions/expression"
            }
          ],
          "description": "Microsoft.KeyVault/vaults: The service tier of KeyVault to use.  Standard supports secrets and software-protected keys.  Premium adds support for HSM-protected keys."
        },
        "family": {
          "oneOf": [
            {
              "enum": [
                "A"
              ]
            },
            {
              "$ref": "https://schema.management.azure.com/schemas/common/definitions.json#/definitions/expression"
            }
          ],
          "description": "Microsoft.KeyVault/vaults: The SKU family to use."
        }
      },
      "required": [
        "family",
        "name"
      ]
    }
  }
}
