{
    "id": "https://schema.management.azure.com/schemas/2019-05-15/Microsoft.Kusto.json#",
    "$schema": "http://json-schema.org/draft-04/schema#",
    "title": "Microsoft.Kusto",
    "description": "Microsoft Kusto Resource Types",
    "resourceDefinitions": {
        "clusters": {
            "type": "object",
            "properties": {
                "name": {
                    "type": "string",
                    "description": "The Cluster name"
                },
                "type": {
                    "enum": [
                        "Microsoft.Kusto/clusters"
                    ]
                },
                "apiVersion": {
                    "enum": [
                        "2019-05-15"
                    ]
                },
                "location": {
                    "type": "string",
                    "description": "Cluster's location"
                },
                "tags": {
                    "oneOf": [{
                            "type": "object",
                            "additionalProperties": {
                                "type": "string"
                            }
                        }, {
                            "$ref": "https://schema.management.azure.com/schemas/common/definitions.json#/definitions/expression"
                        }
                    ],
                    "description": "Cluster tags"
                },
                "sku": {
                    "oneOf": [{
                            "$ref": "#/definitions/Sku"
                        }, {
                            "$ref": "https://schema.management.azure.com/schemas/common/definitions.json#/definitions/expression"
                        }
                    ],
                    "description": "The SKU of the Kusto cluster."
                },
                "zones": {
                    "oneOf": [{
                            "$ref": "#/definitions/Zones"
                        }, {
                            "$ref": "https://schema.management.azure.com/schemas/common/definitions.json#/definitions/expression"
                        }
                    ],
                    "description": "The availability zones of the cluster."
                },
                "properties": {
                    "oneOf": [{
                            "$ref": "#/definitions/ClusterProperties"
                        }, {
                            "$ref": "https://schema.management.azure.com/schemas/common/definitions.json#/definitions/expression"
                        }
                    ],
                    "description": "Properties for a Kusto Cluster."
                },
                "resources": {
                    "type": "array",
                    "items": {
                        "oneOf": [{
                                "$ref": "#/resourceDefinitions/clusters_databases"
                            }
                        ]
                    }
                }
            },
            "required": [
                "name",
                "type",
                "apiVersion",
                "location",
                "sku"
            ],
            "description": "Microsoft.Kusto/clusters"
        },
        "clusters_databases": {
            "type": "object",
            "properties": {
                "name": {
                    "type": "string",
                    "description": "The Database name"
                },
                "type": {
                    "enum": [
                        "Microsoft.Kusto/clusters/databases"
                    ]
                },
                "apiVersion": {
                    "type": "string",
                    "enum": [
                        "2019-05-15"
                    ]
                },
                "properties": {
                    "oneOf": [{
                            "$ref": "#/definitions/DatabaseProperties"
                        }, {
                            "$ref": "https://schema.management.azure.com/schemas/common/definitions.json#/definitions/expression"
                        }
                    ],
                    "description": "Properties supplied to the Database Create Or Update Kusto operation."
                },
                "resources": {
                    "type": "array",
                    "items": {
                        "oneOf": [{
                                "$ref": "#/resourceDefinitions/clusters_databases_dataconnections"
                            }, {
                            "$ref": "https://schema.management.azure.com/schemas/common/definitions.json#/definitions/expression"
                        }
                        ]
                    }
                }
            },
            "required": [
                "name",
                "type",
                "apiVersion",
                "properties"
            ],
            "description": "Microsoft.Kusto/clusters/databases"
        },
        "clusters_databases_dataconnections": {
            "type": "object",
            "properties": {
                "name": {
                    "type": "string",
                    "description": "The data connection name"
                },
                "type": {
                    "enum": [
                        "Microsoft.Kusto/clusters/databases/dataconnections"
                    ]
                },
                "apiVersion": {
                    "type": "string",
                    "enum": [
                        "2019-05-15"
                    ]
                },
                "properties": {
                    "oneOf": [{
                            "$ref": "#/definitions/EventHubDataConnection"
                        }, {
                            "$ref": "#/definitions/EventGridDataConnection"
                        }, {
                            "$ref": "#/definitions/IotHubDataConnection"
                        }, {
                            "$ref": "https://schema.management.azure.com/schemas/common/definitions.json#/definitions/expression"
                        }
                    ],
                    "description": "Properties supplied to the Data Connection Create Or Update Kusto operation."
                }
            },
            "required": [
                "name",
                "type",
                "apiVersion",
                "properties"
            ],
            "description": "Microsoft.Kusto/clusters/databases"
        }
    },
    "definitions": {
        "Sku": {
            "oneOf": [{
                    "$ref": "#/definitions/AzureSku"
                }, {
                    "$ref": "https://schema.management.azure.com/schemas/common/definitions.json#/definitions/expression"
                }
            ]
        },
        "AzureSku": {
            "type": "object",
            "required": [
                "name",
                "tier"
            ],
            "properties": {
                "name": {
                    "description": "SKU name. Possible values include: 'D14_v2', 'D13_v2', 'L16', 'L8', 'Standard_DS13_v2+1TB_PS', 'Standard_DS13_v2+2TB_PS', 'Standard_DS14_v2+3TB_PS', 'Standard_DS14_v2+4TB_PS', 'Dev(No SLA)_Standard_D11_v2'",
                    "type": "string",
                    "enum": [
                        "D13_v2",
                        "D14_v2",
                        "L8",
                        "L16",
                        "Standard_DS13_v2+1TB_PS",
                        "Standard_DS13_v2+2TB_PS",
                        "Standard_DS14_v2+3TB_PS",
                        "Standard_DS14_v2+4TB_PS",
                        "Standard_D13_v2",
                        "Standard_D14_v2",
                        "Standard_L8s",
                        "Standard_L16s",
                        "Standard_D11_v2",
                        "Standard_D12_v2",
                        "Standard_L4s",
                        "Dev(No SLA)_Standard_D11_v2"
                    ],
                    "x-ms-enum": {
                        "name": "AzureSkuName",
                        "modelAsString": true
                    }
                },
                "capacity": {
                    "description": "SKU capacity.",
                    "type": "integer"
                },
                "tier": {
                    "description": "SKU tier",
                    "type": "string",
                    "enum": [
                        "Basic",
                        "Standard"
                    ],
                    "x-ms-enum": {
                        "name": "AzureSkuTier",
                        "modelAsString": true
                    }
                }
            }
        },
        "Zones": {
            "description": "An array represents the availability zones of the cluster.",
            "type": "array",
            "items": {
                "type": "string"
            }
        },
        "ClusterProperties": {
            "type": "object",
            "properties": {
                "trustedExternalTenants": {
                    "type": "array",
                    "items": {
                        "$ref": "#/definitions/TrustedExternalTenant"
                    },
                    "description": "The cluster's external tenants."
                },
                "optimizedAutoscale": {
                    "type": "object",
                    "description": "Optimized auto scale definition."
                },
                "enableDiskEncryption": {
                    "description": "A boolean value that indicates if the cluster's disks are encrypted.",
                    "type": "boolean"
                },
                "enableStreamingIngest": {
                    "description": "A boolean value that indicates if streaming ingest is enabled.",
                    "default": false,
                    "type": "boolean"
                },
                "virtualNetworkConfiguration": {
                    "type": "object",
                    "description": "Virtual network definition."
                }
            },
            "description": "Class representing the Kusto cluster properties."
        },
        "DatabaseProperties": {
            "type": "object",
            "properties": {
                "softDeletePeriod": {
                    "type": "string",
                    "description": "The time the data should be kept before it stops being accessible to queries in TimeSpan."
                },
                "hotCachePeriod": {
                    "type": "string",
                    "description": "The time the data should be kept in cache for fast queries in TimeSpan."
                }
            },
            "description": "Class representing the Kusto database properties."
        },
        "EventHubDataConnection": {
            "description": "Information about the event hub data connection",
            "required": [
                "kind",
                "properties"
            ],
            "type": "object",
            "properties": {
                "kind": {
                    "description": "Kind of the endpoint for the data connection",
                    "enum": [
                        "EventHub"
                    ],
                    "type": "string"
                },
                "properties": {
                        "oneOf": [{
                            "$ref": "#/definitions/EventHubDataConnectionProperties"
                        }, {
                            "$ref": "https://schema.management.azure.com/schemas/common/definitions.json#/definitions/expression"
                        }
                    ],
                    
                    "description": "Event hub data connection properties"
                }
            }
        },
        "EventHubDataConnectionProperties": {
            "description": "Class representing the Kusto event hub connection properties.",
            "required": [
                "eventHubResourceId",
                "consumerGroup"
            ],
            "type": "object",
            "properties": {
                "eventHubResourceId": {
                    "type": "string",
                    "description": "The resource ID of the event hub to be used to create a data connection."
                },
                "consumerGroup": {
                    "type": "string",
                    "description": "The event hub consumer group."
                },
                "tableName": {
                    "type": "string",
                    "description": "The table where the data should be ingested. Optionally the table information can be added to each message."
                },
                "mappingRuleName": {
                    "type": "string",
                    "description": "The mapping rule to be used to ingest the data. Optionally the mapping information can be added to each message."
                },
                "dataFormat": {
                    "oneOf": [{
                            "$ref": "#/definitions/DataFormat"
                        }, {
                            "$ref": "https://schema.management.azure.com/schemas/common/definitions.json#/definitions/expression"
                        }
                    ],
                    
                    "description": "The data format of the message. Optionally the data format can be added to each message."
                },
                "eventSystemProperties": {
                        "oneOf": [{
                            "$ref": "#/definitions/EventSystemProperties"
                        }, {
                            "$ref": "https://schema.management.azure.com/schemas/common/definitions.json#/definitions/expression"
                        }
                    ],
                    "description": "The event hub system properties."
                }
            }
        },
        "IotHubDataConnection": {
            "description": "Information about the Iot hub data connection",
            "required": [
                "kind",
                "properties"
            ],
            "type": "object",
            "properties": {
                "kind": {
                    "description": "Kind of the endpoint for the data connection",
                    "enum": [
                        "IotHub"
                    ],
                    "type": "string"
                },
                "properties": {
                    "oneOf": [{
                            "$ref": "#/definitions/IotHubDataConnectionProperties"
                        }, {
                            "$ref": "https://schema.management.azure.com/schemas/common/definitions.json#/definitions/expression"
                        }
                    ],
                    "description": "Iot hub data connection properties"
                }
            }
        },
        "IotHubDataConnectionProperties": {
            "description": "Class representing the Kusto Iot hub connection properties.",
            "required": [
                "iotHubResourceId",
                "consumerGroup",
                "sharedAccessPolicyName"
            ],
            "type": "object",
            "properties": {
                "IotHubResourceId": {
                    "type": "string",
                    "description": "The resource ID of the iot hub to be used to create a data connection."
                },
                "consumerGroup": {
                    "type": "string",
                    "description": "The iot hub consumer group."
                },
                "tableName": {
                    "type": "string",
                    "description": "The table where the data should be ingested. Optionally the table information can be added to each message."
                },
                "mappingRuleName": {
                    "type": "string",
                    "description": "The mapping rule to be used to ingest the data. Optionally the mapping information can be added to each message."
                },
                "dataFormat": {
                    "oneOf": [{
                            "$ref": "#/definitions/DataFormat"
                        }, {
                            "$ref": "https://schema.management.azure.com/schemas/common/definitions.json#/definitions/expression"
                        }
                    ],
                    "description": "The data format of the message. Optionally the data format can be added to each message."
                },
                "eventSystemProperties": {
                    "description": "The iot hub system properties.",
                    "oneOf": [{
                            "$ref": "#/definitions/EventSystemProperties"
                        }, {
                            "$ref": "https://schema.management.azure.com/schemas/common/definitions.json#/definitions/expression"
                        }
                    ]
                },
                "sharedAccessPolicyName": {
                    "type": "string",
                    "description": "The name of the shared access policy."
                }
            }
        },
        "EventGridDataConnection": {
            "description": "Information about the event grid data connection",
            "required": [
                "kind",
                "properties"
            ],
            "type": "object",
            "properties": {
                "kind": {
                    "description": "Kind of the endpoint for the data connection",
                    "enum": [
                        "EventGrid"
                    ],
                    "type": "string"
                },
                "properties": {
                    "oneOf": [{
                            "$ref": "#/definitions/EventGridDataConnectionProperties"
                        }, {
                            "$ref": "https://schema.management.azure.com/schemas/common/definitions.json#/definitions/expression"
                        }
                    ],
                    "description": "Event grid data connection properties"
                }
            }
        },
        "EventGridDataConnectionProperties": {
            "description": "Class representing the Kusto event grid connection properties.",
            "required": [
                "storageAccountResourceId",
                "eventHubResourceId",
                "consumerGroup",
                "tableName",
                "dataFormat"
            ],
            "type": "object",
            "properties": {
                "storageAccountResourceId": {
                    "type": "string",
                    "description": "The resource ID of the storage account where the data resides."
                },
                "eventHubResourceId": {
                    "type": "string",
                    "description": "The resource ID where the event grid is configured to send events."
                },
                "consumerGroup": {
                    "type": "string",
                    "description": "The event hub consumer group."
                },
                "tableName": {
                    "type": "string",
                    "description": "The table where the data should be ingested. Optionally the table information can be added to each message."
                },
                "mappingRuleName": {
                    "type": "string",
                    "description": "The mapping rule to be used to ingest the data. Optionally the mapping information can be added to each message."
                },
                "dataFormat": {
                    "oneOf": [{
                            "$ref": "#/definitions/DataFormat"
                        }, {
                            "$ref": "https://schema.management.azure.com/schemas/common/definitions.json#/definitions/expression"
                        }
                    ],
                    "description": "The data format of the message. Optionally the data format can be added to each message."
                }
            }
        },
        "DataFormat": {
            "description": "The data format of the message. Optionally the data format can be added to each message.",
            "type": "string",
            "enum": [
                "MULTIJSON",
                "JSON",
                "CSV",
                "TSV",
                "SCSV",
                "SOHSV",
                "PSV",
                "TXT",
                "RAW",
                "SINGLEJSON",
                "AVRO",
                "TSVE"
            ],
            "x-ms-enum": {
                "name": "dataFormat",
                "modelAsString": true
            }
        },
        "EventSystemProperties": {
            "description": "The resource system properties.",
            "type": "array",
            "items": {
                "type": "string"
            }
        },
        "TrustedExternalTenant": {
            "type": "object",
            "properties": {
                "value": {
                    "type": "string",
                    "description": "GUID representing an external tenant."
                }
            }
        },
        "OptimizedAutoscale": {
            "type": "object",
            "required": [
                "version",
                "isEnabled",
                "minimum",
                "maximum"
            ],
            "properties": {
                "version": {
                    "description": "The version of the template defined, for instance 1.",
                    "type": "integer"
                },
                "isEnabled": {
                    "description": "A boolean value that indicate if the optimized autoscale feature is enabled or not.",
                    "type": "boolean"
                },
                "minimum": {
                    "description": "Minimum allowed instances count.",
                    "type": "integer"
                },
                "maximum": {
                    "description": "Maximum allowed instances count.",
                    "type": "integer"
                }
            },
            "description": "A class that contains the optimized auto scale definition."
        },
        "VirtualNetworkConfiguration": {
            "type": "object",
            "required": [
                "subnetId",
                "enginePublicIpId",
                "dataManagementPublicIpId"
            ],
            "properties": {
                "subnetId": {
                    "description": "The subnet resource id.",
                    "type": "string"
                },
                "enginePublicIpId": {
                    "description": "Engine service's public IP address resource id.",
                    "type": "string"
                },
                "dataManagementPublicIpId": {
                    "description": "Data management's service public IP address resource id.",
                    "type": "string"
                }
            },
            "description": "A class that contains virtual network definition."
        }
    }
}
