{
  "id": "https://schema.management.azure.com/schemas/2018-06-01-preview/Microsoft.DevSpaces.json#",
  "$schema": "http://json-schema.org/draft-04/schema#",
  "title": "Microsoft.DevSpaces",
  "description": "Microsoft DevSpaces Resource Types",
  "resourceDefinitions": {
    "controllers": {
      "type": "object",
      "properties": {
        "name": {
          "oneOf": [
            {
              "type": "string",
              "pattern": "^[a-zA-Z0-9](-?[a-zA-Z0-9])*$"
            },
            {
              "$ref": "https://schema.management.azure.com/schemas/common/definitions.json#/definitions/expression"
            }
          ],
          "description": "Name of the resource."
        },
        "type": {
          "type": "string",
          "enum": [
            "Microsoft.DevSpaces/controllers"
          ]
        },
        "apiVersion": {
          "type": "string",
          "enum": [
            "2018-06-01-preview"
          ]
        },
        "tags": {
          "oneOf": [
            {
              "type": "object",
              "additionalProperties": {
                "type": "string"
              }
            },
            {
              "$ref": "https://schema.management.azure.com/schemas/common/definitions.json#/definitions/expression"
            }
          ],
          "description": "Tags for the Azure resource."
        },
        "location": {
          "type": "string",
          "description": "Region where the Azure resource is located."
        },
        "properties": {
          "oneOf": [
            {
              "$ref": "#/definitions/ControllerProperties"
            },
            {
              "$ref": "https://schema.management.azure.com/schemas/common/definitions.json#/definitions/expression"
            }
          ]
        },
        "sku": {
          "oneOf": [
            {
              "$ref": "#/definitions/Sku"
            },
            {
              "$ref": "https://schema.management.azure.com/schemas/common/definitions.json#/definitions/expression"
            }
          ],
          "description": "Model representing SKU for Azure Dev Spaces Controller."
        }
      },
      "required": [
        "name",
        "type",
        "apiVersion",
        "properties",
        "sku"
      ],
      "description": "Microsoft.DevSpaces/controllers"
    }
  },
  "definitions": {
    "ControllerProperties": {
      "type": "object",
      "properties": {
        "hostSuffix": {
          "type": "string",
          "description": "DNS suffix for public endpoints running in the Azure Dev Spaces Controller."
        },
        "targetContainerHostResourceId": {
          "type": "string",
          "description": "Resource ID of the target container host"
        },
        "targetContainerHostCredentialsBase64": {
          "type": "string",
          "description": "Credentials of the target container host (base64)."
        }
      },
      "required": [
        "hostSuffix",
        "targetContainerHostResourceId",
        "targetContainerHostCredentialsBase64"
      ]
    },
    "Sku": {
      "type": "object",
      "properties": {
        "name": {
          "oneOf": [
            {
              "type": "string",
              "enum": [
                "S1"
              ]
            },
            {
              "$ref": "https://schema.management.azure.com/schemas/common/definitions.json#/definitions/expression"
            }
          ],
          "description": "The name of the SKU for Azure Dev Spaces Controller."
        },
        "tier": {
          "oneOf": [
            {
              "type": "string",
              "enum": [
                "Standard"
              ]
            },
            {
              "$ref": "https://schema.management.azure.com/schemas/common/definitions.json#/definitions/expression"
            }
          ],
          "description": "The tier of the SKU for Azure Dev Spaces Controller."
        }
      },
      "required": [
        "name"
      ],
      "description": "Model representing SKU for Azure Dev Spaces Controller."
    }
  }
}
