{
  "id": "https://schema.management.azure.com/schemas/2019-11-01-preview/Microsoft.AppConfiguration.json#",
  "$schema": "http://json-schema.org/draft-04/schema#",
  "title": "Microsoft.AppConfiguration",
  "description": "Microsoft AppConfiguration Resource Types",
  "resourceDefinitions": {
    "configurationStores": {
      "type": "object",
      "properties": {
        "apiVersion": {
          "type": "string",
          "enum": [
            "2019-11-01-preview"
          ]
        },
        "identity": {
          "oneOf": [
            {
              "$ref": "#/definitions/ResourceIdentity"
            },
            {
              "$ref": "https://schema.management.azure.com/schemas/common/definitions.json#/definitions/expression"
            }
          ],
          "description": "An identity that can be associated with a resource."
        },
        "location": {
          "type": "string",
          "description": "The location of the resource. This cannot be changed after the resource is created."
        },
        "name": {
          "oneOf": [
            {
              "type": "string",
              "pattern": "^[a-zA-Z0-9_-]*$",
              "minLength": 5,
              "maxLength": 50
            },
            {
              "$ref": "https://schema.management.azure.com/schemas/common/definitions.json#/definitions/expression"
            }
          ],
          "description": "The name of the configuration store."
        },
        "properties": {
          "oneOf": [
            {
              "$ref": "#/definitions/ConfigurationStoreProperties"
            },
            {
              "$ref": "https://schema.management.azure.com/schemas/common/definitions.json#/definitions/expression"
            }
          ],
          "description": "The properties of a configuration store."
        },
        "resources": {
          "type": "array",
          "items": {
            "oneOf": [
              {
                "$ref": "#/definitions/configurationStores_privateEndpointConnections_childResource"
              }
            ]
          }
        },
        "sku": {
          "oneOf": [
            {
              "$ref": "#/definitions/Sku"
            },
            {
              "$ref": "https://schema.management.azure.com/schemas/common/definitions.json#/definitions/expression"
            }
          ],
          "description": "Describes a configuration store SKU."
        },
        "tags": {
          "oneOf": [
            {
              "type": "object",
              "additionalProperties": {
                "type": "string"
              },
              "properties": {}
            },
            {
              "$ref": "https://schema.management.azure.com/schemas/common/definitions.json#/definitions/expression"
            }
          ],
          "description": "The tags of the resource."
        },
        "type": {
          "type": "string",
          "enum": [
            "Microsoft.AppConfiguration/configurationStores"
          ]
        }
      },
      "required": [
        "apiVersion",
        "location",
        "name",
        "properties",
        "sku",
        "type"
      ],
      "description": "Microsoft.AppConfiguration/configurationStores"
    },
    "configurationStores_privateEndpointConnections": {
      "type": "object",
      "properties": {
        "apiVersion": {
          "type": "string",
          "enum": [
            "2019-11-01-preview"
          ]
        },
        "name": {
          "type": "string",
          "description": "Private endpoint connection name"
        },
        "properties": {
          "oneOf": [
            {
              "$ref": "#/definitions/PrivateEndpointConnectionProperties"
            },
            {
              "$ref": "https://schema.management.azure.com/schemas/common/definitions.json#/definitions/expression"
            }
          ],
          "description": "Properties of a private endpoint connection."
        },
        "type": {
          "type": "string",
          "enum": [
            "Microsoft.AppConfiguration/configurationStores/privateEndpointConnections"
          ]
        }
      },
      "required": [
        "apiVersion",
        "name",
        "properties",
        "type"
      ],
      "description": "Microsoft.AppConfiguration/configurationStores/privateEndpointConnections"
    }
  },
  "definitions": {
    "ConfigurationStoreProperties": {
      "type": "object",
      "properties": {
        "encryption": {
          "oneOf": [
            {
              "$ref": "#/definitions/EncryptionProperties"
            },
            {
              "$ref": "https://schema.management.azure.com/schemas/common/definitions.json#/definitions/expression"
            }
          ],
          "description": "The encryption settings for a configuration store."
        }
      },
      "description": "The properties of a configuration store."
    },
    "configurationStores_privateEndpointConnections_childResource": {
      "type": "object",
      "properties": {
        "apiVersion": {
          "type": "string",
          "enum": [
            "2019-11-01-preview"
          ]
        },
        "name": {
          "type": "string",
          "description": "Private endpoint connection name"
        },
        "properties": {
          "oneOf": [
            {
              "$ref": "#/definitions/PrivateEndpointConnectionProperties"
            },
            {
              "$ref": "https://schema.management.azure.com/schemas/common/definitions.json#/definitions/expression"
            }
          ],
          "description": "Properties of a private endpoint connection."
        },
        "type": {
          "type": "string",
          "enum": [
            "privateEndpointConnections"
          ]
        }
      },
      "required": [
        "apiVersion",
        "name",
        "properties",
        "type"
      ],
      "description": "Microsoft.AppConfiguration/configurationStores/privateEndpointConnections"
    },
    "EncryptionProperties": {
      "type": "object",
      "properties": {
        "keyVaultProperties": {
          "oneOf": [
            {
              "$ref": "#/definitions/KeyVaultProperties"
            },
            {
              "$ref": "https://schema.management.azure.com/schemas/common/definitions.json#/definitions/expression"
            }
          ],
          "description": "Settings concerning key vault encryption for a configuration store."
        }
      },
      "description": "The encryption settings for a configuration store."
    },
    "KeyVaultProperties": {
      "type": "object",
      "properties": {
        "identityClientId": {
          "type": "string",
          "description": "The client id of the identity which will be used to access key vault."
        },
        "keyIdentifier": {
          "type": "string",
          "description": "The URI of the key vault key used to encrypt data."
        }
      },
      "description": "Settings concerning key vault encryption for a configuration store."
    },
    "PrivateEndpoint": {
      "type": "object",
      "properties": {
        "id": {
          "type": "string",
          "description": "The resource Id for private endpoint"
        }
      },
      "description": "Private endpoint which a connection belongs to."
    },
    "PrivateEndpointConnectionProperties": {
      "type": "object",
      "properties": {
        "privateEndpoint": {
          "oneOf": [
            {
              "$ref": "#/definitions/PrivateEndpoint"
            },
            {
              "$ref": "https://schema.management.azure.com/schemas/common/definitions.json#/definitions/expression"
            }
          ],
          "description": "Private endpoint which a connection belongs to."
        },
        "privateLinkServiceConnectionState": {
          "oneOf": [
            {
              "$ref": "#/definitions/PrivateLinkServiceConnectionState"
            },
            {
              "$ref": "https://schema.management.azure.com/schemas/common/definitions.json#/definitions/expression"
            }
          ],
          "description": "The state of a private link service connection."
        }
      },
      "required": [
        "privateLinkServiceConnectionState"
      ],
      "description": "Properties of a private endpoint connection."
    },
    "PrivateLinkServiceConnectionState": {
      "type": "object",
      "properties": {
        "description": {
          "type": "string",
          "description": "The private link service connection description."
        },
        "status": {
          "oneOf": [
            {
              "type": "string",
              "enum": [
                "Pending",
                "Approved",
                "Rejected",
                "Disconnected"
              ]
            },
            {
              "$ref": "https://schema.management.azure.com/schemas/common/definitions.json#/definitions/expression"
            }
          ],
          "description": "The private link service connection status."
        }
      },
      "description": "The state of a private link service connection."
    },
    "ResourceIdentity": {
      "type": "object",
      "properties": {
        "type": {
          "oneOf": [
            {
              "type": "string",
              "enum": [
                "None",
                "SystemAssigned",
                "UserAssigned",
                "SystemAssigned, UserAssigned"
              ]
            },
            {
              "$ref": "https://schema.management.azure.com/schemas/common/definitions.json#/definitions/expression"
            }
          ],
          "description": "The type of managed identity used. The type 'SystemAssigned, UserAssigned' includes both an implicitly created identity and a set of user-assigned identities. The type 'None' will remove any identities."
        },
        "userAssignedIdentities": {
          "oneOf": [
            {
              "type": "object",
              "additionalProperties": {
                "$ref": "#/definitions/UserIdentity"
              },
              "properties": {}
            },
            {
              "$ref": "https://schema.management.azure.com/schemas/common/definitions.json#/definitions/expression"
            }
          ],
          "description": "The list of user-assigned identities associated with the resource. The user-assigned identity dictionary keys will be ARM resource ids in the form: '/subscriptions/{subscriptionId}/resourceGroups/{resourceGroupName}/providers/Microsoft.ManagedIdentity/userAssignedIdentities/{identityName}'."
        }
      },
      "description": "An identity that can be associated with a resource."
    },
    "Sku": {
      "type": "object",
      "properties": {
        "name": {
          "type": "string",
          "description": "The SKU name of the configuration store."
        }
      },
      "required": [
        "name"
      ],
      "description": "Describes a configuration store SKU."
    },
    "UserIdentity": {
      "type": "object",
      "properties": {},
      "description": "A resource identity that is managed by the user of the service."
    }
  }
}