{
  "id": "https://schema.management.azure.com/schemas/2015-08-01/Microsoft.CertificateRegistration.json#",
  "$schema": "http://json-schema.org/draft-04/schema#",
  "title": "Microsoft.CertificateRegistration",
  "description": "Microsoft CertificateRegistration Resource Types",
  "resourceDefinitions": {
    "certificateOrders": {
      "type": "object",
      "properties": {
        "type": {
          "type": "string",
          "enum": [
            "Microsoft.CertificateRegistration/certificateOrders"
          ]
        },
        "apiVersion": {
          "type": "string",
          "enum": [
            "2015-08-01"
          ]
        },
        "properties": {
          "oneOf": [
            {
              "$ref": "#/definitions/CertificateOrder_properties"
            },
            {
              "$ref": "https://schema.management.azure.com/schemas/common/definitions.json#/definitions/expression"
            }
          ]
        },
        "resources": {
          "type": "array",
          "items": {
            "oneOf": [
              {
                "$ref": "#/definitions/certificateOrders_certificates_childResource"
              }
            ]
          }
        }
      },
      "required": [
        "type",
        "apiVersion",
        "properties"
      ],
      "description": "Microsoft.CertificateRegistration/certificateOrders"
    },
    "certificateOrders_certificates": {
      "type": "object",
      "properties": {
        "type": {
          "type": "string",
          "enum": [
            "Microsoft.CertificateRegistration/certificateOrders/certificates"
          ]
        },
        "apiVersion": {
          "type": "string",
          "enum": [
            "2015-08-01"
          ]
        },
        "properties": {
          "oneOf": [
            {
              "$ref": "#/definitions/CertificateOrderCertificate_properties"
            },
            {
              "$ref": "https://schema.management.azure.com/schemas/common/definitions.json#/definitions/expression"
            }
          ]
        }
      },
      "required": [
        "type",
        "apiVersion",
        "properties"
      ],
      "description": "Microsoft.CertificateRegistration/certificateOrders/certificates"
    }
  },
  "definitions": {
    "CertificateDetails": {
      "type": "object",
      "properties": {
        "id": {
          "type": "string",
          "description": "Resource Id"
        },
        "name": {
          "type": "string",
          "description": "Resource Name"
        },
        "kind": {
          "type": "string",
          "description": "Kind of resource"
        },
        "location": {
          "type": "string",
          "description": "Resource Location"
        },
        "type": {
          "type": "string",
          "description": "Resource type"
        },
        "tags": {
          "oneOf": [
            {
              "type": "object",
              "additionalProperties": {
                "type": "string"
              }
            },
            {
              "$ref": "https://schema.management.azure.com/schemas/common/definitions.json#/definitions/expression"
            }
          ],
          "description": "Resource tags"
        },
        "properties": {
          "oneOf": [
            {
              "$ref": "#/definitions/CertificateDetails_properties"
            },
            {
              "$ref": "https://schema.management.azure.com/schemas/common/definitions.json#/definitions/expression"
            }
          ]
        }
      },
      "required": [
        "location"
      ],
      "description": "Certificate Details"
    },
    "CertificateDetails_properties": {
      "type": "object",
      "properties": {
        "version": {
          "oneOf": [
            {
              "type": "integer"
            },
            {
              "$ref": "https://schema.management.azure.com/schemas/common/definitions.json#/definitions/expression"
            }
          ],
          "description": "Version"
        },
        "serialNumber": {
          "type": "string",
          "description": "Serial Number"
        },
        "thumbprint": {
          "type": "string",
          "description": "Thumbprint"
        },
        "subject": {
          "type": "string",
          "description": "Subject"
        },
        "notBefore": {
          "type": "string",
          "format": "date-time",
          "description": "Valid from"
        },
        "notAfter": {
          "type": "string",
          "format": "date-time",
          "description": "Valid to"
        },
        "signatureAlgorithm": {
          "type": "string",
          "description": "Signature Algorithm"
        },
        "issuer": {
          "type": "string",
          "description": "Issuer"
        },
        "rawData": {
          "type": "string",
          "description": "Raw certificate data"
        }
      }
    },
    "CertificateOrder_properties": {
      "type": "object",
      "properties": {
        "certificates": {
          "oneOf": [
            {
              "type": "object",
              "additionalProperties": {
                "$ref": "#/definitions/CertificateOrderCertificate"
              }
            },
            {
              "$ref": "https://schema.management.azure.com/schemas/common/definitions.json#/definitions/expression"
            }
          ],
          "description": "State of the Key Vault secret"
        },
        "distinguishedName": {
          "type": "string",
          "description": "Certificate distinguished name"
        },
        "domainVerificationToken": {
          "type": "string",
          "description": "Domain Verification Token"
        },
        "validityInYears": {
          "oneOf": [
            {
              "type": "integer"
            },
            {
              "$ref": "https://schema.management.azure.com/schemas/common/definitions.json#/definitions/expression"
            }
          ],
          "description": "Duration in years (must be between 1 and 3)"
        },
        "keySize": {
          "oneOf": [
            {
              "type": "integer"
            },
            {
              "$ref": "https://schema.management.azure.com/schemas/common/definitions.json#/definitions/expression"
            }
          ],
          "description": "Certificate Key Size"
        },
        "productType": {
          "oneOf": [
            {
              "type": "string",
              "enum": [
                "StandardDomainValidatedSsl",
                "StandardDomainValidatedWildCardSsl"
              ]
            },
            {
              "$ref": "https://schema.management.azure.com/schemas/common/definitions.json#/definitions/expression"
            }
          ],
          "description": "Certificate product type."
        },
        "autoRenew": {
          "oneOf": [
            {
              "type": "boolean"
            },
            {
              "$ref": "https://schema.management.azure.com/schemas/common/definitions.json#/definitions/expression"
            }
          ],
          "description": "Auto renew"
        },
        "provisioningState": {
          "oneOf": [
            {
              "type": "string",
              "enum": [
                "Succeeded",
                "Failed",
                "Canceled",
                "InProgress",
                "Deleting"
              ]
            },
            {
              "$ref": "https://schema.management.azure.com/schemas/common/definitions.json#/definitions/expression"
            }
          ],
          "description": "Status of certificate order."
        },
        "status": {
          "oneOf": [
            {
              "type": "string",
              "enum": [
                "Pendingissuance",
                "Issued",
                "Revoked",
                "Canceled",
                "Denied",
                "Pendingrevocation",
                "PendingRekey",
                "Unused",
                "Expired",
                "NotSubmitted"
              ]
            },
            {
              "$ref": "https://schema.management.azure.com/schemas/common/definitions.json#/definitions/expression"
            }
          ],
          "description": "Current order status."
        },
        "signedCertificate": {
          "oneOf": [
            {
              "$ref": "#/definitions/CertificateDetails"
            },
            {
              "$ref": "https://schema.management.azure.com/schemas/common/definitions.json#/definitions/expression"
            }
          ],
          "description": "Signed certificate"
        },
        "csr": {
          "type": "string",
          "description": "Last CSR that was created for this order"
        },
        "intermediate": {
          "oneOf": [
            {
              "$ref": "#/definitions/CertificateDetails"
            },
            {
              "$ref": "https://schema.management.azure.com/schemas/common/definitions.json#/definitions/expression"
            }
          ],
          "description": "Intermediate certificate"
        },
        "root": {
          "oneOf": [
            {
              "$ref": "#/definitions/CertificateDetails"
            },
            {
              "$ref": "https://schema.management.azure.com/schemas/common/definitions.json#/definitions/expression"
            }
          ],
          "description": "Root certificate"
        },
        "serialNumber": {
          "type": "string",
          "description": "Current serial number of the certificate"
        },
        "lastCertificateIssuanceTime": {
          "type": "string",
          "format": "date-time",
          "description": "Certificate last issuance time"
        },
        "expirationTime": {
          "type": "string",
          "format": "date-time",
          "description": "Certificate expiration time"
        }
      }
    },
    "CertificateOrderCertificate": {
      "type": "object",
      "properties": {
        "id": {
          "type": "string",
          "description": "Resource Id"
        },
        "name": {
          "type": "string",
          "description": "Resource Name"
        },
        "kind": {
          "type": "string",
          "description": "Kind of resource"
        },
        "location": {
          "type": "string",
          "description": "Resource Location"
        },
        "type": {
          "type": "string",
          "description": "Resource type"
        },
        "tags": {
          "oneOf": [
            {
              "type": "object",
              "additionalProperties": {
                "type": "string"
              }
            },
            {
              "$ref": "https://schema.management.azure.com/schemas/common/definitions.json#/definitions/expression"
            }
          ],
          "description": "Resource tags"
        },
        "properties": {
          "oneOf": [
            {
              "$ref": "#/definitions/CertificateOrderCertificate_properties"
            },
            {
              "$ref": "https://schema.management.azure.com/schemas/common/definitions.json#/definitions/expression"
            }
          ]
        }
      },
      "required": [
        "location"
      ],
      "description": "Class representing the Key Vault container for certificate purchased through Azure"
    },
    "CertificateOrderCertificate_properties": {
      "type": "object",
      "properties": {
        "keyVaultId": {
          "type": "string",
          "description": "Key Vault Csm resource Id"
        },
        "keyVaultSecretName": {
          "type": "string",
          "description": "Key Vault secret name"
        },
        "provisioningState": {
          "oneOf": [
            {
              "type": "string",
              "enum": [
                "Initialized",
                "WaitingOnCertificateOrder",
                "Succeeded",
                "CertificateOrderFailed",
                "OperationNotPermittedOnKeyVault",
                "AzureServiceUnauthorizedToAccessKeyVault",
                "KeyVaultDoesNotExist",
                "KeyVaultSecretDoesNotExist",
                "UnknownError",
                "Unknown"
              ]
            },
            {
              "$ref": "https://schema.management.azure.com/schemas/common/definitions.json#/definitions/expression"
            }
          ],
          "description": "Status of the Key Vault secret."
        }
      }
    },
    "certificateOrders_certificates_childResource": {
      "type": "object",
      "properties": {
        "type": {
          "type": "string",
          "enum": [
            "certificates"
          ]
        },
        "apiVersion": {
          "type": "string",
          "enum": [
            "2015-08-01"
          ]
        },
        "properties": {
          "oneOf": [
            {
              "$ref": "#/definitions/CertificateOrderCertificate_properties"
            },
            {
              "$ref": "https://schema.management.azure.com/schemas/common/definitions.json#/definitions/expression"
            }
          ]
        }
      },
      "required": [
        "type",
        "apiVersion",
        "properties"
      ],
      "description": "Microsoft.CertificateRegistration/certificateOrders/certificates"
    }
  }
}