{
  "id": "https://schema.management.azure.com/schemas/2019-12-12/Microsoft.HybridCompute.json#",
  "$schema": "http://json-schema.org/draft-04/schema#",
  "title": "Microsoft.HybridCompute",
  "description": "Microsoft HybridCompute Resource Types",
  "resourceDefinitions": {
    "machines": {
      "type": "object",
      "properties": {
        "apiVersion": {
          "type": "string",
          "enum": [
            "2019-12-12"
          ]
        },
        "identity": {
          "oneOf": [
            {
              "$ref": "#/definitions/MachineIdentity"
            },
            {
              "$ref": "https://schema.management.azure.com/schemas/common/definitions.json#/definitions/expression"
            }
          ]
        },
        "location": {
          "type": "string",
          "description": "The geo-location where the resource lives"
        },
        "name": {
          "type": "string",
          "description": "The name of the hybrid machine."
        },
        "properties": {
          "oneOf": [
            {
              "$ref": "#/definitions/MachinePropertiesModel"
            },
            {
              "$ref": "https://schema.management.azure.com/schemas/common/definitions.json#/definitions/expression"
            }
          ],
          "description": "Hybrid Compute Machine properties"
        },
        "resources": {
          "type": "array",
          "items": {
            "oneOf": [
              {
                "$ref": "#/definitions/machines_extensions_childResource"
              }
            ]
          }
        },
        "tags": {
          "oneOf": [
            {
              "type": "object",
              "additionalProperties": {
                "type": "string"
              },
              "properties": {}
            },
            {
              "$ref": "https://schema.management.azure.com/schemas/common/definitions.json#/definitions/expression"
            }
          ],
          "description": "Resource tags."
        },
        "type": {
          "type": "string",
          "enum": [
            "Microsoft.HybridCompute/machines"
          ]
        }
      },
      "required": [
        "apiVersion",
        "location",
        "name",
        "properties",
        "type"
      ],
      "description": "Microsoft.HybridCompute/machines"
    },
    "machines_extensions": {
      "type": "object",
      "properties": {
        "apiVersion": {
          "type": "string",
          "enum": [
            "2019-12-12"
          ]
        },
        "location": {
          "type": "string",
          "description": "The geo-location where the resource lives"
        },
        "name": {
          "type": "string",
          "description": "The name of the machine extension."
        },
        "properties": {
          "oneOf": [
            {
              "$ref": "#/definitions/MachineExtensionProperties"
            },
            {
              "$ref": "https://schema.management.azure.com/schemas/common/definitions.json#/definitions/expression"
            }
          ],
          "description": "Describes Machine Extension Properties."
        },
        "tags": {
          "oneOf": [
            {
              "type": "object",
              "additionalProperties": {
                "type": "string"
              },
              "properties": {}
            },
            {
              "$ref": "https://schema.management.azure.com/schemas/common/definitions.json#/definitions/expression"
            }
          ],
          "description": "Resource tags."
        },
        "type": {
          "type": "string",
          "enum": [
            "Microsoft.HybridCompute/machines/extensions"
          ]
        }
      },
      "required": [
        "apiVersion",
        "location",
        "name",
        "properties",
        "type"
      ],
      "description": "Microsoft.HybridCompute/machines/extensions"
    }
  },
  "definitions": {
    "LocationData": {
      "type": "object",
      "properties": {
        "city": {
          "type": "string",
          "description": "The city or locality where the resource is located."
        },
        "countryOrRegion": {
          "type": "string",
          "description": "The country or region where the resource is located"
        },
        "district": {
          "type": "string",
          "description": "The district, state, or province where the resource is located."
        },
        "name": {
          "type": "string",
          "maxLength": 256,
          "description": "A canonical name for the geographic or physical location."
        }
      },
      "required": [
        "name"
      ],
      "description": "Metadata pertaining to the geographic location of the resource."
    },
    "MachineExtensionInstanceView": {
      "type": "object",
      "properties": {
        "name": {
          "type": "string",
          "description": "The machine extension name."
        },
        "status": {
          "oneOf": [
            {
              "$ref": "#/definitions/MachineExtensionInstanceViewStatus"
            },
            {
              "$ref": "https://schema.management.azure.com/schemas/common/definitions.json#/definitions/expression"
            }
          ],
          "description": "Instance view status."
        },
        "type": {
          "type": "string",
          "description": "Specifies the type of the extension; an example is \"CustomScriptExtension\"."
        },
        "typeHandlerVersion": {
          "type": "string",
          "description": "Specifies the version of the script handler."
        }
      },
      "description": "Describes the Machine Extension Instance View."
    },
    "MachineExtensionInstanceViewStatus": {
      "type": "object",
      "properties": {
        "code": {
          "type": "string",
          "description": "The status code."
        },
        "displayStatus": {
          "type": "string",
          "description": "The short localizable label for the status."
        },
        "level": {
          "oneOf": [
            {
              "type": "string",
              "enum": [
                "Info",
                "Warning",
                "Error"
              ]
            },
            {
              "$ref": "https://schema.management.azure.com/schemas/common/definitions.json#/definitions/expression"
            }
          ],
          "description": "The level code."
        },
        "message": {
          "type": "string",
          "description": "The detailed status message, including for alerts and error messages."
        },
        "time": {
          "type": "string",
          "format": "date-time",
          "description": "The time of the status."
        }
      },
      "description": "Instance view status."
    },
    "MachineExtensionProperties": {
      "type": "object",
      "properties": {
        "autoUpgradeMinorVersion": {
          "oneOf": [
            {
              "type": "boolean"
            },
            {
              "$ref": "https://schema.management.azure.com/schemas/common/definitions.json#/definitions/expression"
            }
          ],
          "description": "Indicates whether the extension should use a newer minor version if one is available at deployment time. Once deployed, however, the extension will not upgrade minor versions unless redeployed, even with this property set to true."
        },
        "forceUpdateTag": {
          "type": "string",
          "description": "How the extension handler should be forced to update even if the extension configuration has not changed."
        },
        "instanceView": {
          "oneOf": [
            {
              "$ref": "#/definitions/MachineExtensionPropertiesInstanceView"
            },
            {
              "$ref": "https://schema.management.azure.com/schemas/common/definitions.json#/definitions/expression"
            }
          ],
          "description": "The machine extension instance view."
        },
        "protectedSettings": {
          "type": "object",
          "properties": {},
          "description": "The extension can contain either protectedSettings or protectedSettingsFromKeyVault or no protected settings at all."
        },
        "publisher": {
          "type": "string",
          "description": "The name of the extension handler publisher."
        },
        "settings": {
          "type": "object",
          "properties": {},
          "description": "Json formatted public settings for the extension."
        },
        "type": {
          "type": "string",
          "description": "Specifies the type of the extension; an example is \"CustomScriptExtension\"."
        },
        "typeHandlerVersion": {
          "type": "string",
          "description": "Specifies the version of the script handler."
        }
      },
      "description": "Describes Machine Extension Properties."
    },
    "MachineExtensionPropertiesInstanceView": {
      "type": "object",
      "properties": {
        "name": {
          "type": "string",
          "description": "The machine extension name."
        },
        "status": {
          "oneOf": [
            {
              "$ref": "#/definitions/MachineExtensionInstanceViewStatus"
            },
            {
              "$ref": "https://schema.management.azure.com/schemas/common/definitions.json#/definitions/expression"
            }
          ],
          "description": "Instance view status."
        },
        "type": {
          "type": "string",
          "description": "Specifies the type of the extension; an example is \"CustomScriptExtension\"."
        },
        "typeHandlerVersion": {
          "type": "string",
          "description": "Specifies the version of the script handler."
        }
      },
      "description": "The machine extension instance view."
    },
    "MachineIdentity": {
      "type": "object",
      "properties": {
        "type": {
          "oneOf": [
            {
              "type": "string",
              "enum": [
                "SystemAssigned"
              ]
            },
            {
              "$ref": "https://schema.management.azure.com/schemas/common/definitions.json#/definitions/expression"
            }
          ],
          "description": "The identity type."
        }
      }
    },
    "MachinePropertiesModel": {
      "type": "object",
      "properties": {
        "clientPublicKey": {
          "type": "string",
          "description": "Public Key that the client provides to be used during initial resource onboarding"
        },
        "extensions": {
          "oneOf": [
            {
              "type": "array",
              "items": {
                "$ref": "#/definitions/MachineExtensionInstanceView"
              }
            },
            {
              "$ref": "https://schema.management.azure.com/schemas/common/definitions.json#/definitions/expression"
            }
          ],
          "description": "Machine Extensions information"
        },
        "locationData": {
          "oneOf": [
            {
              "$ref": "#/definitions/LocationData"
            },
            {
              "$ref": "https://schema.management.azure.com/schemas/common/definitions.json#/definitions/expression"
            }
          ],
          "description": "Metadata pertaining to the geographic location of the resource."
        },
        "osProfile": {
          "oneOf": [
            {
              "$ref": "#/definitions/MachinePropertiesOsProfile"
            },
            {
              "$ref": "https://schema.management.azure.com/schemas/common/definitions.json#/definitions/expression"
            }
          ],
          "description": "Specifies the operating system settings for the hybrid machine."
        },
        "vmId": {
          "type": "string",
          "description": "Specifies the hybrid machine unique ID."
        }
      },
      "description": "Hybrid Compute Machine properties"
    },
    "MachinePropertiesOsProfile": {
      "type": "object",
      "properties": {},
      "description": "Specifies the operating system settings for the hybrid machine."
    },
    "machines_extensions_childResource": {
      "type": "object",
      "properties": {
        "apiVersion": {
          "type": "string",
          "enum": [
            "2019-12-12"
          ]
        },
        "location": {
          "type": "string",
          "description": "The geo-location where the resource lives"
        },
        "name": {
          "type": "string",
          "description": "The name of the machine extension."
        },
        "properties": {
          "oneOf": [
            {
              "$ref": "#/definitions/MachineExtensionProperties"
            },
            {
              "$ref": "https://schema.management.azure.com/schemas/common/definitions.json#/definitions/expression"
            }
          ],
          "description": "Describes Machine Extension Properties."
        },
        "tags": {
          "oneOf": [
            {
              "type": "object",
              "additionalProperties": {
                "type": "string"
              },
              "properties": {}
            },
            {
              "$ref": "https://schema.management.azure.com/schemas/common/definitions.json#/definitions/expression"
            }
          ],
          "description": "Resource tags."
        },
        "type": {
          "type": "string",
          "enum": [
            "extensions"
          ]
        }
      },
      "required": [
        "apiVersion",
        "location",
        "name",
        "properties",
        "type"
      ],
      "description": "Microsoft.HybridCompute/machines/extensions"
    }
  }
}