{
  "id": "https://schema.management.azure.com/schemas/2019-09-16/Microsoft.HealthcareApis.json#",
  "$schema": "http://json-schema.org/draft-04/schema#",
  "title": "Microsoft.HealthcareApis",
  "description": "Microsoft HealthcareApis Resource Types",
  "resourceDefinitions": {
    "services": {
      "type": "object",
      "properties": {
        "name": {
          "type": "string",
          "minLength": 3,
          "maxLength": 24,
          "description": "The name of the service instance."
        },
        "type": {
          "type": "string",
          "enum": [
            "Microsoft.HealthcareApis/services"
          ]
        },
        "apiVersion": {
          "type": "string",
          "enum": [
            "2019-09-16"
          ]
        },
        "kind": {
          "oneOf": [
            {
              "type": "string",
              "enum": [
                "fhir",
                "fhir-Stu3",
                "fhir-R4"
              ]
            },
            {
              "$ref": "https://schema.management.azure.com/schemas/common/definitions.json#/definitions/expression"
            }
          ],
          "description": "The kind of the service. Valid values are: fhir, fhir-Stu3 and fhir-R4."
        },
        "location": {
          "type": "string",
          "description": "The resource location."
        },
        "tags": {
          "oneOf": [
            {
              "type": "object",
              "additionalProperties": {
                "type": "string"
              }
            },
            {
              "$ref": "https://schema.management.azure.com/schemas/common/definitions.json#/definitions/expression"
            }
          ],
          "description": "The resource tags."
        },
        "etag": {
          "type": "string",
          "description": "An etag associated with the resource, used for optimistic concurrency when editing it."
        },
        "identity": {
          "oneOf": [
            {
              "$ref": "#/definitions/Identity"
            },
            {
              "$ref": "https://schema.management.azure.com/schemas/common/definitions.json#/definitions/expression"
            }
          ],
          "description": "Setting indicating whether the service has a managed identity associated with it."
        },
        "properties": {
          "oneOf": [
            {
              "$ref": "#/definitions/ServicesProperties"
            },
            {
              "$ref": "https://schema.management.azure.com/schemas/common/definitions.json#/definitions/expression"
            }
          ],
          "description": "The common properties of a service."
        }
      },
      "required": [
        "name",
        "type",
        "apiVersion",
        "kind",
        "location",
        "properties",
        "identity"
      ],
      "description": "Microsoft.HealthcareApis/services"
    }
  },
  "definitions": {
    "ServiceAccessPolicyEntry": {
      "type": "object",
      "properties": {
        "objectId": {
          "oneOf": [
            {
              "type": "string",
              "pattern": "^(([0-9A-Fa-f]{8}[-]?(?:[0-9A-Fa-f]{4}[-]?){3}[0-9A-Fa-f]{12}){1})+$"
            },
            {
              "$ref": "https://schema.management.azure.com/schemas/common/definitions.json#/definitions/expression"
            }
          ],
          "description": "An Azure AD object ID (User or Apps) that is allowed access to the FHIR service."
        }
      },
      "required": [
        "objectId"
      ],
      "description": "An access policy entry."
    },
    "ServiceCosmosDbConfigurationInfo": {
      "type": "object",
      "properties": {
        "offerThroughput": {
          "oneOf": [
            {
              "type": "integer"
            },
            {
              "$ref": "https://schema.management.azure.com/schemas/common/definitions.json#/definitions/expression"
            }
          ],
          "minimum": 400,
          "maximum": 10000,
          "description": "The provisioned throughput for the backing database."
        }
      },
      "description": "The settings for the Cosmos DB database backing the service."
    },
    "ServiceAuthenticationConfigurationInfo": {
      "type": "object",
      "properties": {
        "authority": {
          "oneOf": [
            {
              "type": "string",
              "description": "The authority url for the service"
            },
            {
              "$ref": "https://schema.management.azure.com/schemas/common/definitions.json#/definitions/expression"
            }
          ],
          "readOnly": false
        },
        "audience": {
          "oneOf": [
            {
              "type": "string",
              "description": "The audience url for the service"
            },
            {
              "$ref": "https://schema.management.azure.com/schemas/common/definitions.json#/definitions/expression"
            }
          ],
          "readOnly": false
        },
        "smartProxyEnabled": {
          "oneOf": [
            {
              "type": "boolean",
              "description": "If the SMART on FHIR proxy is enabled"
            },
            {
              "$ref": "https://schema.management.azure.com/schemas/common/definitions.json#/definitions/expression"
            }
          ],
          "readOnly": false
        }
      },
      "description": "Authentication configuration information"
    },
    "ServiceCorsConfigurationInfo": {
      "type": "object",
      "properties": {
        "origins": {
          "readOnly": false,
          "oneOf": [
            {
              "type": "array",
              "description": "The origins to be allowed via CORS.",
              "items": {
                "anyOf": [
                  {
                    "type": "string",
                    "description": "An origin for CORS.",
                    "pattern": "^(?:(?:(?:[hH][tT][tT][pP](?:[sS]|))\\:\\/\\/(?:[a-zA-Z0-9-]+[.]?)+(?:\\:[0-9]{1,5})?|[*]))$"
                  },
                  {
                    "$ref": "https://schema.management.azure.com/schemas/common/definitions.json#/definitions/expression"
                  }
                ]
              }
            },
            {
              "$ref": "https://schema.management.azure.com/schemas/common/definitions.json#/definitions/expression"
            }
          ]
        },
        "headers": {
          "readOnly": false,
          "oneOf": [
            {
              "type": "array",
              "description": "The headers to be allowed via CORS.",
              "items": {
                "anyOf": [
                  {
                    "type": "string",
                    "description": "A header for CORS."
                  },
                  {
                    "$ref": "https://schema.management.azure.com/schemas/common/definitions.json#/definitions/expression"
                  }
                ]
              }
            },
            {
              "$ref": "https://schema.management.azure.com/schemas/common/definitions.json#/definitions/expression"
            }
          ]
        },
        "methods": {
          "readOnly": false,
          "oneOf": [
            {
              "type": "array",
              "description": "The methods to be allowed via CORS.",
              "items": {
                "anyOf": [
                  {
                    "type": "string",
                    "description": "A method for CORS.",
                    "enum": [
                      "DELETE",
                      "GET",
                      "OPTIONS",
                      "PATCH",
                      "POST",
                      "PUT"
                    ]
                  },
                  {
                    "$ref": "https://schema.management.azure.com/schemas/common/definitions.json#/definitions/expression"
                  }
                ]
              }
            },
            {
              "$ref": "https://schema.management.azure.com/schemas/common/definitions.json#/definitions/expression"
            }
          ]
        },
        "maxAge": {
          "readOnly": false,
          "oneOf": [
            {
              "type": "integer",
              "description": "The max age to be allowed via CORS.",
              "minimum": 0,
              "maximum": 99999
            },
            {
              "$ref": "https://schema.management.azure.com/schemas/common/definitions.json#/definitions/expression"
            }
          ]
        },
        "allowCredentials": {
          "readOnly": false,
          "oneOf": [
            {
              "type": "boolean",
              "description": "If credentials are allowed via CORS."
            },
            {
              "$ref": "https://schema.management.azure.com/schemas/common/definitions.json#/definitions/expression"
            }
          ]
        }
      },
      "description": "The settings for the CORS configuration of the service instance."
    },
    "ServiceExportConfigurationInfo": {
      "type": "object",
      "properties": {
        "storageAccountName": {
          "oneOf": [
            {
              "type": "string",
              "description": "The name of the default export storage account."
            },
            {
              "$ref": "https://schema.management.azure.com/schemas/common/definitions.json#/definitions/expression"
            }
          ],
          "readOnly": false
        }
      },
      "description": "Export operation configuration information"
    },
    "ServicesProperties": {
      "type": "object",
      "properties": {
        "accessPolicies": {
          "oneOf": [
            {
              "type": "array",
              "minItems": 1,
              "items": {
                "$ref": "#/definitions/ServiceAccessPolicyEntry"
              }
            },
            {
              "$ref": "https://schema.management.azure.com/schemas/common/definitions.json#/definitions/expression"
            }
          ],
          "description": "The access policies of the service instance."
        },
        "cosmosDbConfiguration": {
          "oneOf": [
            {
              "$ref": "#/definitions/ServiceCosmosDbConfigurationInfo"
            },
            {
              "$ref": "https://schema.management.azure.com/schemas/common/definitions.json#/definitions/expression"
            }
          ],
          "description": "The settings for the Cosmos DB database backing the service."
        },
        "authenticationConfiguration": {
          "oneOf": [
            {
              "$ref": "#/definitions/ServiceAuthenticationConfigurationInfo"
            },
            {
              "$ref": "https://schema.management.azure.com/schemas/common/definitions.json#/definitions/expression"
            }
          ],
          "description": "The authentication configuration for the service instance."
        },
        "corsConfiguration": {
          "oneOf": [
            {
              "$ref": "#/definitions/ServiceCorsConfigurationInfo"
            },
            {
              "$ref": "https://schema.management.azure.com/schemas/common/definitions.json#/definitions/expression"
            }
          ],
          "description": "The settings for the CORS configuration of the service instance."
        },
        "exportConfiguration": {
          "oneOf": [
            {
              "$ref": "#/definitions/ServiceExportConfigurationInfo"
            },
            {
              "$ref": "https://schema.management.azure.com/schemas/common/definitions.json#/definitions/expression"
            }
          ],
          "description": "The settings for the export operation of the service instance."
        }
      },
      "required": [
        "accessPolicies"
      ],
      "description": "The properties of a service instance."
    },
    "Identity": {
      "type": "object",
      "properties": {
        "type": {
          "oneOf": [
            {
              "type": "string",
              "enum": [
                "SystemAssigned",
                "None"
              ]
            },
            {
              "$ref": "https://schema.management.azure.com/schemas/common/definitions.json#/definitions/expression"
            }
          ],
          "description": "The identity type."
        }
      },
      "required": [
        "type"
      ],
      "description": "Identity for the resource."
    }
  }
}
