{
  "id": "https://schema.management.azure.com/schemas/2015-08-01/Microsoft.Storage.json#",
  "$schema": "http://json-schema.org/draft-04/schema#",
  "title": "Microsoft.Storage",
  "description": "Microsoft Storage Resource Types",
  "resourceDefinitions": {
    "storageAccounts": {
      "type": "object",
      "properties": {
        "type": {
          "enum": [
            "Microsoft.Storage/storageAccounts"
          ]
        },
        "apiVersion": {
          "enum": [
            "2015-05-01-preview",
            "2015-06-15"
          ]
        },
        "properties": {
          "type": "object",
          "properties": {
            "accountType": {
              "type": "string",
              "minLength": 1,
              "description": "Microsoft.Storage/storageAccounts: The type of this account."
            }
          },
          "required": [
            "accountType"
          ]
        }
      },
      "required": [
        "type",
        "apiVersion",
        "properties",
        "location"
      ],
      "description": "Microsoft.Storage/storageAccounts"
    }
  }
}
