{
  "id": "https://schema.management.azure.com/schemas/2019-10-01-preview/Microsoft.Search.json#",
  "$schema": "http://json-schema.org/draft-04/schema#",
  "title": "Microsoft.Search",
  "description": "Microsoft Search Resource Types",
  "resourceDefinitions": {
    "searchServices": {
      "type": "object",
      "properties": {
        "apiVersion": {
          "type": "string",
          "enum": [
            "2019-10-01-preview"
          ]
        },
        "identity": {
          "oneOf": [
            {
              "$ref": "#/definitions/Identity"
            },
            {
              "$ref": "https://schema.management.azure.com/schemas/common/definitions.json#/definitions/expression"
            }
          ],
          "description": "Identity for the resource."
        },
        "location": {
          "type": "string",
          "description": "The geographic location of the resource. This must be one of the supported and registered Azure Geo Regions (for example, West US, East US, Southeast Asia, and so forth). This property is required when creating a new resource."
        },
        "name": {
          "type": "string",
          "description": "The name of the Azure Cognitive Search service to create or update. Search service names must only contain lowercase letters, digits or dashes, cannot use dash as the first two or last one characters, cannot contain consecutive dashes, and must be between 2 and 60 characters in length. Search service names must be globally unique since they are part of the service URI (https://<name>.search.windows.net). You cannot change the service name after the service is created."
        },
        "properties": {
          "oneOf": [
            {
              "$ref": "#/definitions/SearchServiceProperties"
            },
            {
              "$ref": "https://schema.management.azure.com/schemas/common/definitions.json#/definitions/expression"
            }
          ],
          "description": "Properties of the Search service."
        },
        "resources": {
          "type": "array",
          "items": {
            "oneOf": [
              {
                "$ref": "#/definitions/searchServices_privateEndpointConnections_childResource"
              }
            ]
          }
        },
        "sku": {
          "oneOf": [
            {
              "$ref": "#/definitions/Sku"
            },
            {
              "$ref": "https://schema.management.azure.com/schemas/common/definitions.json#/definitions/expression"
            }
          ],
          "description": "Defines the SKU of an Azure Cognitive Search Service, which determines price tier and capacity limits."
        },
        "tags": {
          "oneOf": [
            {
              "type": "object",
              "additionalProperties": {
                "type": "string"
              },
              "properties": {}
            },
            {
              "$ref": "https://schema.management.azure.com/schemas/common/definitions.json#/definitions/expression"
            }
          ],
          "description": "Tags to help categorize the resource in the Azure portal."
        },
        "type": {
          "type": "string",
          "enum": [
            "Microsoft.Search/searchServices"
          ]
        }
      },
      "required": [
        "apiVersion",
        "name",
        "properties",
        "type"
      ],
      "description": "Microsoft.Search/searchServices"
    },
    "searchServices_privateEndpointConnections": {
      "type": "object",
      "properties": {
        "apiVersion": {
          "type": "string",
          "enum": [
            "2019-10-01-preview"
          ]
        },
        "id": {
          "type": "string",
          "description": "The ID of the private endpoint connection. This can be used with the Azure Resource Manager to link resources together."
        },
        "name": {
          "type": "string",
          "description": "The name of the private endpoint connection to the Azure Cognitive Search service with the specified resource group."
        },
        "properties": {
          "oneOf": [
            {
              "$ref": "#/definitions/PrivateEndpointConnectionProperties"
            },
            {
              "$ref": "https://schema.management.azure.com/schemas/common/definitions.json#/definitions/expression"
            }
          ],
          "description": "Describes the properties of an existing Private Endpoint connection to the Azure Cognitive Search service."
        },
        "type": {
          "type": "string",
          "enum": [
            "Microsoft.Search/searchServices/privateEndpointConnections"
          ]
        }
      },
      "required": [
        "apiVersion",
        "name",
        "properties",
        "type"
      ],
      "description": "Microsoft.Search/searchServices/privateEndpointConnections"
    }
  },
  "definitions": {
    "Identity": {
      "type": "object",
      "properties": {
        "type": {
          "oneOf": [
            {
              "type": "string",
              "enum": [
                "None",
                "SystemAssigned"
              ]
            },
            {
              "$ref": "https://schema.management.azure.com/schemas/common/definitions.json#/definitions/expression"
            }
          ],
          "description": "The identity type."
        }
      },
      "required": [
        "type"
      ],
      "description": "Identity for the resource."
    },
    "IpRule": {
      "type": "object",
      "properties": {
        "value": {
          "type": "string",
          "description": "Value corresponding to a single IPv4 address (eg., 123.1.2.3) or an IP range in CIDR format (eg., 123.1.2.3/24) to be allowed."
        }
      },
      "description": "The IP restriction rule of the Azure Cognitive Search service."
    },
    "NetworkRuleSet": {
      "type": "object",
      "properties": {
        "endpointAccess": {
          "oneOf": [
            {
              "type": "string",
              "enum": [
                "Public",
                "Private"
              ]
            },
            {
              "$ref": "https://schema.management.azure.com/schemas/common/definitions.json#/definitions/expression"
            }
          ],
          "description": "The level of access to the search service endpoint. Public, the search service endpoint is reachable from the internet. Private, the search service endpoint can only be accessed via private endpoints. Default is Public."
        },
        "ipRules": {
          "oneOf": [
            {
              "type": "array",
              "items": {
                "$ref": "#/definitions/IpRule"
              }
            },
            {
              "$ref": "https://schema.management.azure.com/schemas/common/definitions.json#/definitions/expression"
            }
          ],
          "description": "A list of IP restriction rules that defines the inbound network access to the search service endpoint. These restriction rules are applied only when the EndpointAccess of the search service is Public."
        }
      },
      "description": "Network specific rules that determine how the Azure Cognitive Search service may be reached."
    },
    "PrivateEndpointConnectionProperties": {
      "type": "object",
      "properties": {
        "privateEndpoint": {
          "oneOf": [
            {
              "$ref": "#/definitions/PrivateEndpointConnectionPropertiesPrivateEndpoint"
            },
            {
              "$ref": "https://schema.management.azure.com/schemas/common/definitions.json#/definitions/expression"
            }
          ],
          "description": "The private endpoint resource from Microsoft.Network provider."
        },
        "privateLinkServiceConnectionState": {
          "oneOf": [
            {
              "$ref": "#/definitions/PrivateEndpointConnectionPropertiesPrivateLinkServiceConnectionState"
            },
            {
              "$ref": "https://schema.management.azure.com/schemas/common/definitions.json#/definitions/expression"
            }
          ],
          "description": "Describes the current state of an existing Private Link Service connection to the Azure Private Endpoint."
        }
      },
      "description": "Describes the properties of an existing Private Endpoint connection to the Azure Cognitive Search service."
    },
    "PrivateEndpointConnectionPropertiesPrivateEndpoint": {
      "type": "object",
      "properties": {
        "id": {
          "type": "string",
          "description": "The resource id of the private endpoint resource from Microsoft.Network provider."
        }
      },
      "description": "The private endpoint resource from Microsoft.Network provider."
    },
    "PrivateEndpointConnectionPropertiesPrivateLinkServiceConnectionState": {
      "type": "object",
      "properties": {
        "actionsRequired": {
          "type": "string",
          "default": "None",
          "description": "A description of any extra actions that may be required."
        },
        "description": {
          "type": "string",
          "description": "The description for the private link service connection state."
        },
        "status": {
          "oneOf": [
            {
              "type": "string",
              "enum": [
                "Pending",
                "Approved",
                "Rejected",
                "Disconnected"
              ]
            },
            {
              "$ref": "https://schema.management.azure.com/schemas/common/definitions.json#/definitions/expression"
            }
          ],
          "description": "Status of the the private link service connection. Can be Pending, Approved, Rejected, or Disconnected."
        }
      },
      "description": "Describes the current state of an existing Private Link Service connection to the Azure Private Endpoint."
    },
    "SearchServiceProperties": {
      "type": "object",
      "properties": {
        "hostingMode": {
          "oneOf": [
            {
              "type": "string",
              "enum": [
                "default",
                "highDensity"
              ]
            },
            {
              "$ref": "https://schema.management.azure.com/schemas/common/definitions.json#/definitions/expression"
            }
          ],
          "description": "Applicable only for the standard3 SKU. You can set this property to enable up to 3 high density partitions that allow up to 1000 indexes, which is much higher than the maximum indexes allowed for any other SKU. For the standard3 SKU, the value is either 'default' or 'highDensity'. For all other SKUs, this value must be 'default'."
        },
        "networkRuleSet": {
          "oneOf": [
            {
              "$ref": "#/definitions/NetworkRuleSet"
            },
            {
              "$ref": "https://schema.management.azure.com/schemas/common/definitions.json#/definitions/expression"
            }
          ],
          "description": "Network specific rules that determine how the Azure Cognitive Search service may be reached."
        },
        "partitionCount": {
          "oneOf": [
            {
              "type": "integer",
              "minimum": 1,
              "maximum": 12,
              "default": "1"
            },
            {
              "$ref": "https://schema.management.azure.com/schemas/common/definitions.json#/definitions/expression"
            }
          ],
          "description": "The number of partitions in the Search service; if specified, it can be 1, 2, 3, 4, 6, or 12. Values greater than 1 are only valid for standard SKUs. For 'standard3' services with hostingMode set to 'highDensity', the allowed values are between 1 and 3."
        },
        "replicaCount": {
          "oneOf": [
            {
              "type": "integer",
              "minimum": 1,
              "maximum": 12,
              "default": "1"
            },
            {
              "$ref": "https://schema.management.azure.com/schemas/common/definitions.json#/definitions/expression"
            }
          ],
          "description": "The number of replicas in the Search service. If specified, it must be a value between 1 and 12 inclusive for standard SKUs or between 1 and 3 inclusive for basic SKU."
        }
      },
      "description": "Properties of the Search service."
    },
    "searchServices_privateEndpointConnections_childResource": {
      "type": "object",
      "properties": {
        "apiVersion": {
          "type": "string",
          "enum": [
            "2019-10-01-preview"
          ]
        },
        "id": {
          "type": "string",
          "description": "The ID of the private endpoint connection. This can be used with the Azure Resource Manager to link resources together."
        },
        "name": {
          "type": "string",
          "description": "The name of the private endpoint connection to the Azure Cognitive Search service with the specified resource group."
        },
        "properties": {
          "oneOf": [
            {
              "$ref": "#/definitions/PrivateEndpointConnectionProperties"
            },
            {
              "$ref": "https://schema.management.azure.com/schemas/common/definitions.json#/definitions/expression"
            }
          ],
          "description": "Describes the properties of an existing Private Endpoint connection to the Azure Cognitive Search service."
        },
        "type": {
          "type": "string",
          "enum": [
            "privateEndpointConnections"
          ]
        }
      },
      "required": [
        "apiVersion",
        "name",
        "properties",
        "type"
      ],
      "description": "Microsoft.Search/searchServices/privateEndpointConnections"
    },
    "Sku": {
      "type": "object",
      "properties": {
        "name": {
          "oneOf": [
            {
              "type": "string",
              "enum": [
                "free",
                "basic",
                "standard",
                "standard2",
                "standard3",
                "storage_optimized_l1",
                "storage_optimized_l2"
              ]
            },
            {
              "$ref": "https://schema.management.azure.com/schemas/common/definitions.json#/definitions/expression"
            }
          ],
          "description": "The SKU of the Search service. Valid values include: 'free': Shared service. 'basic': Dedicated service with up to 3 replicas. 'standard': Dedicated service with up to 12 partitions and 12 replicas. 'standard2': Similar to standard, but with more capacity per search unit. 'standard3': The largest Standard offering with up to 12 partitions and 12 replicas (or up to 3 partitions with more indexes if you also set the hostingMode property to 'highDensity'). 'storage_optimized_l1': Supports 1TB per partition, up to 12 partitions. 'storage_optimized_l2': Supports 2TB per partition, up to 12 partitions.'."
        }
      },
      "description": "Defines the SKU of an Azure Cognitive Search Service, which determines price tier and capacity limits."
    }
  }
}