{
  "id": "https://schema.management.azure.com/schemas/2016-10-01/Microsoft.KeyVault.json#",
  "$schema": "http://json-schema.org/draft-04/schema#",
  "title": "Microsoft.KeyVault",
  "description": "Microsoft KeyVault Resource Types",
  "resourceDefinitions": {
    "vaults": {
      "type": "object",
      "properties": {
        "name": {
          "type": "string"
        },
        "type": {
          "type": "string",
          "enum": [
            "Microsoft.KeyVault/vaults"
          ]
        },
        "apiVersion": {
          "type": "string",
          "enum": [
            "2016-10-01"
          ]
        },
        "location": {
          "type": "string",
          "description": "The supported Azure location where the key vault should be created."
        },
        "tags": {
          "oneOf": [
            {
              "type": "object",
              "additionalProperties": {
                "type": "string"
              }
            },
            {
              "$ref": "https://schema.management.azure.com/schemas/common/definitions.json#/definitions/expression"
            }
          ],
          "description": "The tags that will be assigned to the key vault."
        },
        "properties": {
          "oneOf": [
            {
              "$ref": "#/definitions/VaultProperties"
            },
            {
              "$ref": "https://schema.management.azure.com/schemas/common/definitions.json#/definitions/expression"
            }
          ],
          "description": "Properties of the vault"
        },
        "resources": {
          "type": "array",
          "items": {
            "oneOf": [
              {
                "$ref": "#/definitions/vaults_secrets_childResource"
              },
              {
                "$ref": "#/definitions/vaults_accessPolicies_childResource"
              }
            ]
          }
        }
      },
      "required": [
        "name",
        "type",
        "apiVersion",
        "location",
        "properties"
      ],
      "description": "Microsoft.KeyVault/vaults"
    },
    "vaults_accessPolicies": {
      "type": "object",
      "properties": {
        "name": {
          "oneOf": [
            {
              "type": "string",
              "enum": [
                "add",
                "replace",
                "remove"
              ]
            },
            {
              "$ref": "https://schema.management.azure.com/schemas/common/definitions.json#/definitions/expression"
            }
          ]
        },
        "type": {
          "type": "string",
          "enum": [
            "Microsoft.KeyVault/vaults/accessPolicies"
          ]
        },
        "apiVersion": {
          "type": "string",
          "enum": [
            "2016-10-01"
          ]
        },
        "properties": {
          "oneOf": [
            {
              "$ref": "#/definitions/VaultAccessPolicyProperties"
            },
            {
              "$ref": "https://schema.management.azure.com/schemas/common/definitions.json#/definitions/expression"
            }
          ],
          "description": "Properties of the access policy"
        }
      },
      "required": [
        "name",
        "type",
        "apiVersion",
        "properties"
      ],
      "description": "Microsoft.KeyVault/vaults/accessPolicies"
    },
    "vaults_secrets": {
      "type": "object",
      "properties": {
        "name": {
          "type": "string"
        },
        "type": {
          "type": "string",
          "enum": [
            "Microsoft.KeyVault/vaults/secrets"
          ]
        },
        "apiVersion": {
          "type": "string",
          "enum": [
            "2016-10-01"
          ]
        },
        "tags": {
          "oneOf": [
            {
              "type": "object",
              "additionalProperties": {
                "type": "string"
              }
            },
            {
              "$ref": "https://schema.management.azure.com/schemas/common/definitions.json#/definitions/expression"
            }
          ],
          "description": "The tags that will be assigned to the secret. "
        },
        "properties": {
          "oneOf": [
            {
              "$ref": "#/definitions/SecretProperties"
            },
            {
              "$ref": "https://schema.management.azure.com/schemas/common/definitions.json#/definitions/expression"
            }
          ],
          "description": "Properties of the secret"
        }
      },
      "required": [
        "name",
        "type",
        "apiVersion",
        "properties"
      ],
      "description": "Microsoft.KeyVault/vaults/secrets"
    }
  },
  "definitions": {
    "AccessPolicyEntry": {
      "type": "object",
      "properties": {
        "tenantId": {
          "oneOf": [
            {
              "type": "string",
              "pattern": "^[0-9a-fA-F]{8}(-[0-9a-fA-F]{4}){3}-[0-9a-fA-F]{12}$"
            },
            {
              "$ref": "https://schema.management.azure.com/schemas/common/definitions.json#/definitions/expression"
            }
          ],
          "description": "The Azure Active Directory tenant ID that should be used for authenticating requests to the key vault."
        },
        "objectId": {
          "type": "string",
          "description": "The object ID of a user, service principal or security group in the Azure Active Directory tenant for the vault. The object ID must be unique for the list of access policies."
        },
        "applicationId": {
          "oneOf": [
            {
              "type": "string",
              "pattern": "^[0-9a-fA-F]{8}(-[0-9a-fA-F]{4}){3}-[0-9a-fA-F]{12}$"
            },
            {
              "$ref": "https://schema.management.azure.com/schemas/common/definitions.json#/definitions/expression"
            }
          ],
          "description": " Application ID of the client making request on behalf of a principal"
        },
        "permissions": {
          "oneOf": [
            {
              "$ref": "#/definitions/Permissions"
            },
            {
              "$ref": "https://schema.management.azure.com/schemas/common/definitions.json#/definitions/expression"
            }
          ],
          "description": "Permissions the identity has for keys, secrets and certificates."
        }
      },
      "required": [
        "tenantId",
        "objectId",
        "permissions"
      ],
      "description": "An identity that have access to the key vault. All identities in the array must use the same tenant ID as the key vault's tenant ID."
    },
    "Permissions": {
      "type": "object",
      "properties": {
        "keys": {
          "oneOf": [
            {
              "type": "array",
              "items": {
                "type": "string",
                "enum": [
                  "encrypt",
                  "decrypt",
                  "wrapKey",
                  "unwrapKey",
                  "sign",
                  "verify",
                  "get",
                  "list",
                  "create",
                  "update",
                  "import",
                  "delete",
                  "backup",
                  "restore",
                  "recover",
                  "purge"
                ]
              }
            },
            {
              "$ref": "https://schema.management.azure.com/schemas/common/definitions.json#/definitions/expression"
            }
          ],
          "description": "Permissions to keys"
        },
        "secrets": {
          "oneOf": [
            {
              "type": "array",
              "items": {
                "type": "string",
                "enum": [
                  "get",
                  "list",
                  "set",
                  "delete",
                  "backup",
                  "restore",
                  "recover",
                  "purge"
                ]
              }
            },
            {
              "$ref": "https://schema.management.azure.com/schemas/common/definitions.json#/definitions/expression"
            }
          ],
          "description": "Permissions to secrets"
        },
        "certificates": {
          "oneOf": [
            {
              "type": "array",
              "items": {
                "type": "string",
                "enum": [
                  "get",
                  "list",
                  "delete",
                  "create",
                  "import",
                  "update",
                  "managecontacts",
                  "getissuers",
                  "listissuers",
                  "setissuers",
                  "deleteissuers",
                  "manageissuers",
                  "recover",
                  "purge"
                ]
              }
            },
            {
              "$ref": "https://schema.management.azure.com/schemas/common/definitions.json#/definitions/expression"
            }
          ],
          "description": "Permissions to certificates"
        },
        "storage": {
          "oneOf": [
            {
              "type": "array",
              "items": {
                "type": "string",
                "enum": [
                  "get",
                  "list",
                  "delete",
                  "set",
                  "update",
                  "regeneratekey",
                  "setsas",
                  "listsas",
                  "getsas",
                  "deletesas"
                ]
              }
            },
            {
              "$ref": "https://schema.management.azure.com/schemas/common/definitions.json#/definitions/expression"
            }
          ],
          "description": "Permissions to storage accounts"
        }
      },
      "description": "Permissions the identity has for keys, secrets, certificates and storage."
    },
    "SecretAttributes": {
      "type": "object",
      "properties": {
        "enabled": {
          "oneOf": [
            {
              "type": "boolean"
            },
            {
              "$ref": "https://schema.management.azure.com/schemas/common/definitions.json#/definitions/expression"
            }
          ],
          "description": "Determines whether the object is enabled."
        },
        "nbf": {
          "oneOf": [
            {
              "type": "integer"
            },
            {
              "$ref": "https://schema.management.azure.com/schemas/common/definitions.json#/definitions/expression"
            }
          ],
          "description": "Not before date in UTC expressed as a unix time integer.."
        },
        "exp": {
          "oneOf": [
            {
              "type": "integer"
            },
            {
              "$ref": "https://schema.management.azure.com/schemas/common/definitions.json#/definitions/expression"
            }
          ],
          "description": "Expiry date in UTC expressed as a unix time integer.."
        }
      },
      "description": "The secret management attributes."
    },
    "SecretProperties": {
      "type": "object",
      "properties": {
        "value": {
          "type": "string",
          "description": "The value of the secret. NOTE: 'value' will never be returned from the service, as APIs using this model are is intended for internal use in ARM deployments. Users should use the data-plane REST service for interaction with vault secrets."
        },
        "contentType": {
          "type": "string",
          "description": "The content type of the secret."
        },
        "attributes": {
          "oneOf": [
            {
              "$ref": "#/definitions/SecretAttributes"
            },
            {
              "$ref": "https://schema.management.azure.com/schemas/common/definitions.json#/definitions/expression"
            }
          ],
          "description": "The attributes of the secret."
        }
      },
      "description": "Properties of the secret"
    },
    "Sku": {
      "type": "object",
      "properties": {
        "family": {
          "oneOf": [
            {
              "type": "string",
              "enum": [
                "A"
              ]
            },
            {
              "$ref": "https://schema.management.azure.com/schemas/common/definitions.json#/definitions/expression"
            }
          ],
          "description": "SKU family name"
        },
        "name": {
          "oneOf": [
            {
              "type": "string",
              "enum": [
                "standard",
                "premium"
              ]
            },
            {
              "$ref": "https://schema.management.azure.com/schemas/common/definitions.json#/definitions/expression"
            }
          ],
          "description": "SKU name to specify whether the key vault is a standard vault or a premium vault."
        }
      },
      "required": [
        "family",
        "name"
      ],
      "description": "SKU details"
    },
    "VaultAccessPolicyProperties": {
      "type": "object",
      "properties": {
        "accessPolicies": {
          "oneOf": [
            {
              "type": "array",
              "items": {
                "$ref": "#/definitions/AccessPolicyEntry"
              }
            },
            {
              "$ref": "https://schema.management.azure.com/schemas/common/definitions.json#/definitions/expression"
            }
          ],
          "description": "An array of 0 to 16 identities that have access to the key vault. All identities in the array must use the same tenant ID as the key vault's tenant ID."
        }
      },
      "required": [
        "accessPolicies"
      ],
      "description": "Properties of the vault access policy"
    },
    "VaultProperties": {
      "type": "object",
      "properties": {
        "tenantId": {
          "oneOf": [
            {
              "type": "string",
              "pattern": "^[0-9a-fA-F]{8}(-[0-9a-fA-F]{4}){3}-[0-9a-fA-F]{12}$"
            },
            {
              "$ref": "https://schema.management.azure.com/schemas/common/definitions.json#/definitions/expression"
            }
          ],
          "description": "The Azure Active Directory tenant ID that should be used for authenticating requests to the key vault."
        },
        "sku": {
          "oneOf": [
            {
              "$ref": "#/definitions/Sku"
            },
            {
              "$ref": "https://schema.management.azure.com/schemas/common/definitions.json#/definitions/expression"
            }
          ],
          "description": "SKU details"
        },
        "accessPolicies": {
          "oneOf": [
            {
              "type": "array",
              "items": {
                "$ref": "#/definitions/AccessPolicyEntry"
              }
            },
            {
              "$ref": "https://schema.management.azure.com/schemas/common/definitions.json#/definitions/expression"
            }
          ],
          "description": "An array of 0 to 16 identities that have access to the key vault. All identities in the array must use the same tenant ID as the key vault's tenant ID."
        },
        "enabledForDeployment": {
          "oneOf": [
            {
              "type": "boolean"
            },
            {
              "$ref": "https://schema.management.azure.com/schemas/common/definitions.json#/definitions/expression"
            }
          ],
          "description": "Property to specify whether Azure Virtual Machines are permitted to retrieve certificates stored as secrets from the key vault."
        },
        "enabledForDiskEncryption": {
          "oneOf": [
            {
              "type": "boolean"
            },
            {
              "$ref": "https://schema.management.azure.com/schemas/common/definitions.json#/definitions/expression"
            }
          ],
          "description": "Property to specify whether Azure Disk Encryption is permitted to retrieve secrets from the vault and unwrap keys."
        },
        "enabledForTemplateDeployment": {
          "oneOf": [
            {
              "type": "boolean"
            },
            {
              "$ref": "https://schema.management.azure.com/schemas/common/definitions.json#/definitions/expression"
            }
          ],
          "description": "Property to specify whether Azure Resource Manager is permitted to retrieve secrets from the key vault."
        },
        "enableSoftDelete": {
          "oneOf": [
            {
              "type": "boolean"
            },
            {
              "$ref": "https://schema.management.azure.com/schemas/common/definitions.json#/definitions/expression"
            }
          ],
          "description": "Property to specify whether the 'soft delete' functionality is enabled for this key vault. It does not accept false value."
        },
        "createMode": {
          "oneOf": [
            {
              "type": "string",
              "enum": [
                "recover",
                "default"
              ]
            },
            {
              "$ref": "https://schema.management.azure.com/schemas/common/definitions.json#/definitions/expression"
            }
          ],
          "description": "The vault's create mode to indicate whether the vault need to be recovered or not."
        }
      },
      "required": [
        "tenantId",
        "sku"
      ],
      "description": "Properties of the vault"
    },
    "vaults_accessPolicies_childResource": {
      "type": "object",
      "properties": {
        "name": {
          "oneOf": [
            {
              "type": "string",
              "enum": [
                "add",
                "replace",
                "remove"
              ]
            },
            {
              "$ref": "https://schema.management.azure.com/schemas/common/definitions.json#/definitions/expression"
            }
          ]
        },
        "type": {
          "type": "string",
          "enum": [
            "accessPolicies"
          ]
        },
        "apiVersion": {
          "type": "string",
          "enum": [
            "2016-10-01"
          ]
        },
        "properties": {
          "oneOf": [
            {
              "$ref": "#/definitions/VaultAccessPolicyProperties"
            },
            {
              "$ref": "https://schema.management.azure.com/schemas/common/definitions.json#/definitions/expression"
            }
          ],
          "description": "Properties of the access policy"
        }
      },
      "required": [
        "name",
        "type",
        "apiVersion",
        "properties"
      ],
      "description": "Microsoft.KeyVault/vaults/accessPolicies"
    },
    "vaults_secrets_childResource": {
      "type": "object",
      "properties": {
        "name": {
          "type": "string"
        },
        "type": {
          "type": "string",
          "enum": [
            "secrets"
          ]
        },
        "apiVersion": {
          "type": "string",
          "enum": [
            "2016-10-01"
          ]
        },
        "tags": {
          "oneOf": [
            {
              "type": "object",
              "additionalProperties": {
                "type": "string"
              }
            },
            {
              "$ref": "https://schema.management.azure.com/schemas/common/definitions.json#/definitions/expression"
            }
          ],
          "description": "The tags that will be assigned to the secret. "
        },
        "properties": {
          "oneOf": [
            {
              "$ref": "#/definitions/SecretProperties"
            },
            {
              "$ref": "https://schema.management.azure.com/schemas/common/definitions.json#/definitions/expression"
            }
          ],
          "description": "Properties of the secret"
        }
      },
      "required": [
        "name",
        "type",
        "apiVersion",
        "properties"
      ],
      "description": "Microsoft.KeyVault/vaults/secrets"
    }
  }
}
