{
  "id": "https://schema.management.azure.com/schemas/2017-01-19/Microsoft.Devices.json#",
  "$schema": "http://json-schema.org/draft-04/schema#",
  "title": "Microsoft.Devices",
  "description": "Microsoft Devices Resource Types",
  "resourceDefinitions": {
    "IotHubs": {
      "type": "object",
      "properties": {
        "apiVersion": {
          "type": "string",
          "enum": [
            "2017-01-19"
          ]
        },
        "etag": {
          "type": "string",
          "description": "The Etag field is *not* required. If it is provided in the response body, it must also be provided as a header per the normal ETag convention."
        },
        "location": {
          "type": "string",
          "description": "The resource location."
        },
        "name": {
          "type": "string",
          "description": "The name of the IoT hub to create or update."
        },
        "properties": {
          "oneOf": [
            {
              "$ref": "#/definitions/IotHubProperties"
            },
            {
              "$ref": "https://schema.management.azure.com/schemas/common/definitions.json#/definitions/expression"
            }
          ],
          "description": "The properties of an IoT hub."
        },
        "resourcegroup": {
          "type": "string",
          "description": "The name of the resource group that contains the IoT hub. A resource group name uniquely identifies the resource group within the subscription."
        },
        "sku": {
          "oneOf": [
            {
              "$ref": "#/definitions/IotHubSkuInfo"
            },
            {
              "$ref": "https://schema.management.azure.com/schemas/common/definitions.json#/definitions/expression"
            }
          ],
          "description": "Information about the SKU of the IoT hub."
        },
        "subscriptionid": {
          "type": "string",
          "description": "The subscription identifier."
        },
        "tags": {
          "oneOf": [
            {
              "type": "object",
              "additionalProperties": {
                "type": "string"
              },
              "properties": {}
            },
            {
              "$ref": "https://schema.management.azure.com/schemas/common/definitions.json#/definitions/expression"
            }
          ],
          "description": "The resource tags."
        },
        "type": {
          "type": "string",
          "enum": [
            "Microsoft.Devices/IotHubs"
          ]
        }
      },
      "required": [
        "apiVersion",
        "location",
        "name",
        "properties",
        "resourcegroup",
        "sku",
        "subscriptionid",
        "type"
      ],
      "description": "Microsoft.Devices/IotHubs"
    },
    "IotHubs_eventHubEndpoints_ConsumerGroups": {
      "type": "object",
      "properties": {
        "apiVersion": {
          "type": "string",
          "enum": [
            "2017-01-19"
          ]
        },
        "name": {
          "type": "string",
          "description": "The name of the consumer group to add."
        },
        "type": {
          "type": "string",
          "enum": [
            "Microsoft.Devices/IotHubs/eventHubEndpoints/ConsumerGroups"
          ]
        }
      },
      "required": [
        "apiVersion",
        "name",
        "type"
      ],
      "description": "Microsoft.Devices/IotHubs/eventHubEndpoints/ConsumerGroups"
    }
  },
  "definitions": {
    "CloudToDeviceProperties": {
      "type": "object",
      "properties": {
        "defaultTtlAsIso8601": {
          "type": "string",
          "format": "duration",
          "description": "The default time to live for cloud-to-device messages in the device queue. See: https://docs.microsoft.com/azure/iot-hub/iot-hub-devguide-messaging#cloud-to-device-messages."
        },
        "feedback": {
          "oneOf": [
            {
              "$ref": "#/definitions/FeedbackProperties"
            },
            {
              "$ref": "https://schema.management.azure.com/schemas/common/definitions.json#/definitions/expression"
            }
          ],
          "description": "The properties of the feedback queue for cloud-to-device messages."
        },
        "maxDeliveryCount": {
          "oneOf": [
            {
              "type": "integer",
              "minimum": 1,
              "maximum": 100
            },
            {
              "$ref": "https://schema.management.azure.com/schemas/common/definitions.json#/definitions/expression"
            }
          ],
          "description": "The max delivery count for cloud-to-device messages in the device queue. See: https://docs.microsoft.com/azure/iot-hub/iot-hub-devguide-messaging#cloud-to-device-messages."
        }
      },
      "description": "The IoT hub cloud-to-device messaging properties."
    },
    "EventHubProperties": {
      "type": "object",
      "properties": {
        "partitionCount": {
          "oneOf": [
            {
              "type": "integer"
            },
            {
              "$ref": "https://schema.management.azure.com/schemas/common/definitions.json#/definitions/expression"
            }
          ],
          "description": "The number of partitions for receiving device-to-cloud messages in the Event Hub-compatible endpoint. See: https://docs.microsoft.com/azure/iot-hub/iot-hub-devguide-messaging#device-to-cloud-messages."
        },
        "retentionTimeInDays": {
          "oneOf": [
            {
              "type": "integer"
            },
            {
              "$ref": "https://schema.management.azure.com/schemas/common/definitions.json#/definitions/expression"
            }
          ],
          "description": "The retention time for device-to-cloud messages in days. See: https://docs.microsoft.com/azure/iot-hub/iot-hub-devguide-messaging#device-to-cloud-messages"
        }
      },
      "description": "The properties of the provisioned Event Hub-compatible endpoint used by the IoT hub."
    },
    "FallbackRouteProperties": {
      "type": "object",
      "properties": {
        "condition": {
          "type": "string",
          "description": "The condition which is evaluated in order to apply the fallback route. If the condition is not provided it will evaluate to true by default. For grammar, See: https://docs.microsoft.com/azure/iot-hub/iot-hub-devguide-query-language"
        },
        "endpointNames": {
          "oneOf": [
            {
              "type": "array",
              "items": {
                "type": "string"
              }
            },
            {
              "$ref": "https://schema.management.azure.com/schemas/common/definitions.json#/definitions/expression"
            }
          ],
          "description": "The list of endpoints to which the messages that satisfy the condition are routed to. Currently only 1 endpoint is allowed."
        },
        "isEnabled": {
          "oneOf": [
            {
              "type": "boolean"
            },
            {
              "$ref": "https://schema.management.azure.com/schemas/common/definitions.json#/definitions/expression"
            }
          ],
          "description": "Used to specify whether the fallback route is enabled or not."
        },
        "source": {
          "oneOf": [
            {
              "type": "string",
              "enum": [
                "DeviceMessages",
                "TwinChangeEvents",
                "DeviceLifecycleEvents",
                "DeviceJobLifecycleEvents"
              ]
            },
            {
              "$ref": "https://schema.management.azure.com/schemas/common/definitions.json#/definitions/expression"
            }
          ],
          "description": "The source to which the routing rule is to be applied to. e.g. DeviceMessages."
        }
      },
      "required": [
        "endpointNames",
        "isEnabled",
        "source"
      ],
      "description": "The properties related to the fallback route based on which the IoT hub routes messages to the fallback endpoint."
    },
    "FeedbackProperties": {
      "type": "object",
      "properties": {
        "lockDurationAsIso8601": {
          "type": "string",
          "format": "duration",
          "description": "The lock duration for the feedback queue. See: https://docs.microsoft.com/azure/iot-hub/iot-hub-devguide-messaging#cloud-to-device-messages."
        },
        "maxDeliveryCount": {
          "oneOf": [
            {
              "type": "integer",
              "minimum": 1,
              "maximum": 100
            },
            {
              "$ref": "https://schema.management.azure.com/schemas/common/definitions.json#/definitions/expression"
            }
          ],
          "description": "The number of times the IoT hub attempts to deliver a message on the feedback queue. See: https://docs.microsoft.com/azure/iot-hub/iot-hub-devguide-messaging#cloud-to-device-messages."
        },
        "ttlAsIso8601": {
          "type": "string",
          "format": "duration",
          "description": "The period of time for which a message is available to consume before it is expired by the IoT hub. See: https://docs.microsoft.com/azure/iot-hub/iot-hub-devguide-messaging#cloud-to-device-messages."
        }
      },
      "description": "The properties of the feedback queue for cloud-to-device messages."
    },
    "IotHubProperties": {
      "type": "object",
      "properties": {
        "authorizationPolicies": {
          "oneOf": [
            {
              "type": "array",
              "items": {
                "$ref": "#/definitions/SharedAccessSignatureAuthorizationRule"
              }
            },
            {
              "$ref": "https://schema.management.azure.com/schemas/common/definitions.json#/definitions/expression"
            }
          ],
          "description": "The shared access policies you can use to secure a connection to the IoT hub."
        },
        "cloudToDevice": {
          "oneOf": [
            {
              "$ref": "#/definitions/CloudToDeviceProperties"
            },
            {
              "$ref": "https://schema.management.azure.com/schemas/common/definitions.json#/definitions/expression"
            }
          ],
          "description": "The IoT hub cloud-to-device messaging properties."
        },
        "comments": {
          "type": "string",
          "description": "Comments."
        },
        "enableFileUploadNotifications": {
          "oneOf": [
            {
              "type": "boolean"
            },
            {
              "$ref": "https://schema.management.azure.com/schemas/common/definitions.json#/definitions/expression"
            }
          ],
          "description": "If True, file upload notifications are enabled."
        },
        "eventHubEndpoints": {
          "oneOf": [
            {
              "type": "object",
              "additionalProperties": {
                "$ref": "#/definitions/EventHubProperties"
              },
              "properties": {}
            },
            {
              "$ref": "https://schema.management.azure.com/schemas/common/definitions.json#/definitions/expression"
            }
          ],
          "description": "The Event Hub-compatible endpoint properties. The possible keys to this dictionary are events and operationsMonitoringEvents. Both of these keys have to be present in the dictionary while making create or update calls for the IoT hub."
        },
        "features": {
          "oneOf": [
            {
              "type": "string",
              "enum": [
                "None",
                "DeviceManagement"
              ]
            },
            {
              "$ref": "https://schema.management.azure.com/schemas/common/definitions.json#/definitions/expression"
            }
          ],
          "description": "The capabilities and features enabled for the IoT hub."
        },
        "ipFilterRules": {
          "oneOf": [
            {
              "type": "array",
              "items": {
                "$ref": "#/definitions/IpFilterRule"
              }
            },
            {
              "$ref": "https://schema.management.azure.com/schemas/common/definitions.json#/definitions/expression"
            }
          ],
          "description": "The IP filter rules."
        },
        "messagingEndpoints": {
          "oneOf": [
            {
              "type": "object",
              "additionalProperties": {
                "$ref": "#/definitions/MessagingEndpointProperties"
              },
              "properties": {}
            },
            {
              "$ref": "https://schema.management.azure.com/schemas/common/definitions.json#/definitions/expression"
            }
          ],
          "description": "The messaging endpoint properties for the file upload notification queue."
        },
        "operationsMonitoringProperties": {
          "oneOf": [
            {
              "$ref": "#/definitions/OperationsMonitoringProperties"
            },
            {
              "$ref": "https://schema.management.azure.com/schemas/common/definitions.json#/definitions/expression"
            }
          ],
          "description": "The operations monitoring properties for the IoT hub. The possible keys to the dictionary are Connections, DeviceTelemetry, C2DCommands, DeviceIdentityOperations, FileUploadOperations, Routes, D2CTwinOperations, C2DTwinOperations, TwinQueries, JobsOperations, DirectMethods."
        },
        "routing": {
          "oneOf": [
            {
              "$ref": "#/definitions/RoutingProperties"
            },
            {
              "$ref": "https://schema.management.azure.com/schemas/common/definitions.json#/definitions/expression"
            }
          ],
          "description": "The routing related properties of the IoT hub. See: https://docs.microsoft.com/azure/iot-hub/iot-hub-devguide-messaging"
        },
        "storageEndpoints": {
          "oneOf": [
            {
              "type": "object",
              "additionalProperties": {
                "$ref": "#/definitions/StorageEndpointProperties"
              },
              "properties": {}
            },
            {
              "$ref": "https://schema.management.azure.com/schemas/common/definitions.json#/definitions/expression"
            }
          ],
          "description": "The list of Azure Storage endpoints where you can upload files. Currently you can configure only one Azure Storage account and that MUST have its key as $default. Specifying more than one storage account causes an error to be thrown. Not specifying a value for this property when the enableFileUploadNotifications property is set to True, causes an error to be thrown."
        }
      },
      "description": "The properties of an IoT hub."
    },
    "IotHubSkuInfo": {
      "type": "object",
      "properties": {
        "capacity": {
          "oneOf": [
            {
              "type": "integer"
            },
            {
              "$ref": "https://schema.management.azure.com/schemas/common/definitions.json#/definitions/expression"
            }
          ],
          "description": "The number of provisioned IoT Hub units. See: https://docs.microsoft.com/azure/azure-subscription-service-limits#iot-hub-limits."
        },
        "name": {
          "oneOf": [
            {
              "type": "string",
              "enum": [
                "F1",
                "S1",
                "S2",
                "S3"
              ]
            },
            {
              "$ref": "https://schema.management.azure.com/schemas/common/definitions.json#/definitions/expression"
            }
          ],
          "description": "The name of the SKU."
        }
      },
      "required": [
        "capacity",
        "name"
      ],
      "description": "Information about the SKU of the IoT hub."
    },
    "IpFilterRule": {
      "type": "object",
      "properties": {
        "action": {
          "oneOf": [
            {
              "type": "string",
              "enum": [
                "Accept",
                "Reject"
              ]
            },
            {
              "$ref": "https://schema.management.azure.com/schemas/common/definitions.json#/definitions/expression"
            }
          ],
          "description": "The desired action for requests captured by this rule."
        },
        "filterName": {
          "type": "string",
          "description": "The name of the IP filter rule."
        },
        "ipMask": {
          "type": "string",
          "description": "A string that contains the IP address range in CIDR notation for the rule."
        }
      },
      "required": [
        "action",
        "filterName",
        "ipMask"
      ],
      "description": "The IP filter rules for the IoT hub."
    },
    "MessagingEndpointProperties": {
      "type": "object",
      "properties": {
        "lockDurationAsIso8601": {
          "type": "string",
          "format": "duration",
          "description": "The lock duration. See: https://docs.microsoft.com/azure/iot-hub/iot-hub-devguide-file-upload."
        },
        "maxDeliveryCount": {
          "oneOf": [
            {
              "type": "integer",
              "minimum": 1,
              "maximum": 100
            },
            {
              "$ref": "https://schema.management.azure.com/schemas/common/definitions.json#/definitions/expression"
            }
          ],
          "description": "The number of times the IoT hub attempts to deliver a message. See: https://docs.microsoft.com/azure/iot-hub/iot-hub-devguide-file-upload."
        },
        "ttlAsIso8601": {
          "type": "string",
          "format": "duration",
          "description": "The period of time for which a message is available to consume before it is expired by the IoT hub. See: https://docs.microsoft.com/azure/iot-hub/iot-hub-devguide-file-upload."
        }
      },
      "description": "The properties of the messaging endpoints used by this IoT hub."
    },
    "OperationsMonitoringProperties": {
      "type": "object",
      "properties": {
        "events": {
          "oneOf": [
            {
              "type": "object",
              "additionalProperties": {
                "type": "string",
                "enum": [
                  "None",
                  "Error",
                  "Information",
                  "Error, Information"
                ]
              },
              "properties": {}
            },
            {
              "$ref": "https://schema.management.azure.com/schemas/common/definitions.json#/definitions/expression"
            }
          ]
        }
      },
      "description": "The operations monitoring properties for the IoT hub. The possible keys to the dictionary are Connections, DeviceTelemetry, C2DCommands, DeviceIdentityOperations, FileUploadOperations, Routes, D2CTwinOperations, C2DTwinOperations, TwinQueries, JobsOperations, DirectMethods."
    },
    "RouteProperties": {
      "type": "object",
      "properties": {
        "condition": {
          "type": "string",
          "description": "The condition that is evaluated to apply the routing rule. If no condition is provided, it evaluates to true by default. For grammar, See: https://docs.microsoft.com/azure/iot-hub/iot-hub-devguide-query-language"
        },
        "endpointNames": {
          "oneOf": [
            {
              "type": "array",
              "items": {
                "type": "string"
              }
            },
            {
              "$ref": "https://schema.management.azure.com/schemas/common/definitions.json#/definitions/expression"
            }
          ],
          "description": "The list of endpoints to which messages that satisfy the condition are routed. Currently only one endpoint is allowed."
        },
        "isEnabled": {
          "oneOf": [
            {
              "type": "boolean"
            },
            {
              "$ref": "https://schema.management.azure.com/schemas/common/definitions.json#/definitions/expression"
            }
          ],
          "description": "Used to specify whether a route is enabled."
        },
        "name": {
          "oneOf": [
            {
              "type": "string",
              "pattern": "^[A-Za-z0-9-._]{1,64}$"
            },
            {
              "$ref": "https://schema.management.azure.com/schemas/common/definitions.json#/definitions/expression"
            }
          ],
          "description": "The name of the route. The name can only include alphanumeric characters, periods, underscores, hyphens, has a maximum length of 64 characters,  and must be unique."
        },
        "source": {
          "oneOf": [
            {
              "type": "string",
              "enum": [
                "DeviceMessages",
                "TwinChangeEvents",
                "DeviceLifecycleEvents",
                "DeviceJobLifecycleEvents"
              ]
            },
            {
              "$ref": "https://schema.management.azure.com/schemas/common/definitions.json#/definitions/expression"
            }
          ],
          "description": "The source that the routing rule is to be applied to, such as DeviceMessages."
        }
      },
      "required": [
        "endpointNames",
        "isEnabled",
        "name",
        "source"
      ],
      "description": "The properties of a routing rule that your IoT hub uses to route messages to endpoints."
    },
    "RoutingEndpoints": {
      "type": "object",
      "properties": {
        "eventHubs": {
          "oneOf": [
            {
              "type": "array",
              "items": {
                "$ref": "#/definitions/RoutingEventHubProperties"
              }
            },
            {
              "$ref": "https://schema.management.azure.com/schemas/common/definitions.json#/definitions/expression"
            }
          ],
          "description": "The list of Event Hubs endpoints that IoT hub routes messages to, based on the routing rules. This list does not include the built-in Event Hubs endpoint."
        },
        "serviceBusQueues": {
          "oneOf": [
            {
              "type": "array",
              "items": {
                "$ref": "#/definitions/RoutingServiceBusQueueEndpointProperties"
              }
            },
            {
              "$ref": "https://schema.management.azure.com/schemas/common/definitions.json#/definitions/expression"
            }
          ],
          "description": "The list of Service Bus queue endpoints that IoT hub routes the messages to, based on the routing rules."
        },
        "serviceBusTopics": {
          "oneOf": [
            {
              "type": "array",
              "items": {
                "$ref": "#/definitions/RoutingServiceBusTopicEndpointProperties"
              }
            },
            {
              "$ref": "https://schema.management.azure.com/schemas/common/definitions.json#/definitions/expression"
            }
          ],
          "description": "The list of Service Bus topic endpoints that the IoT hub routes the messages to, based on the routing rules."
        }
      },
      "description": "The properties related to the custom endpoints to which your IoT hub routes messages based on the routing rules. A maximum of 10 custom endpoints are allowed across all endpoint types for paid hubs and only 1 custom endpoint is allowed across all endpoint types for free hubs."
    },
    "RoutingEventHubProperties": {
      "type": "object",
      "properties": {
        "connectionString": {
          "type": "string",
          "description": "The connection string of the event hub endpoint. "
        },
        "name": {
          "oneOf": [
            {
              "type": "string",
              "pattern": "^[A-Za-z0-9-._]{1,64}$"
            },
            {
              "$ref": "https://schema.management.azure.com/schemas/common/definitions.json#/definitions/expression"
            }
          ],
          "description": "The name of the event hub endpoint. The name can only include alphanumeric characters, periods, underscores, hyphens and has a maximum length of 64 characters. The following names are reserved;  events, operationsMonitoringEvents, fileNotifications, $default. Endpoint names must be unique across endpoint types."
        },
        "resourceGroup": {
          "type": "string",
          "description": "The name of the resource group of the event hub endpoint."
        },
        "subscriptionId": {
          "type": "string",
          "description": "The subscription identifier of the event hub endpoint."
        }
      },
      "required": [
        "connectionString",
        "name"
      ],
      "description": "The properties related to an event hub endpoint."
    },
    "RoutingProperties": {
      "type": "object",
      "properties": {
        "endpoints": {
          "oneOf": [
            {
              "$ref": "#/definitions/RoutingEndpoints"
            },
            {
              "$ref": "https://schema.management.azure.com/schemas/common/definitions.json#/definitions/expression"
            }
          ],
          "description": "The properties related to the custom endpoints to which your IoT hub routes messages based on the routing rules. A maximum of 10 custom endpoints are allowed across all endpoint types for paid hubs and only 1 custom endpoint is allowed across all endpoint types for free hubs."
        },
        "fallbackRoute": {
          "oneOf": [
            {
              "$ref": "#/definitions/FallbackRouteProperties"
            },
            {
              "$ref": "https://schema.management.azure.com/schemas/common/definitions.json#/definitions/expression"
            }
          ],
          "description": "The properties related to the fallback route based on which the IoT hub routes messages to the fallback endpoint."
        },
        "routes": {
          "oneOf": [
            {
              "type": "array",
              "items": {
                "$ref": "#/definitions/RouteProperties"
              }
            },
            {
              "$ref": "https://schema.management.azure.com/schemas/common/definitions.json#/definitions/expression"
            }
          ],
          "description": "The list of user-provided routing rules that the IoT hub uses to route messages to built-in and custom endpoints. A maximum of 100 routing rules are allowed for paid hubs and a maximum of 5 routing rules are allowed for free hubs."
        }
      },
      "description": "The routing related properties of the IoT hub. See: https://docs.microsoft.com/azure/iot-hub/iot-hub-devguide-messaging"
    },
    "RoutingServiceBusQueueEndpointProperties": {
      "type": "object",
      "properties": {
        "connectionString": {
          "type": "string",
          "description": "The connection string of the service bus queue endpoint."
        },
        "name": {
          "oneOf": [
            {
              "type": "string",
              "pattern": "^[A-Za-z0-9-._]{1,64}$"
            },
            {
              "$ref": "https://schema.management.azure.com/schemas/common/definitions.json#/definitions/expression"
            }
          ],
          "description": "The name of the service bus queue endpoint. The name can only include alphanumeric characters, periods, underscores, hyphens and has a maximum length of 64 characters. The following names are reserved;  events, operationsMonitoringEvents, fileNotifications, $default. Endpoint names must be unique across endpoint types. The name need not be the same as the actual queue name."
        },
        "resourceGroup": {
          "type": "string",
          "description": "The name of the resource group of the service bus queue endpoint."
        },
        "subscriptionId": {
          "type": "string",
          "description": "The subscription identifier of the service bus queue endpoint."
        }
      },
      "required": [
        "connectionString",
        "name"
      ],
      "description": "The properties related to service bus queue endpoint types."
    },
    "RoutingServiceBusTopicEndpointProperties": {
      "type": "object",
      "properties": {
        "connectionString": {
          "type": "string",
          "description": "The connection string of the service bus topic endpoint."
        },
        "name": {
          "oneOf": [
            {
              "type": "string",
              "pattern": "^[A-Za-z0-9-._]{1,64}$"
            },
            {
              "$ref": "https://schema.management.azure.com/schemas/common/definitions.json#/definitions/expression"
            }
          ],
          "description": "The name of the service bus topic endpoint. The name can only include alphanumeric characters, periods, underscores, hyphens and has a maximum length of 64 characters. The following names are reserved;  events, operationsMonitoringEvents, fileNotifications, $default. Endpoint names must be unique across endpoint types.  The name need not be the same as the actual topic name."
        },
        "resourceGroup": {
          "type": "string",
          "description": "The name of the resource group of the service bus topic endpoint."
        },
        "subscriptionId": {
          "type": "string",
          "description": "The subscription identifier of the service bus topic endpoint."
        }
      },
      "required": [
        "connectionString",
        "name"
      ],
      "description": "The properties related to service bus topic endpoint types."
    },
    "SharedAccessSignatureAuthorizationRule": {
      "type": "object",
      "properties": {
        "keyName": {
          "type": "string",
          "description": "The name of the shared access policy."
        },
        "primaryKey": {
          "type": "string",
          "description": "The primary key."
        },
        "rights": {
          "oneOf": [
            {
              "type": "string",
              "enum": [
                "RegistryRead",
                "RegistryWrite",
                "ServiceConnect",
                "DeviceConnect",
                "RegistryRead, RegistryWrite",
                "RegistryRead, ServiceConnect",
                "RegistryRead, DeviceConnect",
                "RegistryWrite, ServiceConnect",
                "RegistryWrite, DeviceConnect",
                "ServiceConnect, DeviceConnect",
                "RegistryRead, RegistryWrite, ServiceConnect",
                "RegistryRead, RegistryWrite, DeviceConnect",
                "RegistryRead, ServiceConnect, DeviceConnect",
                "RegistryWrite, ServiceConnect, DeviceConnect",
                "RegistryRead, RegistryWrite, ServiceConnect, DeviceConnect"
              ]
            },
            {
              "$ref": "https://schema.management.azure.com/schemas/common/definitions.json#/definitions/expression"
            }
          ],
          "description": "The permissions assigned to the shared access policy."
        },
        "secondaryKey": {
          "type": "string",
          "description": "The secondary key."
        }
      },
      "required": [
        "keyName",
        "rights"
      ],
      "description": "The properties of an IoT hub shared access policy."
    },
    "StorageEndpointProperties": {
      "type": "object",
      "properties": {
        "connectionString": {
          "type": "string",
          "description": "The connection string for the Azure Storage account to which files are uploaded."
        },
        "containerName": {
          "type": "string",
          "description": "The name of the root container where you upload files. The container need not exist but should be creatable using the connectionString specified."
        },
        "sasTtlAsIso8601": {
          "type": "string",
          "format": "duration",
          "description": "The period of time for which the SAS URI generated by IoT Hub for file upload is valid. See: https://docs.microsoft.com/azure/iot-hub/iot-hub-devguide-file-upload#file-upload-notification-configuration-options."
        }
      },
      "required": [
        "connectionString",
        "containerName"
      ],
      "description": "The properties of the Azure Storage endpoint for file upload."
    }
  }
}