{
  "id": "https://schema.management.azure.com/schemas/2016-09-01/Microsoft.Web.json#",
  "$schema": "http://json-schema.org/draft-04/schema#",
  "title": "Microsoft.Web",
  "description": "Microsoft Web Resource Types",
  "resourceDefinitions": {
    "serverfarms": {
      "type": "object",
      "properties": {
        "type": {
          "type": "string",
          "enum": [
            "Microsoft.Web/serverfarms"
          ]
        },
        "apiVersion": {
          "type": "string",
          "enum": [
            "2016-09-01"
          ]
        },
        "properties": {
          "oneOf": [
            {
              "$ref": "#/definitions/AppServicePlan_properties"
            },
            {
              "$ref": "https://schema.management.azure.com/schemas/common/definitions.json#/definitions/expression"
            }
          ],
          "description": "ARM envelope properties"
        },
        "sku": {
          "oneOf": [
            {
              "$ref": "#/definitions/SkuDescription"
            },
            {
              "$ref": "https://schema.management.azure.com/schemas/common/definitions.json#/definitions/expression"
            }
          ]
        }
      },
      "required": [
        "type",
        "apiVersion",
        "properties"
      ],
      "description": "Microsoft.Web/serverfarms"
    },
    "serverfarms_virtualNetworkConnections_gateways": {
      "type": "object",
      "properties": {
        "type": {
          "type": "string",
          "enum": [
            "Microsoft.Web/serverfarms/virtualNetworkConnections/gateways"
          ]
        },
        "apiVersion": {
          "type": "string",
          "enum": [
            "2016-09-01"
          ]
        },
        "properties": {
          "oneOf": [
            {
              "$ref": "#/definitions/VnetGateway_properties"
            },
            {
              "$ref": "https://schema.management.azure.com/schemas/common/definitions.json#/definitions/expression"
            }
          ],
          "description": "ARM envelope properties"
        }
      },
      "required": [
        "type",
        "apiVersion",
        "properties"
      ],
      "description": "Microsoft.Web/serverfarms/virtualNetworkConnections/gateways"
    },
    "serverfarms_virtualNetworkConnections_routes": {
      "type": "object",
      "properties": {
        "type": {
          "type": "string",
          "enum": [
            "Microsoft.Web/serverfarms/virtualNetworkConnections/routes"
          ]
        },
        "apiVersion": {
          "type": "string",
          "enum": [
            "2016-09-01"
          ]
        },
        "properties": {
          "oneOf": [
            {
              "$ref": "#/definitions/VnetRoute_properties"
            },
            {
              "$ref": "https://schema.management.azure.com/schemas/common/definitions.json#/definitions/expression"
            }
          ],
          "description": "ARM envelope properties"
        }
      },
      "required": [
        "type",
        "apiVersion",
        "properties"
      ],
      "description": "Microsoft.Web/serverfarms/virtualNetworkConnections/routes"
    },
    "hostingEnvironments": {
      "type": "object",
      "properties": {
        "type": {
          "type": "string",
          "enum": [
            "Microsoft.Web/hostingEnvironments"
          ]
        },
        "apiVersion": {
          "type": "string",
          "enum": [
            "2016-09-01"
          ]
        },
        "properties": {
          "oneOf": [
            {
              "$ref": "#/definitions/AppServiceEnvironment_properties"
            },
            {
              "$ref": "https://schema.management.azure.com/schemas/common/definitions.json#/definitions/expression"
            }
          ],
          "description": "ARM envelope properties"
        },
        "resources": {
          "type": "array",
          "items": {
            "oneOf": [
              {
                "$ref": "#/definitions/hostingEnvironments_workerPools_childResource"
              }
            ]
          }
        }
      },
      "required": [
        "type",
        "apiVersion",
        "properties"
      ],
      "description": "Microsoft.Web/hostingEnvironments"
    },
    "hostingEnvironments_workerPools": {
      "type": "object",
      "properties": {
        "type": {
          "type": "string",
          "enum": [
            "Microsoft.Web/hostingEnvironments/workerPools"
          ]
        },
        "apiVersion": {
          "type": "string",
          "enum": [
            "2016-09-01"
          ]
        },
        "workerSizeId": {
          "oneOf": [
            {
              "type": "integer"
            },
            {
              "$ref": "https://schema.management.azure.com/schemas/common/definitions.json#/definitions/expression"
            }
          ],
          "description": "Worker size ID for referencing this worker pool."
        },
        "computeMode": {
          "oneOf": [
            {
              "type": "string",
              "enum": [
                "Shared",
                "Dedicated",
                "Dynamic"
              ]
            },
            {
              "$ref": "https://schema.management.azure.com/schemas/common/definitions.json#/definitions/expression"
            }
          ],
          "description": "Shared or dedicated app hosting."
        },
        "workerSize": {
          "type": "string",
          "description": "VM size of the worker pool instances."
        },
        "workerCount": {
          "oneOf": [
            {
              "type": "integer"
            },
            {
              "$ref": "https://schema.management.azure.com/schemas/common/definitions.json#/definitions/expression"
            }
          ],
          "description": "Number of instances in the worker pool."
        }
      },
      "required": [
        "type",
        "apiVersion"
      ],
      "description": "Microsoft.Web/hostingEnvironments/workerPools"
    },
    "hostingEnvironments_multiRolePools": {
      "type": "object",
      "properties": {
        "name": {
          "type": "string",
          "enum": [
            "default"
          ]
        },
        "type": {
          "type": "string",
          "enum": [
            "Microsoft.Web/hostingEnvironments/multiRolePools"
          ]
        },
        "apiVersion": {
          "type": "string",
          "enum": [
            "2016-09-01"
          ]
        },
        "workerSizeId": {
          "oneOf": [
            {
              "type": "integer"
            },
            {
              "$ref": "https://schema.management.azure.com/schemas/common/definitions.json#/definitions/expression"
            }
          ],
          "description": "Worker size ID for referencing this worker pool."
        },
        "computeMode": {
          "oneOf": [
            {
              "type": "string",
              "enum": [
                "Shared",
                "Dedicated",
                "Dynamic"
              ]
            },
            {
              "$ref": "https://schema.management.azure.com/schemas/common/definitions.json#/definitions/expression"
            }
          ],
          "description": "Shared or dedicated app hosting."
        },
        "workerSize": {
          "type": "string",
          "description": "VM size of the worker pool instances."
        },
        "workerCount": {
          "oneOf": [
            {
              "type": "integer"
            },
            {
              "$ref": "https://schema.management.azure.com/schemas/common/definitions.json#/definitions/expression"
            }
          ],
          "description": "Number of instances in the worker pool."
        }
      },
      "description": "Microsoft.Web/hostingEnvironments/multiRolePools"
    }
  },
  "definitions": {
    "AppServiceEnvironment_properties": {
      "type": "object",
      "properties": {
        "name": {
          "type": "string",
          "description": "Name of the App Service Environment."
        },
        "location": {
          "type": "string",
          "description": "Location of the App Service Environment, e.g. \"West US\"."
        },
        "vnetName": {
          "type": "string",
          "description": "Name of the Virtual Network for the App Service Environment."
        },
        "vnetResourceGroupName": {
          "type": "string",
          "description": "Resource group of the Virtual Network."
        },
        "vnetSubnetName": {
          "type": "string",
          "description": "Subnet of the Virtual Network."
        },
        "virtualNetwork": {
          "oneOf": [
            {
              "$ref": "#/definitions/VirtualNetworkProfile"
            },
            {
              "$ref": "https://schema.management.azure.com/schemas/common/definitions.json#/definitions/expression"
            }
          ],
          "description": "Description of the Virtual Network."
        },
        "internalLoadBalancingMode": {
          "oneOf": [
            {
              "type": "string",
              "enum": [
                "None",
                "Web",
                "Publishing"
              ]
            },
            {
              "$ref": "https://schema.management.azure.com/schemas/common/definitions.json#/definitions/expression"
            }
          ],
          "description": "Specifies which endpoints to serve internally in the Virtual Network for the App Service Environment."
        },
        "multiSize": {
          "type": "string",
          "description": "Front-end VM size, e.g. \"Medium\", \"Large\"."
        },
        "multiRoleCount": {
          "oneOf": [
            {
              "type": "integer"
            },
            {
              "$ref": "https://schema.management.azure.com/schemas/common/definitions.json#/definitions/expression"
            }
          ],
          "description": "Number of front-end instances."
        },
        "workerPools": {
          "oneOf": [
            {
              "type": "array",
              "items": {
                "$ref": "#/definitions/WorkerPool"
              }
            },
            {
              "$ref": "https://schema.management.azure.com/schemas/common/definitions.json#/definitions/expression"
            }
          ],
          "description": "Description of worker pools with worker size IDs, VM sizes, and number of workers in each pool."
        },
        "ipsslAddressCount": {
          "oneOf": [
            {
              "type": "integer"
            },
            {
              "$ref": "https://schema.management.azure.com/schemas/common/definitions.json#/definitions/expression"
            }
          ],
          "description": "Number of IP SSL addresses reserved for the App Service Environment."
        },
        "dnsSuffix": {
          "type": "string",
          "description": "DNS suffix of the App Service Environment."
        },
        "networkAccessControlList": {
          "oneOf": [
            {
              "type": "array",
              "items": {
                "$ref": "#/definitions/NetworkAccessControlEntry"
              }
            },
            {
              "$ref": "https://schema.management.azure.com/schemas/common/definitions.json#/definitions/expression"
            }
          ],
          "description": "Access control list for controlling traffic to the App Service Environment."
        },
        "kind": {
          "type": "string",
          "description": "Kind of the app service environment"
        },
        "frontEndScaleFactor": {
          "oneOf": [
            {
              "type": "integer"
            },
            {
              "$ref": "https://schema.management.azure.com/schemas/common/definitions.json#/definitions/expression"
            }
          ],
          "description": "Scale factor for front-ends."
        },
        "apiManagementAccountId": {
          "type": "string",
          "description": "API Management Account associated with the App Service Environment."
        },
        "suspended": {
          "oneOf": [
            {
              "type": "boolean"
            },
            {
              "$ref": "https://schema.management.azure.com/schemas/common/definitions.json#/definitions/expression"
            }
          ],
          "description": "<code>true</code> if the App Service Environment is suspended; otherwise, <code>false</code>. The environment can be suspended, e.g. when the management endpoint is no longer available\n (most likely because NSG blocked the incoming traffic)."
        },
        "dynamicCacheEnabled": {
          "oneOf": [
            {
              "type": "boolean"
            },
            {
              "$ref": "https://schema.management.azure.com/schemas/common/definitions.json#/definitions/expression"
            }
          ],
          "description": "True/false indicating whether the App Service Environment is suspended. The environment can be suspended e.g. when the management endpoint is no longer available\n (most likely because NSG blocked the incoming traffic)."
        },
        "clusterSettings": {
          "oneOf": [
            {
              "type": "array",
              "items": {
                "$ref": "#/definitions/NameValuePair"
              }
            },
            {
              "$ref": "https://schema.management.azure.com/schemas/common/definitions.json#/definitions/expression"
            }
          ],
          "description": "Custom settings for changing the behavior of the App Service Environment."
        }
      },
      "description": "ARM envelope properties"
    },
    "hostingEnvironments_workerPools_childResource": {
      "type": "object",
      "properties": {
        "type": {
          "type": "string",
          "enum": [
            "workerPools"
          ]
        },
        "apiVersion": {
          "type": "string",
          "enum": [
            "2016-09-01"
          ]
        },
        "workerSizeId": {
          "oneOf": [
            {
              "type": "integer"
            },
            {
              "$ref": "https://schema.management.azure.com/schemas/common/definitions.json#/definitions/expression"
            }
          ],
          "description": "Worker size ID for referencing this worker pool."
        },
        "computeMode": {
          "oneOf": [
            {
              "type": "string",
              "enum": [
                "Shared",
                "Dedicated",
                "Dynamic"
              ]
            },
            {
              "$ref": "https://schema.management.azure.com/schemas/common/definitions.json#/definitions/expression"
            }
          ],
          "description": "Shared or dedicated app hosting."
        },
        "workerSize": {
          "type": "string",
          "description": "VM size of the worker pool instances."
        },
        "workerCount": {
          "oneOf": [
            {
              "type": "integer"
            },
            {
              "$ref": "https://schema.management.azure.com/schemas/common/definitions.json#/definitions/expression"
            }
          ],
          "description": "Number of instances in the worker pool."
        }
      },
      "required": [
        "type",
        "apiVersion"
      ],
      "description": "Microsoft.Web/hostingEnvironments/workerPools"
    },
    "NameValuePair": {
      "type": "object",
      "properties": {
        "name": {
          "type": "string",
          "description": "Pair name."
        },
        "value": {
          "type": "string",
          "description": "Pair value."
        }
      },
      "description": "Name value pair."
    },
    "NetworkAccessControlEntry": {
      "type": "object",
      "properties": {
        "action": {
          "oneOf": [
            {
              "type": "string",
              "enum": [
                "Permit",
                "Deny"
              ]
            },
            {
              "$ref": "https://schema.management.azure.com/schemas/common/definitions.json#/definitions/expression"
            }
          ],
          "description": "Action object."
        },
        "description": {
          "type": "string",
          "description": "Description."
        },
        "order": {
          "oneOf": [
            {
              "type": "integer"
            },
            {
              "$ref": "https://schema.management.azure.com/schemas/common/definitions.json#/definitions/expression"
            }
          ],
          "description": "Order of precedence."
        },
        "remoteSubnet": {
          "type": "string",
          "description": "Remote subnet."
        }
      },
      "description": "Network access control entry."
    },
    "VirtualNetworkProfile": {
      "type": "object",
      "properties": {
        "id": {
          "type": "string",
          "description": "Resource id of the Virtual Network."
        },
        "subnet": {
          "type": "string",
          "description": "Subnet within the Virtual Network."
        }
      },
      "description": "Specification for using a Virtual Network."
    },
    "WorkerPool": {
      "type": "object",
      "properties": {
        "workerSizeId": {
          "oneOf": [
            {
              "type": "integer"
            },
            {
              "$ref": "https://schema.management.azure.com/schemas/common/definitions.json#/definitions/expression"
            }
          ],
          "description": "Worker size ID for referencing this worker pool."
        },
        "computeMode": {
          "oneOf": [
            {
              "type": "string",
              "enum": [
                "Shared",
                "Dedicated",
                "Dynamic"
              ]
            },
            {
              "$ref": "https://schema.management.azure.com/schemas/common/definitions.json#/definitions/expression"
            }
          ],
          "description": "Shared or dedicated app hosting."
        },
        "workerSize": {
          "type": "string",
          "description": "VM size of the worker pool instances."
        },
        "workerCount": {
          "oneOf": [
            {
              "type": "integer"
            },
            {
              "$ref": "https://schema.management.azure.com/schemas/common/definitions.json#/definitions/expression"
            }
          ],
          "description": "Number of instances in the worker pool."
        }
      },
      "description": "Worker pool of an App Service Environment."
    },
    "AppServicePlan_properties": {
      "type": "object",
      "properties": {
        "name": {
          "type": "string",
          "description": "Name for the App Service plan."
        },
        "workerTierName": {
          "type": "string",
          "description": "Target worker tier assigned to the App Service plan."
        },
        "adminSiteName": {
          "type": "string",
          "description": "App Service plan administration site."
        },
        "hostingEnvironmentProfile": {
          "oneOf": [
            {
              "$ref": "#/definitions/HostingEnvironmentProfile"
            },
            {
              "$ref": "https://schema.management.azure.com/schemas/common/definitions.json#/definitions/expression"
            }
          ],
          "description": "Specification for the App Service Environment to use for the App Service plan."
        },
        "perSiteScaling": {
          "oneOf": [
            {
              "type": "boolean"
            },
            {
              "$ref": "https://schema.management.azure.com/schemas/common/definitions.json#/definitions/expression"
            }
          ],
          "description": "If <code>true</code>, apps assigned to this App Service plan can be scaled independently.\n If <code>false</code>, apps assigned to this App Service plan will scale to all instances of the plan."
        },
        "reserved": {
          "oneOf": [
            {
              "type": "boolean"
            },
            {
              "$ref": "https://schema.management.azure.com/schemas/common/definitions.json#/definitions/expression"
            }
          ],
          "description": "Reserved."
        },
        "targetWorkerCount": {
          "oneOf": [
            {
              "type": "integer"
            },
            {
              "$ref": "https://schema.management.azure.com/schemas/common/definitions.json#/definitions/expression"
            }
          ],
          "description": "Scaling worker count."
        },
        "targetWorkerSizeId": {
          "oneOf": [
            {
              "type": "integer"
            },
            {
              "$ref": "https://schema.management.azure.com/schemas/common/definitions.json#/definitions/expression"
            }
          ],
          "description": "Scaling worker size ID."
        }
      },
      "description": "ARM envelope properties"
    },
    "Capability": {
      "type": "object",
      "properties": {
        "name": {
          "type": "string",
          "description": "Name of the SKU capability."
        },
        "value": {
          "type": "string",
          "description": "Value of the SKU capability."
        },
        "reason": {
          "type": "string",
          "description": "Reason of the SKU capability."
        }
      },
      "description": "Describes the capabilities/features allowed for a specific SKU."
    },
    "HostingEnvironmentProfile": {
      "type": "object",
      "properties": {
        "id": {
          "type": "string",
          "description": "Resource ID of the App Service Environment."
        }
      },
      "description": "Specification for an App Service Environment to use for this resource."
    },
    "SkuCapacity": {
      "type": "object",
      "properties": {
        "minimum": {
          "oneOf": [
            {
              "type": "integer"
            },
            {
              "$ref": "https://schema.management.azure.com/schemas/common/definitions.json#/definitions/expression"
            }
          ],
          "description": "Minimum number of workers for this App Service plan SKU."
        },
        "maximum": {
          "oneOf": [
            {
              "type": "integer"
            },
            {
              "$ref": "https://schema.management.azure.com/schemas/common/definitions.json#/definitions/expression"
            }
          ],
          "description": "Maximum number of workers for this App Service plan SKU."
        },
        "default": {
          "oneOf": [
            {
              "type": "integer"
            },
            {
              "$ref": "https://schema.management.azure.com/schemas/common/definitions.json#/definitions/expression"
            }
          ],
          "description": "Default number of workers for this App Service plan SKU."
        },
        "scaleType": {
          "type": "string",
          "description": "Available scale configurations for an App Service plan."
        }
      },
      "description": "Description of the App Service plan scale options."
    },
    "SkuDescription": {
      "type": "object",
      "properties": {
        "name": {
          "type": "string",
          "description": "Name of the resource SKU."
        },
        "tier": {
          "type": "string",
          "description": "Service tier of the resource SKU."
        },
        "size": {
          "type": "string",
          "description": "Size specifier of the resource SKU."
        },
        "family": {
          "type": "string",
          "description": "Family code of the resource SKU."
        },
        "capacity": {
          "oneOf": [
            {
              "type": "integer"
            },
            {
              "$ref": "https://schema.management.azure.com/schemas/common/definitions.json#/definitions/expression"
            }
          ],
          "description": "Current number of instances assigned to the resource."
        },
        "skuCapacity": {
          "oneOf": [
            {
              "$ref": "#/definitions/SkuCapacity"
            },
            {
              "$ref": "https://schema.management.azure.com/schemas/common/definitions.json#/definitions/expression"
            }
          ],
          "description": "Min, max, and default scale values of the SKU."
        },
        "locations": {
          "oneOf": [
            {
              "type": "array",
              "items": {
                "type": "string"
              }
            },
            {
              "$ref": "https://schema.management.azure.com/schemas/common/definitions.json#/definitions/expression"
            }
          ],
          "description": "Locations of the SKU."
        },
        "capabilities": {
          "oneOf": [
            {
              "type": "array",
              "items": {
                "$ref": "#/definitions/Capability"
              }
            },
            {
              "$ref": "https://schema.management.azure.com/schemas/common/definitions.json#/definitions/expression"
            }
          ],
          "description": "Capabilities of the SKU, e.g., is traffic manager enabled?"
        }
      },
      "description": "Description of a SKU for a scalable resource."
    },
    "VnetGateway_properties": {
      "type": "object",
      "properties": {
        "vnetName": {
          "type": "string",
          "description": "The Virtual Network name."
        },
        "vpnPackageUri": {
          "type": "string",
          "description": "The URI where the VPN package can be downloaded."
        }
      },
      "description": "ARM envelope properties"
    },
    "VnetRoute_properties": {
      "type": "object",
      "properties": {
        "name": {
          "type": "string",
          "description": "The name of this route. This is only returned by the server and does not need to be set by the client."
        },
        "startAddress": {
          "type": "string",
          "description": "The starting address for this route. This may also include a CIDR notation, in which case the end address must not be specified."
        },
        "endAddress": {
          "type": "string",
          "description": "The ending address for this route. If the start address is specified in CIDR notation, this must be omitted."
        },
        "routeType": {
          "oneOf": [
            {
              "type": "string",
              "enum": [
                "DEFAULT",
                "INHERITED",
                "STATIC"
              ]
            },
            {
              "$ref": "https://schema.management.azure.com/schemas/common/definitions.json#/definitions/expression"
            }
          ],
          "description": "The type of route this is:\n DEFAULT - By default, every app has routes to the local address ranges specified by RFC1918\n INHERITED - Routes inherited from the real Virtual Network routes\n STATIC - Static route set on the app only\n \n These values will be used for syncing an app's routes with those from a Virtual Network."
        }
      },
      "description": "ARM envelope properties"
    }
  }
}