{
  "id": "https://schema.management.azure.com/schemas/2014-10-01-preview/Microsoft.Authorization.json",
  "$schema": "http://json-schema.org/draft-04/schema#",
  "title": "Microsoft.Authorization",
  "description": "Microsoft Microsoft.Authorization Resource Types",
  "resourceDefinitions": {
    "roleAssignments": {
      "type": "object",
      "properties": {
        "type": {
          "enum": [
            "Microsoft.Authorization/roleAssignments"
          ]
        },
        "apiVersion": {
          "enum": [
            "2014-10-01-preview"
          ]
        },
        "name": {
          "type": "string",
          "minLength": 1,
          "description": "Name of the roleAssignment"
        },
        "dependsOn": {
          "oneOf": [
            { 
              "type": "array",
              "items": {
                "type": "string",
                "minLength": 1
              }
            },
            { "$ref": "https://schema.management.azure.com/schemas/common/definitions.json#/definitions/expression" }
          ],
          "description": "Collection of resources this resource depends on"
        },
        "properties": {
          "type": "object",
          "properties": {
            "roleDefinitionId": {
              "type": "string",
              "minLength": 1,
              "description": "Microsoft.Authorization/roleAssignments: roleDefinitionId - id of the role to be used in the role assignment"
            },
            "principalId": {
              "type": "string",
              "minLength": 1,
              "description": "Microsoft.Authorization/roleAssignments: principalId - specifies the principal Id.  This maps to the id inside the directory and can point to a user, service principal, or security group"
            },
            "scope": {
              "type": "string",
              "minLength": 1,
              "description": "Microsoft.Authorization/roleAssignments: scope - specifies the scope at which this role assignment applies to"
            }
          },
          "required": [
            "roleDefinitionId",
            "principalId",
            "scope"
          ]
        }
      },
      "required": [
        "name",
        "type",
        "apiVersion",
        "properties"
      ],
      "description": "Microsoft.Authorization/roleAssignments resource"
    }
  }
}