{
  "id": "https://schema.management.azure.com/schemas/2019-04-01/Microsoft.VMwareCloudSimple.json#",
  "$schema": "http://json-schema.org/draft-04/schema#",
  "title": "Microsoft.VMwareCloudSimple",
  "description": "Microsoft VMwareCloudSimple Resource Types",
  "resourceDefinitions": {
    "dedicatedCloudNodes": {
      "type": "object",
      "properties": {
        "apiVersion": {
          "type": "string",
          "enum": [
            "2019-04-01"
          ]
        },
        "location": {
          "type": "string",
          "description": "Azure region"
        },
        "name": {
          "oneOf": [
            {
              "type": "string",
              "pattern": "^[a-zA-Z0-9]([-_.a-zA-Z0-9]*[a-zA-Z0-9])?$"
            },
            {
              "$ref": "https://schema.management.azure.com/schemas/common/definitions.json#/definitions/expression"
            }
          ],
          "description": "dedicated cloud node name"
        },
        "properties": {
          "oneOf": [
            {
              "$ref": "#/definitions/DedicatedCloudNodeProperties"
            },
            {
              "$ref": "https://schema.management.azure.com/schemas/common/definitions.json#/definitions/expression"
            }
          ],
          "description": "Properties of dedicated cloud node"
        },
        "sku": {
          "oneOf": [
            {
              "$ref": "#/definitions/Sku"
            },
            {
              "$ref": "https://schema.management.azure.com/schemas/common/definitions.json#/definitions/expression"
            }
          ],
          "description": "The purchase SKU for CloudSimple paid resources"
        },
        "tags": {
          "oneOf": [
            {
              "type": "object",
              "additionalProperties": {
                "type": "string"
              },
              "properties": {}
            },
            {
              "$ref": "https://schema.management.azure.com/schemas/common/definitions.json#/definitions/expression"
            }
          ],
          "description": "Tags model"
        },
        "type": {
          "type": "string",
          "enum": [
            "Microsoft.VMwareCloudSimple/dedicatedCloudNodes"
          ]
        }
      },
      "required": [
        "apiVersion",
        "location",
        "name",
        "properties",
        "type"
      ],
      "description": "Microsoft.VMwareCloudSimple/dedicatedCloudNodes"
    },
    "dedicatedCloudServices": {
      "type": "object",
      "properties": {
        "apiVersion": {
          "type": "string",
          "enum": [
            "2019-04-01"
          ]
        },
        "location": {
          "type": "string",
          "description": "Azure region"
        },
        "name": {
          "type": "string",
          "description": "dedicated cloud Service name"
        },
        "properties": {
          "oneOf": [
            {
              "$ref": "#/definitions/DedicatedCloudServiceProperties"
            },
            {
              "$ref": "https://schema.management.azure.com/schemas/common/definitions.json#/definitions/expression"
            }
          ],
          "description": "Properties of dedicated cloud service"
        },
        "tags": {
          "oneOf": [
            {
              "type": "object",
              "additionalProperties": {
                "type": "string"
              },
              "properties": {}
            },
            {
              "$ref": "https://schema.management.azure.com/schemas/common/definitions.json#/definitions/expression"
            }
          ],
          "description": "Tags model"
        },
        "type": {
          "type": "string",
          "enum": [
            "Microsoft.VMwareCloudSimple/dedicatedCloudServices"
          ]
        }
      },
      "required": [
        "apiVersion",
        "location",
        "name",
        "properties",
        "type"
      ],
      "description": "Microsoft.VMwareCloudSimple/dedicatedCloudServices"
    },
    "virtualMachines": {
      "type": "object",
      "properties": {
        "apiVersion": {
          "type": "string",
          "enum": [
            "2019-04-01"
          ]
        },
        "location": {
          "type": "string",
          "description": "Azure region"
        },
        "name": {
          "type": "string",
          "description": "virtual machine name"
        },
        "properties": {
          "oneOf": [
            {
              "$ref": "#/definitions/VirtualMachineProperties"
            },
            {
              "$ref": "https://schema.management.azure.com/schemas/common/definitions.json#/definitions/expression"
            }
          ],
          "description": "Properties of virtual machine"
        },
        "tags": {
          "oneOf": [
            {
              "type": "object",
              "additionalProperties": {
                "type": "string"
              },
              "properties": {}
            },
            {
              "$ref": "https://schema.management.azure.com/schemas/common/definitions.json#/definitions/expression"
            }
          ],
          "description": "Tags model"
        },
        "type": {
          "type": "string",
          "enum": [
            "Microsoft.VMwareCloudSimple/virtualMachines"
          ]
        }
      },
      "required": [
        "apiVersion",
        "location",
        "name",
        "properties",
        "type"
      ],
      "description": "Microsoft.VMwareCloudSimple/virtualMachines"
    }
  },
  "definitions": {
    "DedicatedCloudNodeProperties": {
      "type": "object",
      "properties": {
        "availabilityZoneId": {
          "type": "string",
          "description": "Availability Zone id, e.g. \"az1\""
        },
        "nodesCount": {
          "oneOf": [
            {
              "type": "integer"
            },
            {
              "$ref": "https://schema.management.azure.com/schemas/common/definitions.json#/definitions/expression"
            }
          ],
          "description": "count of nodes to create"
        },
        "placementGroupId": {
          "type": "string",
          "description": "Placement Group id, e.g. \"n1\""
        },
        "purchaseId": {
          "oneOf": [
            {
              "type": "string",
              "pattern": "^[0-9a-fA-F]{8}(-[0-9a-fA-F]{4}){3}-[0-9a-fA-F]{12}$"
            },
            {
              "$ref": "https://schema.management.azure.com/schemas/common/definitions.json#/definitions/expression"
            }
          ],
          "description": "purchase id"
        },
        "skuDescription": {
          "oneOf": [
            {
              "$ref": "#/definitions/SkuDescription"
            },
            {
              "$ref": "https://schema.management.azure.com/schemas/common/definitions.json#/definitions/expression"
            }
          ],
          "description": "The purchase SKU for CloudSimple paid resources"
        }
      },
      "required": [
        "availabilityZoneId",
        "nodesCount",
        "placementGroupId",
        "purchaseId"
      ],
      "description": "Properties of dedicated cloud node"
    },
    "DedicatedCloudServiceProperties": {
      "type": "object",
      "properties": {
        "gatewaySubnet": {
          "type": "string",
          "description": "gateway Subnet for the account. It will collect the subnet address and always treat it as /28"
        }
      },
      "required": [
        "gatewaySubnet"
      ],
      "description": "Properties of dedicated cloud service"
    },
    "GuestOSCustomization": {
      "type": "object",
      "properties": {
        "dnsServers": {
          "oneOf": [
            {
              "type": "array",
              "items": {
                "type": "string"
              }
            },
            {
              "$ref": "https://schema.management.azure.com/schemas/common/definitions.json#/definitions/expression"
            }
          ],
          "description": "List of dns servers to use"
        },
        "hostName": {
          "type": "string",
          "description": "Virtual Machine hostname"
        },
        "password": {
          "type": "string",
          "description": "Password for login"
        },
        "policyId": {
          "type": "string",
          "description": "id of customization policy"
        },
        "username": {
          "type": "string",
          "description": "Username for login"
        }
      },
      "description": "Guest OS Customization properties"
    },
    "GuestOSNICCustomization": {
      "type": "object",
      "properties": {
        "allocation": {
          "oneOf": [
            {
              "type": "string",
              "enum": [
                "static",
                "dynamic"
              ]
            },
            {
              "$ref": "https://schema.management.azure.com/schemas/common/definitions.json#/definitions/expression"
            }
          ],
          "description": "IP address allocation method."
        },
        "dnsServers": {
          "oneOf": [
            {
              "type": "array",
              "items": {
                "type": "string"
              }
            },
            {
              "$ref": "https://schema.management.azure.com/schemas/common/definitions.json#/definitions/expression"
            }
          ],
          "description": "List of dns servers to use"
        },
        "gateway": {
          "oneOf": [
            {
              "type": "array",
              "items": {
                "type": "string"
              }
            },
            {
              "$ref": "https://schema.management.azure.com/schemas/common/definitions.json#/definitions/expression"
            }
          ],
          "description": "Gateway addresses assigned to nic"
        },
        "ipAddress": {
          "oneOf": [
            {
              "type": "string",
              "pattern": "^(([0-9]|[1-9][0-9]|1[0-9]{2}|2[0-4][0-9]|25[0-5])[.]){3}([0-9]|[1-9][0-9]|1[0-9]{2}|2[0-4][0-9]|25[0-5])$"
            },
            {
              "$ref": "https://schema.management.azure.com/schemas/common/definitions.json#/definitions/expression"
            }
          ]
        },
        "mask": {
          "oneOf": [
            {
              "type": "string",
              "pattern": "^(([0-9]|[1-9][0-9]|1[0-9]{2}|2[0-4][0-9]|25[0-5])[.]){3}([0-9]|[1-9][0-9]|1[0-9]{2}|2[0-4][0-9]|25[0-5])$"
            },
            {
              "$ref": "https://schema.management.azure.com/schemas/common/definitions.json#/definitions/expression"
            }
          ]
        },
        "primaryWinsServer": {
          "oneOf": [
            {
              "type": "string",
              "pattern": "^(([0-9]|[1-9][0-9]|1[0-9]{2}|2[0-4][0-9]|25[0-5])[.]){3}([0-9]|[1-9][0-9]|1[0-9]{2}|2[0-4][0-9]|25[0-5])$"
            },
            {
              "$ref": "https://schema.management.azure.com/schemas/common/definitions.json#/definitions/expression"
            }
          ]
        },
        "secondaryWinsServer": {
          "oneOf": [
            {
              "type": "string",
              "pattern": "^(([0-9]|[1-9][0-9]|1[0-9]{2}|2[0-4][0-9]|25[0-5])[.]){3}([0-9]|[1-9][0-9]|1[0-9]{2}|2[0-4][0-9]|25[0-5])$"
            },
            {
              "$ref": "https://schema.management.azure.com/schemas/common/definitions.json#/definitions/expression"
            }
          ]
        }
      },
      "description": "Guest OS nic customization"
    },
    "ResourcePool": {
      "type": "object",
      "properties": {
        "id": {
          "type": "string",
          "description": "resource pool id (privateCloudId:vsphereId)"
        },
        "properties": {
          "oneOf": [
            {
              "$ref": "#/definitions/ResourcePoolProperties"
            },
            {
              "$ref": "https://schema.management.azure.com/schemas/common/definitions.json#/definitions/expression"
            }
          ],
          "description": "Properties of resource pool"
        }
      },
      "required": [
        "id"
      ],
      "description": "Resource pool model"
    },
    "ResourcePoolProperties": {
      "type": "object",
      "properties": {},
      "description": "Properties of resource pool"
    },
    "Sku": {
      "type": "object",
      "properties": {
        "capacity": {
          "type": "string",
          "description": "The capacity of the SKU"
        },
        "description": {
          "type": "string",
          "description": "dedicatedCloudNode example: 8 x Ten-Core Intel® Xeon® Processor E5-2640 v4 2.40GHz 25MB Cache (90W); 12 x 64GB PC4-19200 2400MHz DDR4 ECC Registered DIMM, ..."
        },
        "family": {
          "type": "string",
          "description": "If the service has different generations of hardware, for the same SKU, then that can be captured here"
        },
        "name": {
          "type": "string",
          "description": "The name of the SKU for VMWare CloudSimple Node"
        },
        "tier": {
          "type": "string",
          "description": "The tier of the SKU"
        }
      },
      "required": [
        "name"
      ],
      "description": "The purchase SKU for CloudSimple paid resources"
    },
    "SkuDescription": {
      "type": "object",
      "properties": {
        "id": {
          "type": "string",
          "description": "SKU's id"
        },
        "name": {
          "type": "string",
          "description": "SKU's name"
        }
      },
      "required": [
        "id",
        "name"
      ],
      "description": "The purchase SKU for CloudSimple paid resources"
    },
    "VirtualDisk": {
      "type": "object",
      "properties": {
        "controllerId": {
          "type": "string",
          "description": "Disk's Controller id"
        },
        "independenceMode": {
          "oneOf": [
            {
              "type": "string",
              "enum": [
                "persistent",
                "independent_persistent",
                "independent_nonpersistent"
              ]
            },
            {
              "$ref": "https://schema.management.azure.com/schemas/common/definitions.json#/definitions/expression"
            }
          ],
          "description": "Disk's independence mode type."
        },
        "totalSize": {
          "oneOf": [
            {
              "type": "integer"
            },
            {
              "$ref": "https://schema.management.azure.com/schemas/common/definitions.json#/definitions/expression"
            }
          ],
          "description": "Disk's total size"
        },
        "virtualDiskId": {
          "type": "string",
          "description": "Disk's id"
        }
      },
      "required": [
        "controllerId",
        "independenceMode",
        "totalSize"
      ],
      "description": "Virtual disk model"
    },
    "VirtualMachineProperties": {
      "type": "object",
      "properties": {
        "amountOfRam": {
          "oneOf": [
            {
              "type": "integer"
            },
            {
              "$ref": "https://schema.management.azure.com/schemas/common/definitions.json#/definitions/expression"
            }
          ],
          "description": "The amount of memory"
        },
        "customization": {
          "oneOf": [
            {
              "$ref": "#/definitions/GuestOSCustomization"
            },
            {
              "$ref": "https://schema.management.azure.com/schemas/common/definitions.json#/definitions/expression"
            }
          ],
          "description": "Guest OS Customization properties"
        },
        "disks": {
          "oneOf": [
            {
              "type": "array",
              "items": {
                "$ref": "#/definitions/VirtualDisk"
              }
            },
            {
              "$ref": "https://schema.management.azure.com/schemas/common/definitions.json#/definitions/expression"
            }
          ],
          "description": "The list of Virtual Disks"
        },
        "exposeToGuestVM": {
          "oneOf": [
            {
              "type": "boolean"
            },
            {
              "$ref": "https://schema.management.azure.com/schemas/common/definitions.json#/definitions/expression"
            }
          ],
          "description": "Expose Guest OS or not"
        },
        "nics": {
          "oneOf": [
            {
              "type": "array",
              "items": {
                "$ref": "#/definitions/VirtualNic"
              }
            },
            {
              "$ref": "https://schema.management.azure.com/schemas/common/definitions.json#/definitions/expression"
            }
          ],
          "description": "The list of Virtual NICs"
        },
        "numberOfCores": {
          "oneOf": [
            {
              "type": "integer"
            },
            {
              "$ref": "https://schema.management.azure.com/schemas/common/definitions.json#/definitions/expression"
            }
          ],
          "description": "The number of CPU cores"
        },
        "password": {
          "type": "string",
          "description": "Password for login. Deprecated - use customization property"
        },
        "privateCloudId": {
          "type": "string",
          "description": "Private Cloud Id"
        },
        "resourcePool": {
          "oneOf": [
            {
              "$ref": "#/definitions/ResourcePool"
            },
            {
              "$ref": "https://schema.management.azure.com/schemas/common/definitions.json#/definitions/expression"
            }
          ],
          "description": "Resource pool model"
        },
        "templateId": {
          "type": "string",
          "description": "Virtual Machine Template Id"
        },
        "username": {
          "type": "string",
          "description": "Username for login. Deprecated - use customization property"
        },
        "vSphereNetworks": {
          "oneOf": [
            {
              "type": "array",
              "items": {
                "type": "string"
              }
            },
            {
              "$ref": "https://schema.management.azure.com/schemas/common/definitions.json#/definitions/expression"
            }
          ],
          "description": "The list of Virtual VSphere Networks"
        }
      },
      "required": [
        "amountOfRam",
        "numberOfCores",
        "privateCloudId"
      ],
      "description": "Properties of virtual machine"
    },
    "VirtualNetwork": {
      "type": "object",
      "properties": {
        "id": {
          "type": "string",
          "description": "virtual network id (privateCloudId:vsphereId)"
        },
        "properties": {
          "oneOf": [
            {
              "$ref": "#/definitions/VirtualNetworkProperties"
            },
            {
              "$ref": "https://schema.management.azure.com/schemas/common/definitions.json#/definitions/expression"
            }
          ],
          "description": "Properties of virtual network"
        }
      },
      "required": [
        "id"
      ],
      "description": "Virtual network model"
    },
    "VirtualNetworkProperties": {
      "type": "object",
      "properties": {},
      "description": "Properties of virtual network"
    },
    "VirtualNic": {
      "type": "object",
      "properties": {
        "customization": {
          "oneOf": [
            {
              "$ref": "#/definitions/GuestOSNICCustomization"
            },
            {
              "$ref": "https://schema.management.azure.com/schemas/common/definitions.json#/definitions/expression"
            }
          ],
          "description": "Guest OS nic customization"
        },
        "ipAddresses": {
          "oneOf": [
            {
              "type": "array",
              "items": {
                "type": "string"
              }
            },
            {
              "$ref": "https://schema.management.azure.com/schemas/common/definitions.json#/definitions/expression"
            }
          ],
          "description": "NIC ip address"
        },
        "macAddress": {
          "type": "string",
          "description": "NIC MAC address"
        },
        "network": {
          "oneOf": [
            {
              "$ref": "#/definitions/VirtualNetwork"
            },
            {
              "$ref": "https://schema.management.azure.com/schemas/common/definitions.json#/definitions/expression"
            }
          ],
          "description": "Virtual network model"
        },
        "nicType": {
          "oneOf": [
            {
              "type": "string",
              "enum": [
                "E1000",
                "E1000E",
                "PCNET32",
                "VMXNET",
                "VMXNET2",
                "VMXNET3"
              ]
            },
            {
              "$ref": "https://schema.management.azure.com/schemas/common/definitions.json#/definitions/expression"
            }
          ],
          "description": "NIC type."
        },
        "powerOnBoot": {
          "oneOf": [
            {
              "type": "boolean"
            },
            {
              "$ref": "https://schema.management.azure.com/schemas/common/definitions.json#/definitions/expression"
            }
          ],
          "description": "Is NIC powered on/off on boot"
        },
        "virtualNicId": {
          "type": "string",
          "description": "NIC id"
        }
      },
      "required": [
        "network",
        "nicType"
      ],
      "description": "Virtual NIC model"
    }
  }
}