{
  "id": "https://schema.management.azure.com/schemas/2015-04-01/Microsoft.NotificationHubs.json",
  "$schema": "http://json-schema.org/draft-04/schema#",
  "title": "Microsoft.NotificationHubs",
  "description": "Microsoft Notification Hubs",
  "resourceDefinitions": {
    "namespaces": {
      "type": "object",
      "properties": {
        "type": {
          "enum": [
            "Microsoft.NotificationHubs/namespaces"
          ]
        },
        "apiVersion": {
          "enum": [
            "2015-04-01"
          ]
        },
        "properties": {
          "type": "object",
          "properties": {
            "name": {
              "type": "string",
              "minLength": 1,
              "description": "Microsoft.NotificationHubs/namespaces: The name of the namespace."
            },
            "namespaceType": {
              "oneOf": [
                {
                  "enum": [
                    "NotificationHub"
                  ]
                },
                {
                  "$ref": "https://schema.management.azure.com/schemas/common/definitions.json#/definitions/expression"
                }
              ],
              "description": "Microsoft.NotificationHubs/namespaces: The type of the namespace"
            }
          },
          "required": [
            "namespaceType"
          ]
        },
        "resources": {
          "type": "array",
          "items": {
            "allOf": [
              {
                "$ref": "https://schema.management.azure.com/schemas/common/definitions.json#/definitions/resourceBase"
              },
              {
                "$ref": "#/resourceDefinitions/notificationHubs"
              }
            ]
          },
          "description": "Microsoft.NotificationHubs/namespaces: Collection of NotificationHubs resources."
        }
      },
      "required": [
        "type",
        "apiVersion",
        "properties"
      ],
      "description": "Microsoft.NotificationHubs/namespaces resource"
    },
    "namespaces_authorizationRules": {
      "type": "object",
      "properties": {
        "name": {
          "type": "string",
          "minLength": 1,
          "maxLength": 50,
          "description": "The authorization rule name."
        },
        "type": {
          "type": "string",
          "enum": [
            "Microsoft.NotificationHubs/namespaces/AuthorizationRules"
          ]
        },
        "apiVersion": {
          "type": "string",
          "enum": [
            "2015-04-01"
          ]
        },
        "properties": {
          "oneOf": [
            {
              "$ref": "#/definitions/SBAuthorizationRuleProperties"
            },
            {
              "$ref": "https://schema.management.azure.com/schemas/common/definitions.json#/definitions/expression"
            }
          ],
          "description": "AuthorizationRule properties."
        }
      },
      "required": [
        "name",
        "type",
        "apiVersion",
        "properties"
      ],
      "description": "Microsoft.NotificationHubs/namespaces/AuthorizationRules"
    },
    "notificationHubs": {
      "type": "object",
      "properties": {
        "type": {
          "enum": [
            "Microsoft.NotificationHubs/namespaces/notificationHubs"
          ]
        },
        "apiVersion": {
          "enum": [
            "2015-04-01"
          ]
        },
        "properties": {
          "type": "object",
          "properties": {
            "wnsCredential": {
              "oneOf": [
                {
                  "type": "object",
                  "properties": {
                    "packageSid": {
                      "type": "string",
                      "minLength": 1,
                      "description": "Microsoft.NotificationHubs/namespaces/notificationHubs: The Package SID provided by Windows Live Application Management when registering the application."
                    },
                    "secretKey": {
                      "type": "string",
                      "minLength": 1,
                      "description": "Microsoft.NotificationHubs/namespaces/notificationHubs: The Secret Key associated with the packageSid provided by Windows Live Application Management when registering the application."
                    },
                    "windowsLiveEndpoint": {
                      "type": "string",
                      "minLength": 1,
                      "description": "Microsoft.NotificationHubs/namespaces/notificationHubs: The Windows Live Endpoint used to retrieve the Access Token for the application"
                    }
                  }
                },
                {
                  "$ref": "https://schema.management.azure.com/schemas/common/definitions.json#/definitions/expression"
                }
              ],
              "description": "Microsoft.NotificationHubs/namespaces/notificationHubs: WNS credentials for a Notification Hub."
            },
            "apnsCredential": {
              "oneOf": [
                {
                  "type": "object",
                  "properties": {
                    "apnsCertificate": {
                      "type": "string",
                      "minLength": 1,
                      "description": "Microsoft.NotificationHubs/namespaces/notificationHubs: A certificate (in base 64 format) provided by Apple on the iOS Provisioning Portal"
                    },
                    "certificateKey": {
                      "type": "string",
                      "minLength": 1,
                      "description": "Microsoft.NotificationHubs/namespaces/notificationHubs: The Certificate Key provided by the iOS Provisioning Portal when registering the application"
                    },
                    "endpoint": {
                      "type": "string",
                      "minLength": 1,
                      "description": "Microsoft.NotificationHubs/namespaces/notificationHubs: The APNS endpoint to which our service connects. This is one of two values: gateway.sandbox.push.apple.com for the sandbox endpoint or gateway.push.apple.com, for the production endpoint. Any other value is invalid."
                    }
                  }
                },
                {
                  "$ref": "https://schema.management.azure.com/schemas/common/definitions.json#/definitions/expression"
                }
              ],
              "description": "Microsoft.NotificationHubs/namespaces/notificationHubs: APNS credentials for a Notification Hub."
            },
            "gcmCredential": {
              "oneOf": [
                {
                  "type": "object",
                  "properties": {
                    "googleApiKey": {
                      "type": "string",
                      "minLength": 1,
                      "description": "Microsoft.NotificationHubs/namespaces/notificationHubs: Google API key for authenticating with GCM"
                    },
                    "gcmEndpoint": {
                      "type": "string",
                      "minLength": 1,
                      "description": "Microsoft.NotificationHubs/namespaces/notificationHubs: The GCM endpoint to which our connects. Valid endpoint: https://android.googleapis.com/gcm/send . Other values are invalid."
                    }
                  }
                },
                {
                  "$ref": "https://schema.management.azure.com/schemas/common/definitions.json#/definitions/expression"
                }
              ],
              "description": "Microsoft.NotificationHubs/namespaces/notificationHubs: GCM credentials for a Notification Hub."
            },
            "mpnsCredential": {
              "oneOf": [
                {
                  "type": "object",
                  "properties": {
                    "mpnsCertificate": {
                      "type": "string",
                      "minLength": 1,
                      "description": "Microsoft.NotificationHubs/namespaces/notificationHubs: A certificate (in base 64 format) uploaded to the Windows Phone portal"
                    },
                    "certificateKey": {
                      "type": "string",
                      "minLength": 1,
                      "description": "Microsoft.NotificationHubs/namespaces/notificationHubs: The Certificate Key provided by the Windows Phone Portal when registering the application"
                    }
                  }
                },
                {
                  "$ref": "https://schema.management.azure.com/schemas/common/definitions.json#/definitions/expression"
                }
              ],
              "description": "Microsoft.NotificationHubs/namespaces/notificationHubs: MPNS credentials for a Notification Hub."
            },
            "AdmCredential": {
              "oneOf": [
                {
                  "type": "object",
                  "properties": {
                    "clientId": {
                      "type": "string",
                      "minLength": 1,
                      "description": "Microsoft.NotificationHubs/namespaces/notificationHubs: ClientId for authenticating with ADM"
                    },
                    "clientSecret": {
                      "type": "string",
                      "minLength": 1,
                      "description": "Microsoft.NotificationHubs/namespaces/notificationHubs: ClientSecret for authenticating with ADM"
                    },
                    "authTokenUrl": {
                      "type": "string",
                      "minLength": 1,
                      "description": "Microsoft.NotificationHubs/namespaces/notificationHubs: The AuthToken URL. valid endpoint: https://api.amazon.com/auth/O2/token . Other values are invalid."
                    }
                  }
                },
                {
                  "$ref": "https://schema.management.azure.com/schemas/common/definitions.json#/definitions/expression"
                }
              ],
              "description": "Microsoft.NotificationHubs/namespaces/notificationHubs: ADM credentials for a Notification Hub."
            },
            "BaiduCredential": {
              "oneOf": [
                {
                  "type": "object",
                  "properties": {
                    "baiduApiKey": {
                      "type": "string",
                      "minLength": 1,
                      "description": "Microsoft.NotificationHubs/namespaces/notificationHubs: ApiKey provided by the Baidu portal"
                    },
                    "baiduSecretKey": {
                      "type": "string",
                      "minLength": 1,
                      "description": "Microsoft.NotificationHubs/namespaces/notificationHubs: SecretKey provided by the Baidu portal"
                    },
                    "baiduEndPoint": {
                      "type": "string",
                      "minLength": 1,
                      "description": "Microsoft.NotificationHubs/namespaces/notificationHubs: The Baidu endpoint to which our service connects"
                    }
                  }
                },
                {
                  "$ref": "https://schema.management.azure.com/schemas/common/definitions.json#/definitions/expression"
                }
              ],
              "description": "Microsoft.NotificationHubs/namespaces/notificationHubs: Baidu credentials for a Notification Hub."
            },
            "authorizationRules": {
              "oneOf": [
                {
                  "type": "object",
                  "properties": {
                    "keyName": {
                      "type": "string",
                      "minLength": 1,
                      "description": "Microsoft.NotificationHubs/namespaces/notificationHubs: Authorization Rule Name"
                    },
                    "primaryKey": {
                      "type": "string",
                      "minLength": 1,
                      "description": "Microsoft.NotificationHubs/namespaces/notificationHubs: Authorization Rule Primary Key Value"
                    },
                    "secondaryKey": {
                      "type": "string",
                      "minLength": 1,
                      "description": "Microsoft.NotificationHubs/namespaces/notificationHubs:  Authorization Rule Secondary Key Value"
                    },
                    "rights": {
                      "enum": [
                        "Send",
                        "Manage",
                        "Listen"
                      ],
                      "description": "Microsoft.NotificationHubs/namespaces/notificationHubs: Authorization Rule Rights"
                    }
                  }
                },
                {
                  "$ref": "https://schema.management.azure.com/schemas/common/definitions.json#/definitions/expression"
                }
              ],
              "description": "Microsoft.NotificationHubs/namespaces/notificationHubs: Authorization Rules for a Notification Hub."
            }
          }
        }
      },
      "required": [
        "type",
        "apiVersion",
        "properties"
      ],
      "description": "Microsoft.NotificationHubs/namespaces/notificationHubs resource"
    },
    "namespaces_notificationhubs_authorizationRules": {
      "type": "object",
      "properties": {
        "name": {
          "type": "string",
          "minLength": 1,
          "maxLength": 50,
          "description": "The authorizationrule name."
        },
        "type": {
          "type": "string",
          "enum": [
            "Microsoft.NotificationHubs/namespaces/NotificationHubs/authorizationRules"
          ]
        },
        "apiVersion": {
          "type": "string",
          "enum": [
            "2015-04-01"
          ]
        },
        "properties": {
          "oneOf": [
            {
              "$ref": "#/definitions/SBAuthorizationRuleProperties"
            },
            {
              "$ref": "https://schema.management.azure.com/schemas/common/definitions.json#/definitions/expression"
            }
          ],
          "description": "AuthorizationRule properties."
        }
      },
      "required": [
        "name",
        "type",
        "apiVersion",
        "properties"
      ],
      "description": "Microsoft.NotificationHubs/namespaces/queues/authorizationRules"
    }
  },
  "definitions": {
    "SBAuthorizationRuleProperties": {
      "type": "object",
      "properties": {
        "rights": {
          "oneOf": [
            {
              "type": "array",
              "items": {
                "type": "string",
                "enum": [
                  "Manage",
                  "Send",
                  "Listen"
                ]
              }
            },
            {
              "$ref": "https://schema.management.azure.com/schemas/common/definitions.json#/definitions/expression"
            }
          ],
          "description": "The rights associated with the rule."
        }
      },
      "required": [
        "rights"
      ],
      "description": "AuthorizationRule properties."
    },
    "SBNamespaceProperties": {
      "description": "Properties of the namespace."
    }
  }
}