{
  "id": "https://schema.management.azure.com/schemas/2019-06-01-preview/Microsoft.Synapse.json#",
  "$schema": "http://json-schema.org/draft-04/schema#",
  "title": "Microsoft.Synapse",
  "description": "Microsoft Synapse Resource Types",
  "resourceDefinitions": {
    "workspaces": {
      "type": "object",
      "properties": {
        "apiVersion": {
          "type": "string",
          "enum": [
            "2019-06-01-preview"
          ]
        },
        "identity": {
          "oneOf": [
            {
              "$ref": "#/definitions/ManagedIdentity"
            },
            {
              "$ref": "https://schema.management.azure.com/schemas/common/definitions.json#/definitions/expression"
            }
          ],
          "description": "The workspace managed identity"
        },
        "location": {
          "type": "string",
          "description": "The geo-location where the resource lives"
        },
        "name": {
          "type": "string",
          "description": "The name of the workspace"
        },
        "properties": {
          "oneOf": [
            {
              "$ref": "#/definitions/WorkspaceProperties"
            },
            {
              "$ref": "https://schema.management.azure.com/schemas/common/definitions.json#/definitions/expression"
            }
          ],
          "description": "Workspace properties"
        },
        "resources": {
          "type": "array",
          "items": {
            "oneOf": [
              {
                "$ref": "#/definitions/workspaces_bigDataPools_childResource"
              },
              {
                "$ref": "#/definitions/workspaces_firewallRules_childResource"
              },
              {
                "$ref": "#/definitions/workspaces_sqlPools_childResource"
              },
              {
                "$ref": "#/definitions/workspaces_administrators_childResource"
              },
              {
                "$ref": "#/definitions/workspaces_managedIdentitySqlControlSettings_childResource"
              }
            ]
          }
        },
        "tags": {
          "oneOf": [
            {
              "type": "object",
              "additionalProperties": {
                "type": "string"
              },
              "properties": {}
            },
            {
              "$ref": "https://schema.management.azure.com/schemas/common/definitions.json#/definitions/expression"
            }
          ],
          "description": "Resource tags."
        },
        "type": {
          "type": "string",
          "enum": [
            "Microsoft.Synapse/workspaces"
          ]
        }
      },
      "required": [
        "apiVersion",
        "location",
        "name",
        "properties",
        "type"
      ],
      "description": "Microsoft.Synapse/workspaces"
    },
    "workspaces_administrators": {
      "type": "object",
      "properties": {
        "apiVersion": {
          "type": "string",
          "enum": [
            "2019-06-01-preview"
          ]
        },
        "name": {
          "oneOf": [
            {
              "type": "string",
              "pattern": "^.*/activeDirectory$"
            },
            {
              "$ref": "https://schema.management.azure.com/schemas/common/definitions.json#/definitions/expression"
            }
          ]
        },
        "properties": {
          "oneOf": [
            {
              "$ref": "#/definitions/AadAdminProperties"
            },
            {
              "$ref": "https://schema.management.azure.com/schemas/common/definitions.json#/definitions/expression"
            }
          ],
          "description": "Workspace active directory administrator properties"
        },
        "type": {
          "type": "string",
          "enum": [
            "Microsoft.Synapse/workspaces/administrators"
          ]
        }
      },
      "required": [
        "apiVersion",
        "name",
        "properties",
        "type"
      ],
      "description": "Microsoft.Synapse/workspaces/administrators"
    },
    "workspaces_bigDataPools": {
      "type": "object",
      "properties": {
        "apiVersion": {
          "type": "string",
          "enum": [
            "2019-06-01-preview"
          ]
        },
        "location": {
          "type": "string",
          "description": "The geo-location where the resource lives"
        },
        "name": {
          "type": "string",
          "description": "Big Data pool name"
        },
        "properties": {
          "oneOf": [
            {
              "$ref": "#/definitions/BigDataPoolResourceProperties"
            },
            {
              "$ref": "https://schema.management.azure.com/schemas/common/definitions.json#/definitions/expression"
            }
          ],
          "description": "Properties of a Big Data pool powered by Apache Spark"
        },
        "tags": {
          "oneOf": [
            {
              "type": "object",
              "additionalProperties": {
                "type": "string"
              },
              "properties": {}
            },
            {
              "$ref": "https://schema.management.azure.com/schemas/common/definitions.json#/definitions/expression"
            }
          ],
          "description": "Resource tags."
        },
        "type": {
          "type": "string",
          "enum": [
            "Microsoft.Synapse/workspaces/bigDataPools"
          ]
        }
      },
      "required": [
        "apiVersion",
        "location",
        "name",
        "properties",
        "type"
      ],
      "description": "Microsoft.Synapse/workspaces/bigDataPools"
    },
    "workspaces_firewallRules": {
      "type": "object",
      "properties": {
        "apiVersion": {
          "type": "string",
          "enum": [
            "2019-06-01-preview"
          ]
        },
        "name": {
          "type": "string",
          "description": "The IP firewall rule name"
        },
        "properties": {
          "oneOf": [
            {
              "$ref": "#/definitions/IpFirewallRuleProperties"
            },
            {
              "$ref": "https://schema.management.azure.com/schemas/common/definitions.json#/definitions/expression"
            }
          ],
          "description": "IP firewall rule properties"
        },
        "type": {
          "type": "string",
          "enum": [
            "Microsoft.Synapse/workspaces/firewallRules"
          ]
        }
      },
      "required": [
        "apiVersion",
        "name",
        "properties",
        "type"
      ],
      "description": "Microsoft.Synapse/workspaces/firewallRules"
    },
    "workspaces_managedIdentitySqlControlSettings": {
      "type": "object",
      "properties": {
        "apiVersion": {
          "type": "string",
          "enum": [
            "2019-06-01-preview"
          ]
        },
        "name": {
          "oneOf": [
            {
              "type": "string",
              "pattern": "^.*/default$"
            },
            {
              "$ref": "https://schema.management.azure.com/schemas/common/definitions.json#/definitions/expression"
            }
          ]
        },
        "properties": {
          "oneOf": [
            {
              "$ref": "#/definitions/ManagedIdentitySqlControlSettingsModelProperties"
            },
            {
              "$ref": "https://schema.management.azure.com/schemas/common/definitions.json#/definitions/expression"
            }
          ],
          "description": "Sql Control Settings for workspace managed identity"
        },
        "type": {
          "type": "string",
          "enum": [
            "Microsoft.Synapse/workspaces/managedIdentitySqlControlSettings"
          ]
        }
      },
      "required": [
        "apiVersion",
        "name",
        "properties",
        "type"
      ],
      "description": "Microsoft.Synapse/workspaces/managedIdentitySqlControlSettings"
    },
    "workspaces_sqlPools": {
      "type": "object",
      "properties": {
        "apiVersion": {
          "type": "string",
          "enum": [
            "2019-06-01-preview"
          ]
        },
        "location": {
          "type": "string",
          "description": "The geo-location where the resource lives"
        },
        "name": {
          "type": "string",
          "description": "SQL pool name"
        },
        "properties": {
          "oneOf": [
            {
              "$ref": "#/definitions/SqlPoolResourceProperties"
            },
            {
              "$ref": "https://schema.management.azure.com/schemas/common/definitions.json#/definitions/expression"
            }
          ],
          "description": "Properties of a SQL Analytics pool"
        },
        "resources": {
          "type": "array",
          "items": {
            "oneOf": [
              {
                "$ref": "#/definitions/workspaces_sqlPools_metadataSync_childResource"
              },
              {
                "$ref": "#/definitions/workspaces_sqlPools_transparentDataEncryption_childResource"
              },
              {
                "$ref": "#/definitions/workspaces_sqlPools_auditingSettings_childResource"
              },
              {
                "$ref": "#/definitions/workspaces_sqlPools_vulnerabilityAssessments_childResource"
              },
              {
                "$ref": "#/definitions/workspaces_sqlPools_securityAlertPolicies_childResource"
              }
            ]
          }
        },
        "sku": {
          "oneOf": [
            {
              "$ref": "#/definitions/Sku"
            },
            {
              "$ref": "https://schema.management.azure.com/schemas/common/definitions.json#/definitions/expression"
            }
          ],
          "description": "SQL pool SKU"
        },
        "tags": {
          "oneOf": [
            {
              "type": "object",
              "additionalProperties": {
                "type": "string"
              },
              "properties": {}
            },
            {
              "$ref": "https://schema.management.azure.com/schemas/common/definitions.json#/definitions/expression"
            }
          ],
          "description": "Resource tags."
        },
        "type": {
          "type": "string",
          "enum": [
            "Microsoft.Synapse/workspaces/sqlPools"
          ]
        }
      },
      "required": [
        "apiVersion",
        "location",
        "name",
        "properties",
        "type"
      ],
      "description": "Microsoft.Synapse/workspaces/sqlPools"
    },
    "workspaces_sqlPools_auditingSettings": {
      "type": "object",
      "properties": {
        "apiVersion": {
          "type": "string",
          "enum": [
            "2019-06-01-preview"
          ]
        },
        "name": {
          "oneOf": [
            {
              "type": "string",
              "pattern": "^.*/default$"
            },
            {
              "$ref": "https://schema.management.azure.com/schemas/common/definitions.json#/definitions/expression"
            }
          ],
          "description": "The name of the blob auditing policy."
        },
        "properties": {
          "oneOf": [
            {
              "$ref": "#/definitions/SqlPoolBlobAuditingPolicyProperties"
            },
            {
              "$ref": "https://schema.management.azure.com/schemas/common/definitions.json#/definitions/expression"
            }
          ],
          "description": "Properties of a Sql pool blob auditing policy."
        },
        "type": {
          "type": "string",
          "enum": [
            "Microsoft.Synapse/workspaces/sqlPools/auditingSettings"
          ]
        }
      },
      "required": [
        "apiVersion",
        "name",
        "properties",
        "type"
      ],
      "description": "Microsoft.Synapse/workspaces/sqlPools/auditingSettings"
    },
    "workspaces_sqlPools_metadataSync": {
      "type": "object",
      "properties": {
        "apiVersion": {
          "type": "string",
          "enum": [
            "2019-06-01-preview"
          ]
        },
        "name": {
          "oneOf": [
            {
              "type": "string",
              "pattern": "^.*/config$"
            },
            {
              "$ref": "https://schema.management.azure.com/schemas/common/definitions.json#/definitions/expression"
            }
          ]
        },
        "properties": {
          "oneOf": [
            {
              "$ref": "#/definitions/MetadataSyncConfigProperties"
            },
            {
              "$ref": "https://schema.management.azure.com/schemas/common/definitions.json#/definitions/expression"
            }
          ],
          "description": "Metadata Sync Config properties"
        },
        "type": {
          "type": "string",
          "enum": [
            "Microsoft.Synapse/workspaces/sqlPools/metadataSync"
          ]
        }
      },
      "required": [
        "apiVersion",
        "name",
        "properties",
        "type"
      ],
      "description": "Microsoft.Synapse/workspaces/sqlPools/metadataSync"
    },
    "workspaces_sqlPools_schemas_tables_columns_sensitivityLabels": {
      "type": "object",
      "properties": {
        "apiVersion": {
          "type": "string",
          "enum": [
            "2019-06-01-preview"
          ]
        },
        "name": {
          "oneOf": [
            {
              "type": "string",
              "pattern": "^.*/current$"
            },
            {
              "$ref": "https://schema.management.azure.com/schemas/common/definitions.json#/definitions/expression"
            }
          ],
          "description": "The source of the sensitivity label."
        },
        "properties": {
          "oneOf": [
            {
              "$ref": "#/definitions/SensitivityLabelProperties"
            },
            {
              "$ref": "https://schema.management.azure.com/schemas/common/definitions.json#/definitions/expression"
            }
          ],
          "description": "Properties of a sensitivity label."
        },
        "type": {
          "type": "string",
          "enum": [
            "Microsoft.Synapse/workspaces/sqlPools/schemas/tables/columns/sensitivityLabels"
          ]
        }
      },
      "required": [
        "apiVersion",
        "name",
        "properties",
        "type"
      ],
      "description": "Microsoft.Synapse/workspaces/sqlPools/schemas/tables/columns/sensitivityLabels"
    },
    "workspaces_sqlPools_securityAlertPolicies": {
      "type": "object",
      "properties": {
        "apiVersion": {
          "type": "string",
          "enum": [
            "2019-06-01-preview"
          ]
        },
        "name": {
          "oneOf": [
            {
              "type": "string",
              "pattern": "^.*/default$"
            },
            {
              "$ref": "https://schema.management.azure.com/schemas/common/definitions.json#/definitions/expression"
            }
          ],
          "description": "The name of the security alert policy."
        },
        "properties": {
          "oneOf": [
            {
              "$ref": "#/definitions/SecurityAlertPolicyProperties"
            },
            {
              "$ref": "https://schema.management.azure.com/schemas/common/definitions.json#/definitions/expression"
            }
          ],
          "description": "Properties of a security alert policy."
        },
        "type": {
          "type": "string",
          "enum": [
            "Microsoft.Synapse/workspaces/sqlPools/securityAlertPolicies"
          ]
        }
      },
      "required": [
        "apiVersion",
        "name",
        "properties",
        "type"
      ],
      "description": "Microsoft.Synapse/workspaces/sqlPools/securityAlertPolicies"
    },
    "workspaces_sqlPools_transparentDataEncryption": {
      "type": "object",
      "properties": {
        "apiVersion": {
          "type": "string",
          "enum": [
            "2019-06-01-preview"
          ]
        },
        "name": {
          "oneOf": [
            {
              "type": "string",
              "pattern": "^.*/current$"
            },
            {
              "$ref": "https://schema.management.azure.com/schemas/common/definitions.json#/definitions/expression"
            }
          ],
          "description": "The name of the transparent data encryption configuration."
        },
        "properties": {
          "oneOf": [
            {
              "$ref": "#/definitions/TransparentDataEncryptionProperties"
            },
            {
              "$ref": "https://schema.management.azure.com/schemas/common/definitions.json#/definitions/expression"
            }
          ],
          "description": "Represents the properties of a database transparent data encryption."
        },
        "type": {
          "type": "string",
          "enum": [
            "Microsoft.Synapse/workspaces/sqlPools/transparentDataEncryption"
          ]
        }
      },
      "required": [
        "apiVersion",
        "name",
        "properties",
        "type"
      ],
      "description": "Microsoft.Synapse/workspaces/sqlPools/transparentDataEncryption"
    },
    "workspaces_sqlPools_vulnerabilityAssessments": {
      "type": "object",
      "properties": {
        "apiVersion": {
          "type": "string",
          "enum": [
            "2019-06-01-preview"
          ]
        },
        "name": {
          "oneOf": [
            {
              "type": "string",
              "pattern": "^.*/default$"
            },
            {
              "$ref": "https://schema.management.azure.com/schemas/common/definitions.json#/definitions/expression"
            }
          ],
          "description": "The name of the vulnerability assessment."
        },
        "properties": {
          "oneOf": [
            {
              "$ref": "#/definitions/SqlPoolVulnerabilityAssessmentProperties"
            },
            {
              "$ref": "https://schema.management.azure.com/schemas/common/definitions.json#/definitions/expression"
            }
          ],
          "description": "Properties of a Sql pool Vulnerability Assessment."
        },
        "type": {
          "type": "string",
          "enum": [
            "Microsoft.Synapse/workspaces/sqlPools/vulnerabilityAssessments"
          ]
        }
      },
      "required": [
        "apiVersion",
        "name",
        "properties",
        "type"
      ],
      "description": "Microsoft.Synapse/workspaces/sqlPools/vulnerabilityAssessments"
    },
    "workspaces_sqlPools_vulnerabilityAssessments_rules_baselines": {
      "type": "object",
      "properties": {
        "apiVersion": {
          "type": "string",
          "enum": [
            "2019-06-01-preview"
          ]
        },
        "name": {
          "oneOf": [
            {
              "type": "string",
              "enum": [
                "master",
                "default"
              ]
            },
            {
              "$ref": "https://schema.management.azure.com/schemas/common/definitions.json#/definitions/expression"
            }
          ],
          "description": "The name of the vulnerability assessment rule baseline (default implies a baseline on a Sql pool level rule and master for workspace level rule)."
        },
        "properties": {
          "oneOf": [
            {
              "$ref": "#/definitions/SqlPoolVulnerabilityAssessmentRuleBaselineProperties"
            },
            {
              "$ref": "https://schema.management.azure.com/schemas/common/definitions.json#/definitions/expression"
            }
          ],
          "description": "Properties of a Sql pool vulnerability assessment rule baseline."
        },
        "type": {
          "type": "string",
          "enum": [
            "Microsoft.Synapse/workspaces/sqlPools/vulnerabilityAssessments/rules/baselines"
          ]
        }
      },
      "required": [
        "apiVersion",
        "name",
        "properties",
        "type"
      ],
      "description": "Microsoft.Synapse/workspaces/sqlPools/vulnerabilityAssessments/rules/baselines"
    }
  },
  "definitions": {
    "AadAdminProperties": {
      "type": "object",
      "properties": {
        "administratorType": {
          "type": "string",
          "description": "Workspace active directory administrator type"
        },
        "login": {
          "type": "string",
          "description": "Login of the workspace active directory administrator"
        },
        "sid": {
          "type": "string",
          "description": "Object ID of the workspace active directory administrator"
        },
        "tenantId": {
          "type": "string",
          "description": "Tenant ID of the workspace active directory administrator"
        }
      },
      "description": "Workspace active directory administrator properties"
    },
    "AutoPauseProperties": {
      "type": "object",
      "properties": {
        "delayInMinutes": {
          "oneOf": [
            {
              "type": "integer"
            },
            {
              "$ref": "https://schema.management.azure.com/schemas/common/definitions.json#/definitions/expression"
            }
          ],
          "description": "Number of minutes of idle time before the Big Data pool is automatically paused."
        },
        "enabled": {
          "oneOf": [
            {
              "type": "boolean"
            },
            {
              "$ref": "https://schema.management.azure.com/schemas/common/definitions.json#/definitions/expression"
            }
          ],
          "description": "Whether auto-pausing is enabled for the Big Data pool."
        }
      },
      "description": "Auto-pausing properties of a Big Data pool powered by Apache Spark"
    },
    "AutoScaleProperties": {
      "type": "object",
      "properties": {
        "enabled": {
          "oneOf": [
            {
              "type": "boolean"
            },
            {
              "$ref": "https://schema.management.azure.com/schemas/common/definitions.json#/definitions/expression"
            }
          ],
          "description": "Whether automatic scaling is enabled for the Big Data pool."
        },
        "maxNodeCount": {
          "oneOf": [
            {
              "type": "integer"
            },
            {
              "$ref": "https://schema.management.azure.com/schemas/common/definitions.json#/definitions/expression"
            }
          ],
          "description": "The maximum number of nodes the Big Data pool can support."
        },
        "minNodeCount": {
          "oneOf": [
            {
              "type": "integer"
            },
            {
              "$ref": "https://schema.management.azure.com/schemas/common/definitions.json#/definitions/expression"
            }
          ],
          "description": "The minimum number of nodes the Big Data pool can support."
        }
      },
      "description": "Auto-scaling properties of a Big Data pool powered by Apache Spark"
    },
    "BigDataPoolResourceProperties": {
      "type": "object",
      "properties": {
        "autoPause": {
          "oneOf": [
            {
              "$ref": "#/definitions/AutoPauseProperties"
            },
            {
              "$ref": "https://schema.management.azure.com/schemas/common/definitions.json#/definitions/expression"
            }
          ],
          "description": "Auto-pausing properties of a Big Data pool powered by Apache Spark"
        },
        "autoScale": {
          "oneOf": [
            {
              "$ref": "#/definitions/AutoScaleProperties"
            },
            {
              "$ref": "https://schema.management.azure.com/schemas/common/definitions.json#/definitions/expression"
            }
          ],
          "description": "Auto-scaling properties of a Big Data pool powered by Apache Spark"
        },
        "creationDate": {
          "type": "string",
          "format": "date-time",
          "description": "The time when the Big Data pool was created."
        },
        "defaultSparkLogFolder": {
          "type": "string",
          "description": "The default folder where Spark logs will be written."
        },
        "libraryRequirements": {
          "oneOf": [
            {
              "$ref": "#/definitions/LibraryRequirements"
            },
            {
              "$ref": "https://schema.management.azure.com/schemas/common/definitions.json#/definitions/expression"
            }
          ],
          "description": "Library requirements for a Big Data pool powered by Apache Spark"
        },
        "nodeCount": {
          "oneOf": [
            {
              "type": "integer",
              "minimum": 3,
              "maximum": 200
            },
            {
              "$ref": "https://schema.management.azure.com/schemas/common/definitions.json#/definitions/expression"
            }
          ],
          "description": "The number of nodes in the Big Data pool."
        },
        "nodeSize": {
          "oneOf": [
            {
              "type": "string",
              "enum": [
                "None",
                "Small",
                "Medium",
                "Large"
              ]
            },
            {
              "$ref": "https://schema.management.azure.com/schemas/common/definitions.json#/definitions/expression"
            }
          ],
          "description": "The level of compute power that each node in the Big Data pool has."
        },
        "nodeSizeFamily": {
          "oneOf": [
            {
              "type": "string",
              "enum": [
                "None",
                "MemoryOptimized"
              ]
            },
            {
              "$ref": "https://schema.management.azure.com/schemas/common/definitions.json#/definitions/expression"
            }
          ],
          "description": "The kind of nodes that the Big Data pool provides."
        },
        "provisioningState": {
          "type": "string",
          "description": "The state of the Big Data pool."
        },
        "sparkEventsFolder": {
          "type": "string",
          "description": "The Spark events folder"
        },
        "sparkVersion": {
          "type": "string",
          "description": "The Apache Spark version."
        }
      },
      "description": "Properties of a Big Data pool powered by Apache Spark"
    },
    "DataLakeStorageAccountDetails": {
      "type": "object",
      "properties": {
        "accountUrl": {
          "type": "string",
          "description": "Account URL"
        },
        "filesystem": {
          "type": "string",
          "description": "Filesystem name"
        }
      },
      "description": "Details of the data lake storage account associated with the workspace"
    },
    "IpFirewallRuleProperties": {
      "type": "object",
      "properties": {
        "endIpAddress": {
          "type": "string",
          "description": "The end IP address of the firewall rule. Must be IPv4 format. Must be greater than or equal to startIpAddress"
        },
        "startIpAddress": {
          "type": "string",
          "description": "The start IP address of the firewall rule. Must be IPv4 format"
        }
      },
      "description": "IP firewall rule properties"
    },
    "LibraryRequirements": {
      "type": "object",
      "properties": {
        "content": {
          "type": "string",
          "description": "The library requirements."
        },
        "filename": {
          "type": "string",
          "description": "The filename of the library requirements file."
        }
      },
      "description": "Library requirements for a Big Data pool powered by Apache Spark"
    },
    "ManagedIdentity": {
      "type": "object",
      "properties": {
        "type": {
          "oneOf": [
            {
              "type": "string",
              "enum": [
                "None",
                "SystemAssigned"
              ]
            },
            {
              "$ref": "https://schema.management.azure.com/schemas/common/definitions.json#/definitions/expression"
            }
          ],
          "description": "The type of managed identity for the workspace."
        }
      },
      "description": "The workspace managed identity"
    },
    "ManagedIdentitySqlControlSettingsModelProperties": {
      "type": "object",
      "properties": {
        "grantSqlControlToManagedIdentity": {
          "oneOf": [
            {
              "$ref": "#/definitions/ManagedIdentitySqlControlSettingsModelPropertiesGrantSqlControlToManagedIdentity"
            },
            {
              "$ref": "https://schema.management.azure.com/schemas/common/definitions.json#/definitions/expression"
            }
          ],
          "description": "Grant sql control to managed identity"
        }
      },
      "description": "Sql Control Settings for workspace managed identity"
    },
    "ManagedIdentitySqlControlSettingsModelPropertiesGrantSqlControlToManagedIdentity": {
      "type": "object",
      "properties": {
        "desiredState": {
          "oneOf": [
            {
              "type": "string",
              "enum": [
                "Enabled",
                "Disabled"
              ]
            },
            {
              "$ref": "https://schema.management.azure.com/schemas/common/definitions.json#/definitions/expression"
            }
          ],
          "description": "Desired state."
        }
      },
      "description": "Grant sql control to managed identity"
    },
    "MetadataSyncConfigProperties": {
      "type": "object",
      "properties": {
        "enabled": {
          "oneOf": [
            {
              "type": "boolean"
            },
            {
              "$ref": "https://schema.management.azure.com/schemas/common/definitions.json#/definitions/expression"
            }
          ],
          "description": "Indicates whether the metadata sync is enabled or disabled"
        }
      },
      "description": "Metadata Sync Config properties"
    },
    "SecurityAlertPolicyProperties": {
      "type": "object",
      "properties": {
        "disabledAlerts": {
          "oneOf": [
            {
              "type": "array",
              "items": {
                "type": "string"
              }
            },
            {
              "$ref": "https://schema.management.azure.com/schemas/common/definitions.json#/definitions/expression"
            }
          ],
          "description": "Specifies an array of alerts that are disabled. Allowed values are: Sql_Injection, Sql_Injection_Vulnerability, Access_Anomaly, Data_Exfiltration, Unsafe_Action"
        },
        "emailAccountAdmins": {
          "oneOf": [
            {
              "type": "boolean"
            },
            {
              "$ref": "https://schema.management.azure.com/schemas/common/definitions.json#/definitions/expression"
            }
          ],
          "description": "Specifies that the alert is sent to the account administrators."
        },
        "emailAddresses": {
          "oneOf": [
            {
              "type": "array",
              "items": {
                "type": "string"
              }
            },
            {
              "$ref": "https://schema.management.azure.com/schemas/common/definitions.json#/definitions/expression"
            }
          ],
          "description": "Specifies an array of e-mail addresses to which the alert is sent."
        },
        "retentionDays": {
          "oneOf": [
            {
              "type": "integer"
            },
            {
              "$ref": "https://schema.management.azure.com/schemas/common/definitions.json#/definitions/expression"
            }
          ],
          "description": "Specifies the number of days to keep in the Threat Detection audit logs."
        },
        "state": {
          "oneOf": [
            {
              "type": "string",
              "enum": [
                "New",
                "Enabled",
                "Disabled"
              ]
            },
            {
              "$ref": "https://schema.management.azure.com/schemas/common/definitions.json#/definitions/expression"
            }
          ],
          "description": "Specifies the state of the policy, whether it is enabled or disabled or a policy has not been applied yet on the specific Sql pool."
        },
        "storageAccountAccessKey": {
          "type": "string",
          "description": "Specifies the identifier key of the Threat Detection audit storage account."
        },
        "storageEndpoint": {
          "type": "string",
          "description": "Specifies the blob storage endpoint (e.g. https://MyAccount.blob.core.windows.net). This blob storage will hold all Threat Detection audit logs."
        }
      },
      "required": [
        "state"
      ],
      "description": "Properties of a security alert policy."
    },
    "SensitivityLabelProperties": {
      "type": "object",
      "properties": {
        "informationType": {
          "type": "string",
          "description": "The information type."
        },
        "informationTypeId": {
          "type": "string",
          "description": "The information type ID."
        },
        "labelId": {
          "type": "string",
          "description": "The label ID."
        },
        "labelName": {
          "type": "string",
          "description": "The label name."
        }
      },
      "description": "Properties of a sensitivity label."
    },
    "Sku": {
      "type": "object",
      "properties": {
        "name": {
          "type": "string",
          "description": "The SKU name"
        },
        "tier": {
          "type": "string",
          "description": "The service tier"
        }
      },
      "description": "SQL pool SKU"
    },
    "SqlPoolBlobAuditingPolicyProperties": {
      "type": "object",
      "properties": {
        "auditActionsAndGroups": {
          "oneOf": [
            {
              "type": "array",
              "items": {
                "type": "string"
              }
            },
            {
              "$ref": "https://schema.management.azure.com/schemas/common/definitions.json#/definitions/expression"
            }
          ],
          "description": "Specifies the Actions-Groups and Actions to audit.\r\n\r\nThe recommended set of action groups to use is the following combination - this will audit all the queries and stored procedures executed against the database, as well as successful and failed logins:\r\n\r\nBATCH_COMPLETED_GROUP,\r\nSUCCESSFUL_DATABASE_AUTHENTICATION_GROUP,\r\nFAILED_DATABASE_AUTHENTICATION_GROUP.\r\n\r\nThis above combination is also the set that is configured by default when enabling auditing from the Azure portal.\r\n\r\nThe supported action groups to audit are (note: choose only specific groups that cover your auditing needs. Using unnecessary groups could lead to very large quantities of audit records):\r\n\r\nAPPLICATION_ROLE_CHANGE_PASSWORD_GROUP\r\nBACKUP_RESTORE_GROUP\r\nDATABASE_LOGOUT_GROUP\r\nDATABASE_OBJECT_CHANGE_GROUP\r\nDATABASE_OBJECT_OWNERSHIP_CHANGE_GROUP\r\nDATABASE_OBJECT_PERMISSION_CHANGE_GROUP\r\nDATABASE_OPERATION_GROUP\r\nDATABASE_PERMISSION_CHANGE_GROUP\r\nDATABASE_PRINCIPAL_CHANGE_GROUP\r\nDATABASE_PRINCIPAL_IMPERSONATION_GROUP\r\nDATABASE_ROLE_MEMBER_CHANGE_GROUP\r\nFAILED_DATABASE_AUTHENTICATION_GROUP\r\nSCHEMA_OBJECT_ACCESS_GROUP\r\nSCHEMA_OBJECT_CHANGE_GROUP\r\nSCHEMA_OBJECT_OWNERSHIP_CHANGE_GROUP\r\nSCHEMA_OBJECT_PERMISSION_CHANGE_GROUP\r\nSUCCESSFUL_DATABASE_AUTHENTICATION_GROUP\r\nUSER_CHANGE_PASSWORD_GROUP\r\nBATCH_STARTED_GROUP\r\nBATCH_COMPLETED_GROUP\r\n\r\nThese are groups that cover all sql statements and stored procedures executed against the database, and should not be used in combination with other groups as this will result in duplicate audit logs.\r\n\r\nFor more information, see [Database-Level Audit Action Groups](https://docs.microsoft.com/en-us/sql/relational-databases/security/auditing/sql-server-audit-action-groups-and-actions#database-level-audit-action-groups).\r\n\r\nFor Database auditing policy, specific Actions can also be specified (note that Actions cannot be specified for Server auditing policy). The supported actions to audit are:\r\nSELECT\r\nUPDATE\r\nINSERT\r\nDELETE\r\nEXECUTE\r\nRECEIVE\r\nREFERENCES\r\n\r\nThe general form for defining an action to be audited is:\r\n{action} ON {object} BY {principal}\r\n\r\nNote that <object> in the above format can refer to an object like a table, view, or stored procedure, or an entire database or schema. For the latter cases, the forms DATABASE::{db_name} and SCHEMA::{schema_name} are used, respectively.\r\n\r\nFor example:\r\nSELECT on dbo.myTable by public\r\nSELECT on DATABASE::myDatabase by public\r\nSELECT on SCHEMA::mySchema by public\r\n\r\nFor more information, see [Database-Level Audit Actions](https://docs.microsoft.com/en-us/sql/relational-databases/security/auditing/sql-server-audit-action-groups-and-actions#database-level-audit-actions)"
        },
        "isAzureMonitorTargetEnabled": {
          "oneOf": [
            {
              "type": "boolean"
            },
            {
              "$ref": "https://schema.management.azure.com/schemas/common/definitions.json#/definitions/expression"
            }
          ],
          "description": "Specifies whether audit events are sent to Azure Monitor. \r\nIn order to send the events to Azure Monitor, specify 'state' as 'Enabled' and 'isAzureMonitorTargetEnabled' as true.\r\n\r\nWhen using REST API to configure auditing, Diagnostic Settings with 'SQLSecurityAuditEvents' diagnostic logs category on the database should be also created.\r\nNote that for server level audit you should use the 'master' database as {databaseName}.\r\n\r\nDiagnostic Settings URI format:\r\nPUT https://management.azure.com/subscriptions/{subscriptionId}/resourceGroups/{resourceGroup}/providers/Microsoft.Sql/servers/{serverName}/databases/{databaseName}/providers/microsoft.insights/diagnosticSettings/{settingsName}?api-version=2017-05-01-preview\r\n\r\nFor more information, see [Diagnostic Settings REST API](https://go.microsoft.com/fwlink/?linkid=2033207)\r\nor [Diagnostic Settings PowerShell](https://go.microsoft.com/fwlink/?linkid=2033043)\r\n"
        },
        "isStorageSecondaryKeyInUse": {
          "oneOf": [
            {
              "type": "boolean"
            },
            {
              "$ref": "https://schema.management.azure.com/schemas/common/definitions.json#/definitions/expression"
            }
          ],
          "description": "Specifies whether storageAccountAccessKey value is the storage's secondary key."
        },
        "retentionDays": {
          "oneOf": [
            {
              "type": "integer"
            },
            {
              "$ref": "https://schema.management.azure.com/schemas/common/definitions.json#/definitions/expression"
            }
          ],
          "description": "Specifies the number of days to keep in the audit logs in the storage account."
        },
        "state": {
          "oneOf": [
            {
              "type": "string",
              "enum": [
                "Enabled",
                "Disabled"
              ]
            },
            {
              "$ref": "https://schema.management.azure.com/schemas/common/definitions.json#/definitions/expression"
            }
          ],
          "description": "Specifies the state of the policy. If state is Enabled, storageEndpoint or isAzureMonitorTargetEnabled are required."
        },
        "storageAccountAccessKey": {
          "type": "string",
          "description": "Specifies the identifier key of the auditing storage account. If state is Enabled and storageEndpoint is specified, storageAccountAccessKey is required."
        },
        "storageAccountSubscriptionId": {
          "oneOf": [
            {
              "type": "string",
              "pattern": "^[0-9a-fA-F]{8}(-[0-9a-fA-F]{4}){3}-[0-9a-fA-F]{12}$"
            },
            {
              "$ref": "https://schema.management.azure.com/schemas/common/definitions.json#/definitions/expression"
            }
          ],
          "description": "Specifies the blob storage subscription Id."
        },
        "storageEndpoint": {
          "type": "string",
          "description": "Specifies the blob storage endpoint (e.g. https://MyAccount.blob.core.windows.net). If state is Enabled, storageEndpoint is required."
        }
      },
      "required": [
        "state"
      ],
      "description": "Properties of a Sql pool blob auditing policy."
    },
    "SqlPoolResourceProperties": {
      "type": "object",
      "properties": {
        "collation": {
          "type": "string",
          "description": "Collation mode"
        },
        "createMode": {
          "type": "string",
          "description": "What is this?"
        },
        "creationDate": {
          "type": "string",
          "format": "date-time",
          "description": "Date the SQL pool was created"
        },
        "maxSizeBytes": {
          "oneOf": [
            {
              "type": "integer"
            },
            {
              "$ref": "https://schema.management.azure.com/schemas/common/definitions.json#/definitions/expression"
            }
          ],
          "description": "Maximum size in bytes"
        },
        "provisioningState": {
          "type": "string",
          "description": "Resource state"
        },
        "recoverableDatabaseId": {
          "type": "string",
          "description": "Backup database to restore from"
        },
        "restorePointInTime": {
          "type": "string",
          "format": "date-time",
          "description": "Snapshot time to restore"
        },
        "sourceDatabaseId": {
          "type": "string",
          "description": "Source database to create from"
        },
        "status": {
          "type": "string",
          "description": "Resource status"
        }
      },
      "description": "Properties of a SQL Analytics pool"
    },
    "SqlPoolVulnerabilityAssessmentProperties": {
      "type": "object",
      "properties": {
        "recurringScans": {
          "oneOf": [
            {
              "$ref": "#/definitions/VulnerabilityAssessmentRecurringScansProperties"
            },
            {
              "$ref": "https://schema.management.azure.com/schemas/common/definitions.json#/definitions/expression"
            }
          ],
          "description": "Properties of a Vulnerability Assessment recurring scans."
        },
        "storageAccountAccessKey": {
          "type": "string",
          "description": "Specifies the identifier key of the storage account for vulnerability assessment scan results. If 'StorageContainerSasKey' isn't specified, storageAccountAccessKey is required."
        },
        "storageContainerPath": {
          "type": "string",
          "description": "A blob storage container path to hold the scan results (e.g. https://myStorage.blob.core.windows.net/VaScans/).  It is required if server level vulnerability assessment policy doesn't set"
        },
        "storageContainerSasKey": {
          "type": "string",
          "description": "A shared access signature (SAS Key) that has write access to the blob container specified in 'storageContainerPath' parameter. If 'storageAccountAccessKey' isn't specified, StorageContainerSasKey is required."
        }
      },
      "description": "Properties of a Sql pool Vulnerability Assessment."
    },
    "SqlPoolVulnerabilityAssessmentRuleBaselineItem": {
      "type": "object",
      "properties": {
        "result": {
          "oneOf": [
            {
              "type": "array",
              "items": {
                "type": "string"
              }
            },
            {
              "$ref": "https://schema.management.azure.com/schemas/common/definitions.json#/definitions/expression"
            }
          ],
          "description": "The rule baseline result"
        }
      },
      "required": [
        "result"
      ],
      "description": "Properties for an Sql pool vulnerability assessment rule baseline's result."
    },
    "SqlPoolVulnerabilityAssessmentRuleBaselineProperties": {
      "type": "object",
      "properties": {
        "baselineResults": {
          "oneOf": [
            {
              "type": "array",
              "items": {
                "$ref": "#/definitions/SqlPoolVulnerabilityAssessmentRuleBaselineItem"
              }
            },
            {
              "$ref": "https://schema.management.azure.com/schemas/common/definitions.json#/definitions/expression"
            }
          ],
          "description": "The rule baseline result"
        }
      },
      "required": [
        "baselineResults"
      ],
      "description": "Properties of a Sql pool vulnerability assessment rule baseline."
    },
    "TransparentDataEncryptionProperties": {
      "type": "object",
      "properties": {
        "status": {
          "oneOf": [
            {
              "type": "string",
              "enum": [
                "Enabled",
                "Disabled"
              ]
            },
            {
              "$ref": "https://schema.management.azure.com/schemas/common/definitions.json#/definitions/expression"
            }
          ],
          "description": "The status of the database transparent data encryption."
        }
      },
      "description": "Represents the properties of a database transparent data encryption."
    },
    "VirtualNetworkProfile": {
      "type": "object",
      "properties": {
        "computeSubnetId": {
          "type": "string",
          "description": "Subnet ID used for computes in workspace"
        }
      },
      "description": "Virtual Network Profile"
    },
    "VulnerabilityAssessmentRecurringScansProperties": {
      "type": "object",
      "properties": {
        "emails": {
          "oneOf": [
            {
              "type": "array",
              "items": {
                "type": "string"
              }
            },
            {
              "$ref": "https://schema.management.azure.com/schemas/common/definitions.json#/definitions/expression"
            }
          ],
          "description": "Specifies an array of e-mail addresses to which the scan notification is sent."
        },
        "emailSubscriptionAdmins": {
          "oneOf": [
            {
              "type": "boolean",
              "default": true
            },
            {
              "$ref": "https://schema.management.azure.com/schemas/common/definitions.json#/definitions/expression"
            }
          ],
          "description": "Specifies that the schedule scan notification will be is sent to the subscription administrators."
        },
        "isEnabled": {
          "oneOf": [
            {
              "type": "boolean"
            },
            {
              "$ref": "https://schema.management.azure.com/schemas/common/definitions.json#/definitions/expression"
            }
          ],
          "description": "Recurring scans state."
        }
      },
      "description": "Properties of a Vulnerability Assessment recurring scans."
    },
    "WorkspaceProperties": {
      "type": "object",
      "properties": {
        "connectivityEndpoints": {
          "oneOf": [
            {
              "type": "object",
              "additionalProperties": {
                "type": "string"
              },
              "properties": {}
            },
            {
              "$ref": "https://schema.management.azure.com/schemas/common/definitions.json#/definitions/expression"
            }
          ],
          "description": "Connectivity endpoints"
        },
        "defaultDataLakeStorage": {
          "oneOf": [
            {
              "$ref": "#/definitions/DataLakeStorageAccountDetails"
            },
            {
              "$ref": "https://schema.management.azure.com/schemas/common/definitions.json#/definitions/expression"
            }
          ],
          "description": "Details of the data lake storage account associated with the workspace"
        },
        "sqlAdministratorLogin": {
          "type": "string",
          "description": "Login for workspace SQL active directory administrator"
        },
        "sqlAdministratorLoginPassword": {
          "type": "string",
          "description": "SQL administrator login password"
        },
        "virtualNetworkProfile": {
          "oneOf": [
            {
              "$ref": "#/definitions/VirtualNetworkProfile"
            },
            {
              "$ref": "https://schema.management.azure.com/schemas/common/definitions.json#/definitions/expression"
            }
          ],
          "description": "Virtual Network Profile"
        }
      },
      "description": "Workspace properties"
    },
    "workspaces_administrators_childResource": {
      "type": "object",
      "properties": {
        "apiVersion": {
          "type": "string",
          "enum": [
            "2019-06-01-preview"
          ]
        },
        "name": {
          "type": "string",
          "enum": [
            "activeDirectory"
          ]
        },
        "properties": {
          "oneOf": [
            {
              "$ref": "#/definitions/AadAdminProperties"
            },
            {
              "$ref": "https://schema.management.azure.com/schemas/common/definitions.json#/definitions/expression"
            }
          ],
          "description": "Workspace active directory administrator properties"
        },
        "type": {
          "type": "string",
          "enum": [
            "administrators"
          ]
        }
      },
      "required": [
        "apiVersion",
        "name",
        "properties",
        "type"
      ],
      "description": "Microsoft.Synapse/workspaces/administrators"
    },
    "workspaces_bigDataPools_childResource": {
      "type": "object",
      "properties": {
        "apiVersion": {
          "type": "string",
          "enum": [
            "2019-06-01-preview"
          ]
        },
        "location": {
          "type": "string",
          "description": "The geo-location where the resource lives"
        },
        "name": {
          "type": "string",
          "description": "Big Data pool name"
        },
        "properties": {
          "oneOf": [
            {
              "$ref": "#/definitions/BigDataPoolResourceProperties"
            },
            {
              "$ref": "https://schema.management.azure.com/schemas/common/definitions.json#/definitions/expression"
            }
          ],
          "description": "Properties of a Big Data pool powered by Apache Spark"
        },
        "tags": {
          "oneOf": [
            {
              "type": "object",
              "additionalProperties": {
                "type": "string"
              },
              "properties": {}
            },
            {
              "$ref": "https://schema.management.azure.com/schemas/common/definitions.json#/definitions/expression"
            }
          ],
          "description": "Resource tags."
        },
        "type": {
          "type": "string",
          "enum": [
            "bigDataPools"
          ]
        }
      },
      "required": [
        "apiVersion",
        "location",
        "name",
        "properties",
        "type"
      ],
      "description": "Microsoft.Synapse/workspaces/bigDataPools"
    },
    "workspaces_firewallRules_childResource": {
      "type": "object",
      "properties": {
        "apiVersion": {
          "type": "string",
          "enum": [
            "2019-06-01-preview"
          ]
        },
        "name": {
          "type": "string",
          "description": "The IP firewall rule name"
        },
        "properties": {
          "oneOf": [
            {
              "$ref": "#/definitions/IpFirewallRuleProperties"
            },
            {
              "$ref": "https://schema.management.azure.com/schemas/common/definitions.json#/definitions/expression"
            }
          ],
          "description": "IP firewall rule properties"
        },
        "type": {
          "type": "string",
          "enum": [
            "firewallRules"
          ]
        }
      },
      "required": [
        "apiVersion",
        "name",
        "properties",
        "type"
      ],
      "description": "Microsoft.Synapse/workspaces/firewallRules"
    },
    "workspaces_managedIdentitySqlControlSettings_childResource": {
      "type": "object",
      "properties": {
        "apiVersion": {
          "type": "string",
          "enum": [
            "2019-06-01-preview"
          ]
        },
        "name": {
          "type": "string",
          "enum": [
            "default"
          ]
        },
        "properties": {
          "oneOf": [
            {
              "$ref": "#/definitions/ManagedIdentitySqlControlSettingsModelProperties"
            },
            {
              "$ref": "https://schema.management.azure.com/schemas/common/definitions.json#/definitions/expression"
            }
          ],
          "description": "Sql Control Settings for workspace managed identity"
        },
        "type": {
          "type": "string",
          "enum": [
            "managedIdentitySqlControlSettings"
          ]
        }
      },
      "required": [
        "apiVersion",
        "name",
        "properties",
        "type"
      ],
      "description": "Microsoft.Synapse/workspaces/managedIdentitySqlControlSettings"
    },
    "workspaces_sqlPools_auditingSettings_childResource": {
      "type": "object",
      "properties": {
        "apiVersion": {
          "type": "string",
          "enum": [
            "2019-06-01-preview"
          ]
        },
        "name": {
          "type": "string",
          "enum": [
            "default"
          ],
          "description": "The name of the blob auditing policy."
        },
        "properties": {
          "oneOf": [
            {
              "$ref": "#/definitions/SqlPoolBlobAuditingPolicyProperties"
            },
            {
              "$ref": "https://schema.management.azure.com/schemas/common/definitions.json#/definitions/expression"
            }
          ],
          "description": "Properties of a Sql pool blob auditing policy."
        },
        "type": {
          "type": "string",
          "enum": [
            "auditingSettings"
          ]
        }
      },
      "required": [
        "apiVersion",
        "name",
        "properties",
        "type"
      ],
      "description": "Microsoft.Synapse/workspaces/sqlPools/auditingSettings"
    },
    "workspaces_sqlPools_childResource": {
      "type": "object",
      "properties": {
        "apiVersion": {
          "type": "string",
          "enum": [
            "2019-06-01-preview"
          ]
        },
        "location": {
          "type": "string",
          "description": "The geo-location where the resource lives"
        },
        "name": {
          "type": "string",
          "description": "SQL pool name"
        },
        "properties": {
          "oneOf": [
            {
              "$ref": "#/definitions/SqlPoolResourceProperties"
            },
            {
              "$ref": "https://schema.management.azure.com/schemas/common/definitions.json#/definitions/expression"
            }
          ],
          "description": "Properties of a SQL Analytics pool"
        },
        "sku": {
          "oneOf": [
            {
              "$ref": "#/definitions/Sku"
            },
            {
              "$ref": "https://schema.management.azure.com/schemas/common/definitions.json#/definitions/expression"
            }
          ],
          "description": "SQL pool SKU"
        },
        "tags": {
          "oneOf": [
            {
              "type": "object",
              "additionalProperties": {
                "type": "string"
              },
              "properties": {}
            },
            {
              "$ref": "https://schema.management.azure.com/schemas/common/definitions.json#/definitions/expression"
            }
          ],
          "description": "Resource tags."
        },
        "type": {
          "type": "string",
          "enum": [
            "sqlPools"
          ]
        }
      },
      "required": [
        "apiVersion",
        "location",
        "name",
        "properties",
        "type"
      ],
      "description": "Microsoft.Synapse/workspaces/sqlPools"
    },
    "workspaces_sqlPools_metadataSync_childResource": {
      "type": "object",
      "properties": {
        "apiVersion": {
          "type": "string",
          "enum": [
            "2019-06-01-preview"
          ]
        },
        "name": {
          "type": "string",
          "enum": [
            "config"
          ]
        },
        "properties": {
          "oneOf": [
            {
              "$ref": "#/definitions/MetadataSyncConfigProperties"
            },
            {
              "$ref": "https://schema.management.azure.com/schemas/common/definitions.json#/definitions/expression"
            }
          ],
          "description": "Metadata Sync Config properties"
        },
        "type": {
          "type": "string",
          "enum": [
            "metadataSync"
          ]
        }
      },
      "required": [
        "apiVersion",
        "name",
        "properties",
        "type"
      ],
      "description": "Microsoft.Synapse/workspaces/sqlPools/metadataSync"
    },
    "workspaces_sqlPools_securityAlertPolicies_childResource": {
      "type": "object",
      "properties": {
        "apiVersion": {
          "type": "string",
          "enum": [
            "2019-06-01-preview"
          ]
        },
        "name": {
          "type": "string",
          "enum": [
            "default"
          ],
          "description": "The name of the security alert policy."
        },
        "properties": {
          "oneOf": [
            {
              "$ref": "#/definitions/SecurityAlertPolicyProperties"
            },
            {
              "$ref": "https://schema.management.azure.com/schemas/common/definitions.json#/definitions/expression"
            }
          ],
          "description": "Properties of a security alert policy."
        },
        "type": {
          "type": "string",
          "enum": [
            "securityAlertPolicies"
          ]
        }
      },
      "required": [
        "apiVersion",
        "name",
        "properties",
        "type"
      ],
      "description": "Microsoft.Synapse/workspaces/sqlPools/securityAlertPolicies"
    },
    "workspaces_sqlPools_transparentDataEncryption_childResource": {
      "type": "object",
      "properties": {
        "apiVersion": {
          "type": "string",
          "enum": [
            "2019-06-01-preview"
          ]
        },
        "name": {
          "type": "string",
          "enum": [
            "current"
          ],
          "description": "The name of the transparent data encryption configuration."
        },
        "properties": {
          "oneOf": [
            {
              "$ref": "#/definitions/TransparentDataEncryptionProperties"
            },
            {
              "$ref": "https://schema.management.azure.com/schemas/common/definitions.json#/definitions/expression"
            }
          ],
          "description": "Represents the properties of a database transparent data encryption."
        },
        "type": {
          "type": "string",
          "enum": [
            "transparentDataEncryption"
          ]
        }
      },
      "required": [
        "apiVersion",
        "name",
        "properties",
        "type"
      ],
      "description": "Microsoft.Synapse/workspaces/sqlPools/transparentDataEncryption"
    },
    "workspaces_sqlPools_vulnerabilityAssessments_childResource": {
      "type": "object",
      "properties": {
        "apiVersion": {
          "type": "string",
          "enum": [
            "2019-06-01-preview"
          ]
        },
        "name": {
          "type": "string",
          "enum": [
            "default"
          ],
          "description": "The name of the vulnerability assessment."
        },
        "properties": {
          "oneOf": [
            {
              "$ref": "#/definitions/SqlPoolVulnerabilityAssessmentProperties"
            },
            {
              "$ref": "https://schema.management.azure.com/schemas/common/definitions.json#/definitions/expression"
            }
          ],
          "description": "Properties of a Sql pool Vulnerability Assessment."
        },
        "type": {
          "type": "string",
          "enum": [
            "vulnerabilityAssessments"
          ]
        }
      },
      "required": [
        "apiVersion",
        "name",
        "properties",
        "type"
      ],
      "description": "Microsoft.Synapse/workspaces/sqlPools/vulnerabilityAssessments"
    }
  }
}