{
  "$schema": "http://json-schema.org/schema#",
  "id": "https://schema.management.azure.com/schemas/0.0.1-preview/CreateUIDefinition.MultiVm.json#",
  "type": "object",
  "properties": {    
    "$schema": {
      "type": "string",
      "enum": [
        "https://schema.management.azure.com/schemas/0.0.1-preview/CreateUIDefinition.MultiVm.json#"
      ]
    },
    "handler": {
      "type": "string",
      "enum": [
        "Microsoft.Compute.MultiVm"
      ]
    },
    "version": {
      "type": "string",
      "enum": [
        "0.0.1-preview"
      ]
    },
    "parameters": {
      "type": "object",
      "properties": {
        "basics": {
          "type": "array",
          "items": {
            "$ref": "CreateUIDefinition.CommonControl.json#"
          }
        },
        "steps": {
          "type": "array",
          "items": {
            "type": "object",
            "properties": {
              "name": {
                "type": "string"
              },
              "label": {
                "type": "string"
              },
              "subLabel": {
                "type": "object",
                "properties": {
                  "preValidation": {
                    "type": "string"
                  },
                  "postValidation": {
                    "type": "string"
                  }
                },
                "additionalProperties": false,
                "required": [
                  "preValidation",
                  "postValidation"
                ]
              },
              "bladeTitle": {
                "type": "string"
              },
              "bladeSubtitle": {
                "type": "string"
              },
              "elements": {
                "type": "array",
                "items": {
                  "$ref": "CreateUIDefinition.ProviderControl.json#"
                }
              }
            },
            "additionalProperties": false,
            "required": [
              "name",
              "label",
              "subLabel",
              "bladeTitle",
              "elements"
            ]
          }
        },
        "outputs": {
          "type": "object",
          "additionalProperties": true
        },
        "resourceTypes": {
          "type": "array",
          "items": {
            "type": "string"
          },
          "minItems": 1
        }
      },
      "additionalProperties": false,
      "required": [
        "basics",
        "steps",
        "outputs"
      ]
    }
  },
  "required": [
    "handler",
    "version",
    "parameters"
  ]
}
