{
  "id": "https://schema.management.azure.com/schemas/2018-06-01-preview/Microsoft.Maintenance.json#",
  "$schema": "http://json-schema.org/draft-04/schema#",
  "title": "Microsoft.Maintenance",
  "description": "Microsoft Maintenance Resource Types",
  "resourceDefinitions": {
    "maintenanceConfigurations": {
      "type": "object",
      "properties": {
        "apiVersion": {
          "type": "string",
          "enum": [
            "2018-06-01-preview"
          ]
        },
        "location": {
          "type": "string",
          "description": "Gets or sets location of the resource"
        },
        "name": {
          "type": "string",
          "description": "Resource Identifier"
        },
        "properties": {
          "oneOf": [
            {
              "$ref": "#/definitions/MaintenanceConfigurationProperties"
            },
            {
              "$ref": "https://schema.management.azure.com/schemas/common/definitions.json#/definitions/expression"
            }
          ],
          "description": "Properties for maintenance configuration"
        },
        "tags": {
          "oneOf": [
            {
              "type": "object",
              "additionalProperties": {
                "type": "string"
              },
              "properties": {}
            },
            {
              "$ref": "https://schema.management.azure.com/schemas/common/definitions.json#/definitions/expression"
            }
          ],
          "description": "Gets or sets tags of the resource"
        },
        "type": {
          "type": "string",
          "enum": [
            "Microsoft.Maintenance/maintenanceConfigurations"
          ]
        }
      },
      "required": [
        "apiVersion",
        "name",
        "properties",
        "type"
      ],
      "description": "Microsoft.Maintenance/maintenanceConfigurations"
    }
  },
  "extension_resourceDefinitions": {
    "applyUpdates": {
      "type": "object",
      "oneOf": [
        {
          "type": "object",
          "properties": {
            "name": {
              "type": "string",
              "enum": [
                "default"
              ]
            }
          },
          "required": [
            "name"
          ],
          "description": "Microsoft.Maintenance/applyUpdates"
        },
        {
          "type": "object",
          "properties": {
            "name": {
              "type": "string",
              "enum": [
                "default"
              ]
            }
          },
          "required": [
            "name"
          ],
          "description": "Microsoft.Maintenance/applyUpdates"
        }
      ],
      "properties": {
        "apiVersion": {
          "type": "string",
          "enum": [
            "2018-06-01-preview"
          ]
        },
        "type": {
          "type": "string",
          "enum": [
            "Microsoft.Maintenance/applyUpdates"
          ]
        }
      },
      "required": [
        "apiVersion",
        "type"
      ],
      "description": "Microsoft.Maintenance/applyUpdates"
    },
    "configurationAssignments": {
      "type": "object",
      "properties": {
        "apiVersion": {
          "type": "string",
          "enum": [
            "2018-06-01-preview"
          ]
        },
        "location": {
          "type": "string",
          "description": "Location of the resource"
        },
        "name": {
          "type": "string",
          "description": "Configuration assignment name"
        },
        "properties": {
          "oneOf": [
            {
              "$ref": "#/definitions/ConfigurationAssignmentProperties"
            },
            {
              "$ref": "https://schema.management.azure.com/schemas/common/definitions.json#/definitions/expression"
            }
          ],
          "description": "Properties for configuration assignment"
        },
        "type": {
          "type": "string",
          "enum": [
            "Microsoft.Maintenance/configurationAssignments"
          ]
        }
      },
      "required": [
        "apiVersion",
        "name",
        "properties",
        "type"
      ],
      "description": "Microsoft.Maintenance/configurationAssignments"
    }
  },
  "definitions": {
    "ConfigurationAssignmentProperties": {
      "type": "object",
      "properties": {
        "maintenanceConfigurationId": {
          "type": "string",
          "description": "The maintenance configuration Id"
        },
        "resourceId": {
          "type": "string",
          "description": "The unique resourceId"
        }
      },
      "description": "Properties for configuration assignment"
    },
    "MaintenanceConfigurationProperties": {
      "type": "object",
      "properties": {
        "extensionProperties": {
          "oneOf": [
            {
              "type": "object",
              "additionalProperties": {
                "type": "string"
              },
              "properties": {}
            },
            {
              "$ref": "https://schema.management.azure.com/schemas/common/definitions.json#/definitions/expression"
            }
          ],
          "description": "Gets or sets extensionProperties of the maintenanceConfiguration"
        },
        "maintenanceScope": {
          "oneOf": [
            {
              "type": "string",
              "enum": [
                "All",
                "Host",
                "Resource",
                "InResource"
              ]
            },
            {
              "$ref": "https://schema.management.azure.com/schemas/common/definitions.json#/definitions/expression"
            }
          ],
          "description": "Gets or sets maintenanceScope of the configuration."
        },
        "namespace": {
          "type": "string",
          "description": "Gets or sets namespace of the resource"
        }
      },
      "description": "Properties for maintenance configuration"
    }
  }
}