{
  "id": "https://schema.management.azure.com/schemas/2018-03-01/Microsoft.Authorization.json#",
  "$schema": "http://json-schema.org/draft-04/schema#",
  "title": "Microsoft.Authorization",
  "description": "Microsoft Authorization Resource Types",
  "resourceDefinitions": {
    "policyAssignments": {
      "type": "object",
      "properties": {
        "name": {
          "type": "string"
        },
        "type": {
          "type": "string",
          "enum": [
            "Microsoft.Authorization/policyAssignments"
          ]
        },
        "apiVersion": {
          "type": "string",
          "enum": [
            "2018-03-01"
          ]
        },
        "properties": {
          "oneOf": [
            {
              "$ref": "#/definitions/PolicyAssignmentProperties"
            },
            {
              "$ref": "https://schema.management.azure.com/schemas/common/definitions.json#/definitions/expression"
            }
          ],
          "description": "Properties for the policy assignment."
        },
        "sku": {
          "oneOf": [
            {
              "$ref": "#/definitions/PolicySku"
            },
            {
              "$ref": "https://schema.management.azure.com/schemas/common/definitions.json#/definitions/expression"
            }
          ],
          "description": "The policy sku. This property is optional, obsolete, and will be ignored."
        }
      },
      "required": [
        "name",
        "type",
        "apiVersion",
        "properties"
      ],
      "description": "Microsoft.Authorization/policyAssignments"
    },
    "policyDefinitions": {
      "type": "object",
      "properties": {
        "name": {
          "type": "string"
        },
        "type": {
          "type": "string",
          "enum": [
            "Microsoft.Authorization/policyDefinitions"
          ]
        },
        "apiVersion": {
          "type": "string",
          "enum": [
            "2018-03-01"
          ]
        },
        "properties": {
          "oneOf": [
            {
              "$ref": "#/definitions/PolicyDefinitionProperties"
            },
            {
              "$ref": "https://schema.management.azure.com/schemas/common/definitions.json#/definitions/expression"
            }
          ],
          "description": "The policy definition properties."
        }
      },
      "required": [
        "name",
        "type",
        "apiVersion",
        "properties"
      ],
      "description": "Microsoft.Authorization/policyDefinitions"
    },
    "policySetDefinitions": {
      "type": "object",
      "properties": {
        "name": {
          "type": "string"
        },
        "type": {
          "type": "string",
          "enum": [
            "Microsoft.Authorization/policySetDefinitions"
          ]
        },
        "apiVersion": {
          "type": "string",
          "enum": [
            "2018-03-01"
          ]
        },
        "properties": {
          "oneOf": [
            {
              "$ref": "#/definitions/PolicySetDefinitionProperties"
            },
            {
              "$ref": "https://schema.management.azure.com/schemas/common/definitions.json#/definitions/expression"
            }
          ],
          "description": "The policy definition properties."
        }
      },
      "required": [
        "name",
        "type",
        "apiVersion",
        "properties"
      ],
      "description": "Microsoft.Authorization/policySetDefinitions"
    }
  },
  "definitions": {
    "PolicyAssignmentProperties": {
      "type": "object",
      "properties": {
        "displayName": {
          "type": "string",
          "description": "The display name of the policy assignment."
        },
        "policyDefinitionId": {
          "type": "string",
          "description": "The ID of the policy definition or policy set definition being assigned."
        },
        "scope": {
          "type": "string",
          "description": "The scope for the policy assignment."
        },
        "notScopes": {
          "oneOf": [
            {
              "type": "array",
              "items": {
                "type": "string"
              }
            },
            {
              "$ref": "https://schema.management.azure.com/schemas/common/definitions.json#/definitions/expression"
            }
          ],
          "description": "The policy's excluded scopes."
        },
        "parameters": {
          "description": "Required if a parameter is used in policy rule."
        },
        "description": {
          "type": "string",
          "description": "This message will be part of response in case of policy violation."
        },
        "metadata": {
          "description": "The policy assignment metadata."
        }
      },
      "description": "The policy assignment properties."
    },
    "PolicyDefinitionProperties": {
      "type": "object",
      "properties": {
        "policyType": {
          "oneOf": [
            {
              "type": "string",
              "enum": [
                "NotSpecified",
                "BuiltIn",
                "Custom"
              ]
            },
            {
              "$ref": "https://schema.management.azure.com/schemas/common/definitions.json#/definitions/expression"
            }
          ],
          "description": "The type of policy definition. Possible values are NotSpecified, BuiltIn, and Custom."
        },
        "mode": {
          "oneOf": [
            {
              "type": "string",
              "enum": [
                "NotSpecified",
                "Indexed",
                "All"
              ]
            },
            {
              "$ref": "https://schema.management.azure.com/schemas/common/definitions.json#/definitions/expression"
            }
          ],
          "description": "The policy definition mode. Possible values are NotSpecified, Indexed, and All."
        },
        "displayName": {
          "type": "string",
          "description": "The display name of the policy definition."
        },
        "description": {
          "type": "string",
          "description": "The policy definition description."
        },
        "policyRule": {
          "description": "The policy rule."
        },
        "metadata": {
          "description": "The policy definition metadata."
        },
        "parameters": {
          "description": "Required if a parameter is used in policy rule."
        }
      },
      "description": "The policy definition properties."
    },
    "PolicyDefinitionReference": {
      "type": "object",
      "properties": {
        "policyDefinitionId": {
          "type": "string",
          "description": "The ID of the policy definition or policy set definition."
        },
        "parameters": {
          "description": "Required if a parameter is used in policy rule."
        }
      },
      "description": "The policy definition reference."
    },
    "PolicySetDefinitionProperties": {
      "type": "object",
      "properties": {
        "policyType": {
          "oneOf": [
            {
              "type": "string",
              "enum": [
                "NotSpecified",
                "BuiltIn",
                "Custom"
              ]
            },
            {
              "$ref": "https://schema.management.azure.com/schemas/common/definitions.json#/definitions/expression"
            }
          ],
          "description": "The type of policy definition. Possible values are NotSpecified, BuiltIn, and Custom."
        },
        "displayName": {
          "type": "string",
          "description": "The display name of the policy set definition."
        },
        "description": {
          "type": "string",
          "description": "The policy set definition description."
        },
        "metadata": {
          "description": "The policy set definition metadata."
        },
        "parameters": {
          "description": "The policy set definition parameters that can be used in policy definition references."
        },
        "policyDefinitions": {
          "oneOf": [
            {
              "type": "array",
              "items": {
                "$ref": "#/definitions/PolicyDefinitionReference"
              }
            },
            {
              "$ref": "https://schema.management.azure.com/schemas/common/definitions.json#/definitions/expression"
            }
          ],
          "description": "An array of policy definition references."
        }
      },
      "required": [
        "policyDefinitions"
      ],
      "description": "The policy set definition properties."
    },
    "PolicySku": {
      "type": "object",
      "properties": {
        "name": {
          "type": "string",
          "description": "The name of the policy sku. Possible values are A0 and A1."
        },
        "tier": {
          "type": "string",
          "description": "The policy sku tier. Possible values are Free and Standard."
        }
      },
      "required": [
        "name"
      ],
      "description": "The policy sku. This property is optional, obsolete, and will be ignored."
    }
  }
}
