{
  "id": "https://schema.management.azure.com/schemas/2019-01-01-preview/Microsoft.SecurityInsights.json#",
  "$schema": "http://json-schema.org/draft-04/schema#",
  "title": "Microsoft.SecurityInsights",
  "description": "Microsoft SecurityInsights Resource Types",
  "resourceDefinitions": {},
  "extension_resourceDefinitions": {
    "alertRules": {
      "type": "object",
      "oneOf": [
        {
          "$ref": "#/definitions/FusionAlertRule"
        },
        {
          "$ref": "#/definitions/MicrosoftSecurityIncidentCreationAlertRule"
        },
        {
          "$ref": "#/definitions/ScheduledAlertRule"
        }
      ],
      "properties": {
        "apiVersion": {
          "type": "string",
          "enum": [
            "2019-01-01-preview"
          ]
        },
        "etag": {
          "type": "string",
          "description": "Etag of the azure resource"
        },
        "name": {
          "type": "string",
          "description": "Alert rule ID"
        },
        "resources": {
          "type": "array",
          "items": {
            "oneOf": [
              {
                "$ref": "#/definitions/alertRules_actions_childResource"
              }
            ]
          }
        },
        "type": {
          "type": "string",
          "enum": [
            "Microsoft.SecurityInsights/alertRules"
          ]
        }
      },
      "required": [
        "apiVersion",
        "name",
        "type"
      ],
      "description": "Microsoft.SecurityInsights/alertRules"
    },
    "alertRules_actions": {
      "type": "object",
      "properties": {
        "apiVersion": {
          "type": "string",
          "enum": [
            "2019-01-01-preview"
          ]
        },
        "etag": {
          "type": "string",
          "description": "Etag of the azure resource"
        },
        "name": {
          "type": "string",
          "description": "Action ID"
        },
        "properties": {
          "oneOf": [
            {
              "$ref": "#/definitions/ActionRequestProperties"
            },
            {
              "$ref": "https://schema.management.azure.com/schemas/common/definitions.json#/definitions/expression"
            }
          ],
          "description": "Action property bag."
        },
        "type": {
          "type": "string",
          "enum": [
            "Microsoft.SecurityInsights/alertRules/actions"
          ]
        }
      },
      "required": [
        "apiVersion",
        "name",
        "properties",
        "type"
      ],
      "description": "Microsoft.SecurityInsights/alertRules/actions"
    },
    "bookmarks": {
      "type": "object",
      "properties": {
        "apiVersion": {
          "type": "string",
          "enum": [
            "2019-01-01-preview"
          ]
        },
        "etag": {
          "type": "string",
          "description": "Etag of the azure resource"
        },
        "name": {
          "type": "string",
          "description": "Bookmark ID"
        },
        "properties": {
          "oneOf": [
            {
              "$ref": "#/definitions/BookmarkProperties"
            },
            {
              "$ref": "https://schema.management.azure.com/schemas/common/definitions.json#/definitions/expression"
            }
          ],
          "description": "Describes bookmark properties"
        },
        "resources": {
          "type": "array",
          "items": {
            "oneOf": [
              {
                "$ref": "#/definitions/bookmarks_relations_childResource"
              }
            ]
          }
        },
        "type": {
          "type": "string",
          "enum": [
            "Microsoft.SecurityInsights/bookmarks"
          ]
        }
      },
      "required": [
        "apiVersion",
        "name",
        "properties",
        "type"
      ],
      "description": "Microsoft.SecurityInsights/bookmarks"
    },
    "bookmarks_relations": {
      "type": "object",
      "properties": {
        "apiVersion": {
          "type": "string",
          "enum": [
            "2019-01-01-preview"
          ]
        },
        "etag": {
          "type": "string",
          "description": "ETag for relation"
        },
        "name": {
          "type": "string",
          "description": "Relation Name"
        },
        "properties": {
          "oneOf": [
            {
              "$ref": "#/definitions/RelationsModelInputProperties"
            },
            {
              "$ref": "https://schema.management.azure.com/schemas/common/definitions.json#/definitions/expression"
            }
          ],
          "description": "Relation input properties"
        },
        "type": {
          "type": "string",
          "enum": [
            "Microsoft.SecurityInsights/bookmarks/relations"
          ]
        }
      },
      "required": [
        "apiVersion",
        "name",
        "properties",
        "type"
      ],
      "description": "Microsoft.SecurityInsights/bookmarks/relations"
    },
    "cases": {
      "type": "object",
      "properties": {
        "apiVersion": {
          "type": "string",
          "enum": [
            "2019-01-01-preview"
          ]
        },
        "etag": {
          "type": "string",
          "description": "Etag of the azure resource"
        },
        "name": {
          "type": "string",
          "description": "Case ID"
        },
        "properties": {
          "oneOf": [
            {
              "$ref": "#/definitions/CaseProperties"
            },
            {
              "$ref": "https://schema.management.azure.com/schemas/common/definitions.json#/definitions/expression"
            }
          ],
          "description": "Describes case properties"
        },
        "resources": {
          "type": "array",
          "items": {
            "oneOf": [
              {
                "$ref": "#/definitions/cases_comments_childResource"
              },
              {
                "$ref": "#/definitions/cases_relations_childResource"
              }
            ]
          }
        },
        "type": {
          "type": "string",
          "enum": [
            "Microsoft.SecurityInsights/cases"
          ]
        }
      },
      "required": [
        "apiVersion",
        "name",
        "properties",
        "type"
      ],
      "description": "Microsoft.SecurityInsights/cases"
    },
    "cases_comments": {
      "type": "object",
      "properties": {
        "apiVersion": {
          "type": "string",
          "enum": [
            "2019-01-01-preview"
          ]
        },
        "name": {
          "type": "string",
          "description": "Case comment ID"
        },
        "properties": {
          "oneOf": [
            {
              "$ref": "#/definitions/CaseCommentProperties"
            },
            {
              "$ref": "https://schema.management.azure.com/schemas/common/definitions.json#/definitions/expression"
            }
          ],
          "description": "Case comment property bag."
        },
        "type": {
          "type": "string",
          "enum": [
            "Microsoft.SecurityInsights/cases/comments"
          ]
        }
      },
      "required": [
        "apiVersion",
        "name",
        "properties",
        "type"
      ],
      "description": "Microsoft.SecurityInsights/cases/comments"
    },
    "cases_relations": {
      "type": "object",
      "properties": {
        "apiVersion": {
          "type": "string",
          "enum": [
            "2019-01-01-preview"
          ]
        },
        "etag": {
          "type": "string",
          "description": "ETag for relation"
        },
        "name": {
          "type": "string",
          "description": "Relation Name"
        },
        "properties": {
          "oneOf": [
            {
              "$ref": "#/definitions/RelationsModelInputProperties"
            },
            {
              "$ref": "https://schema.management.azure.com/schemas/common/definitions.json#/definitions/expression"
            }
          ],
          "description": "Relation input properties"
        },
        "type": {
          "type": "string",
          "enum": [
            "Microsoft.SecurityInsights/cases/relations"
          ]
        }
      },
      "required": [
        "apiVersion",
        "name",
        "properties",
        "type"
      ],
      "description": "Microsoft.SecurityInsights/cases/relations"
    },
    "dataConnectors": {
      "type": "object",
      "oneOf": [
        {
          "$ref": "#/definitions/AADDataConnector"
        },
        {
          "$ref": "#/definitions/AATPDataConnector"
        },
        {
          "$ref": "#/definitions/ASCDataConnector"
        },
        {
          "$ref": "#/definitions/AwsCloudTrailDataConnector"
        },
        {
          "$ref": "#/definitions/MCASDataConnector"
        },
        {
          "$ref": "#/definitions/MDATPDataConnector"
        },
        {
          "$ref": "#/definitions/OfficeDataConnector"
        },
        {
          "$ref": "#/definitions/TIDataConnector"
        },
        {
          "$ref": "#/definitions/TiTaxiiDataConnector"
        }
      ],
      "properties": {
        "apiVersion": {
          "type": "string",
          "enum": [
            "2019-01-01-preview"
          ]
        },
        "etag": {
          "type": "string",
          "description": "Etag of the azure resource"
        },
        "name": {
          "type": "string",
          "description": "Connector ID"
        },
        "type": {
          "type": "string",
          "enum": [
            "Microsoft.SecurityInsights/dataConnectors"
          ]
        }
      },
      "required": [
        "apiVersion",
        "name",
        "type"
      ],
      "description": "Microsoft.SecurityInsights/dataConnectors"
    },
    "incidents": {
      "type": "object",
      "properties": {
        "apiVersion": {
          "type": "string",
          "enum": [
            "2019-01-01-preview"
          ]
        },
        "etag": {
          "type": "string",
          "description": "Etag of the azure resource"
        },
        "name": {
          "type": "string",
          "description": "Incident ID"
        },
        "properties": {
          "oneOf": [
            {
              "$ref": "#/definitions/IncidentProperties"
            },
            {
              "$ref": "https://schema.management.azure.com/schemas/common/definitions.json#/definitions/expression"
            }
          ],
          "description": "Describes incident properties"
        },
        "resources": {
          "type": "array",
          "items": {
            "oneOf": [
              {
                "$ref": "#/definitions/incidents_comments_childResource"
              },
              {
                "$ref": "#/definitions/incidents_relations_childResource"
              }
            ]
          }
        },
        "type": {
          "type": "string",
          "enum": [
            "Microsoft.SecurityInsights/incidents"
          ]
        }
      },
      "required": [
        "apiVersion",
        "name",
        "properties",
        "type"
      ],
      "description": "Microsoft.SecurityInsights/incidents"
    },
    "incidents_comments": {
      "type": "object",
      "properties": {
        "apiVersion": {
          "type": "string",
          "enum": [
            "2019-01-01-preview"
          ]
        },
        "name": {
          "type": "string",
          "description": "Incident comment ID"
        },
        "properties": {
          "oneOf": [
            {
              "$ref": "#/definitions/IncidentCommentProperties"
            },
            {
              "$ref": "https://schema.management.azure.com/schemas/common/definitions.json#/definitions/expression"
            }
          ],
          "description": "Incident comment property bag."
        },
        "type": {
          "type": "string",
          "enum": [
            "Microsoft.SecurityInsights/incidents/comments"
          ]
        }
      },
      "required": [
        "apiVersion",
        "name",
        "properties",
        "type"
      ],
      "description": "Microsoft.SecurityInsights/incidents/comments"
    },
    "incidents_relations": {
      "type": "object",
      "properties": {
        "apiVersion": {
          "type": "string",
          "enum": [
            "2019-01-01-preview"
          ]
        },
        "etag": {
          "type": "string",
          "description": "Etag of the azure resource"
        },
        "name": {
          "type": "string",
          "description": "Relation Name"
        },
        "properties": {
          "oneOf": [
            {
              "$ref": "#/definitions/RelationProperties"
            },
            {
              "$ref": "https://schema.management.azure.com/schemas/common/definitions.json#/definitions/expression"
            }
          ],
          "description": "Relation property bag."
        },
        "type": {
          "type": "string",
          "enum": [
            "Microsoft.SecurityInsights/incidents/relations"
          ]
        }
      },
      "required": [
        "apiVersion",
        "name",
        "properties",
        "type"
      ],
      "description": "Microsoft.SecurityInsights/incidents/relations"
    },
    "settings": {
      "type": "object",
      "oneOf": [
        {
          "$ref": "#/definitions/ToggleSettings"
        },
        {
          "$ref": "#/definitions/UebaSettings"
        }
      ],
      "properties": {
        "apiVersion": {
          "type": "string",
          "enum": [
            "2019-01-01-preview"
          ]
        },
        "etag": {
          "type": "string",
          "description": "Etag of the azure resource"
        },
        "name": {
          "type": "string",
          "description": "The setting name. Supports- Fusion, UEBA"
        },
        "type": {
          "type": "string",
          "enum": [
            "Microsoft.SecurityInsights/settings"
          ]
        }
      },
      "required": [
        "apiVersion",
        "name",
        "type"
      ],
      "description": "Microsoft.SecurityInsights/settings"
    }
  },
  "definitions": {
    "AADDataConnector": {
      "type": "object",
      "properties": {
        "kind": {
          "type": "string",
          "enum": [
            "AzureActiveDirectory"
          ]
        },
        "properties": {
          "oneOf": [
            {
              "$ref": "#/definitions/AADDataConnectorProperties"
            },
            {
              "$ref": "https://schema.management.azure.com/schemas/common/definitions.json#/definitions/expression"
            }
          ],
          "description": "AAD (Azure Active Directory) data connector properties."
        }
      },
      "required": [
        "kind"
      ],
      "description": "Represents AAD (Azure Active Directory) data connector."
    },
    "AADDataConnectorProperties": {
      "type": "object",
      "properties": {
        "dataTypes": {
          "oneOf": [
            {
              "$ref": "#/definitions/AlertsDataTypeOfDataConnector"
            },
            {
              "$ref": "https://schema.management.azure.com/schemas/common/definitions.json#/definitions/expression"
            }
          ],
          "description": "Alerts data type for data connectors."
        },
        "tenantId": {
          "type": "string",
          "description": "The tenant id to connect to, and get the data from."
        }
      },
      "description": "AAD (Azure Active Directory) data connector properties."
    },
    "AATPDataConnector": {
      "type": "object",
      "properties": {
        "kind": {
          "type": "string",
          "enum": [
            "AzureAdvancedThreatProtection"
          ]
        },
        "properties": {
          "oneOf": [
            {
              "$ref": "#/definitions/AATPDataConnectorProperties"
            },
            {
              "$ref": "https://schema.management.azure.com/schemas/common/definitions.json#/definitions/expression"
            }
          ],
          "description": "AATP (Azure Advanced Threat Protection) data connector properties."
        }
      },
      "required": [
        "kind"
      ],
      "description": "Represents AATP (Azure Advanced Threat Protection) data connector."
    },
    "AATPDataConnectorProperties": {
      "type": "object",
      "properties": {
        "dataTypes": {
          "oneOf": [
            {
              "$ref": "#/definitions/AlertsDataTypeOfDataConnector"
            },
            {
              "$ref": "https://schema.management.azure.com/schemas/common/definitions.json#/definitions/expression"
            }
          ],
          "description": "Alerts data type for data connectors."
        },
        "tenantId": {
          "type": "string",
          "description": "The tenant id to connect to, and get the data from."
        }
      },
      "description": "AATP (Azure Advanced Threat Protection) data connector properties."
    },
    "ActionRequestProperties": {
      "type": "object",
      "properties": {
        "logicAppResourceId": {
          "type": "string",
          "description": "Logic App Resource Id, /subscriptions/{my-subscription}/resourceGroups/{my-resource-group}/providers/Microsoft.Logic/workflows/{my-workflow-id}."
        },
        "triggerUri": {
          "type": "string",
          "description": "Logic App Callback URL for this specific workflow."
        }
      },
      "description": "Action property bag."
    },
    "alertRules_actions_childResource": {
      "type": "object",
      "properties": {
        "apiVersion": {
          "type": "string",
          "enum": [
            "2019-01-01-preview"
          ]
        },
        "etag": {
          "type": "string",
          "description": "Etag of the azure resource"
        },
        "name": {
          "type": "string",
          "description": "Action ID"
        },
        "properties": {
          "oneOf": [
            {
              "$ref": "#/definitions/ActionRequestProperties"
            },
            {
              "$ref": "https://schema.management.azure.com/schemas/common/definitions.json#/definitions/expression"
            }
          ],
          "description": "Action property bag."
        },
        "type": {
          "type": "string",
          "enum": [
            "actions"
          ]
        }
      },
      "required": [
        "apiVersion",
        "name",
        "properties",
        "type"
      ],
      "description": "Microsoft.SecurityInsights/alertRules/actions"
    },
    "AlertsDataTypeOfDataConnector": {
      "type": "object",
      "properties": {
        "alerts": {
          "oneOf": [
            {
              "$ref": "#/definitions/AlertsDataTypeOfDataConnectorAlerts"
            },
            {
              "$ref": "https://schema.management.azure.com/schemas/common/definitions.json#/definitions/expression"
            }
          ],
          "description": "Alerts data type connection."
        }
      },
      "description": "Alerts data type for data connectors."
    },
    "AlertsDataTypeOfDataConnectorAlerts": {
      "type": "object",
      "properties": {
        "state": {
          "oneOf": [
            {
              "type": "string",
              "enum": [
                "Enabled",
                "Disabled"
              ]
            },
            {
              "$ref": "https://schema.management.azure.com/schemas/common/definitions.json#/definitions/expression"
            }
          ],
          "description": "Describe whether this data type connection is enabled or not."
        }
      },
      "description": "Alerts data type connection."
    },
    "ASCDataConnector": {
      "type": "object",
      "properties": {
        "kind": {
          "type": "string",
          "enum": [
            "AzureSecurityCenter"
          ]
        },
        "properties": {
          "oneOf": [
            {
              "$ref": "#/definitions/ASCDataConnectorProperties"
            },
            {
              "$ref": "https://schema.management.azure.com/schemas/common/definitions.json#/definitions/expression"
            }
          ],
          "description": "ASC (Azure Security Center) data connector properties."
        }
      },
      "required": [
        "kind"
      ],
      "description": "Represents ASC (Azure Security Center) data connector."
    },
    "ASCDataConnectorProperties": {
      "type": "object",
      "properties": {
        "dataTypes": {
          "oneOf": [
            {
              "$ref": "#/definitions/AlertsDataTypeOfDataConnector"
            },
            {
              "$ref": "https://schema.management.azure.com/schemas/common/definitions.json#/definitions/expression"
            }
          ],
          "description": "Alerts data type for data connectors."
        },
        "subscriptionId": {
          "type": "string",
          "description": "The subscription id to connect to, and get the data from."
        }
      },
      "description": "ASC (Azure Security Center) data connector properties."
    },
    "AwsCloudTrailDataConnector": {
      "type": "object",
      "properties": {
        "kind": {
          "type": "string",
          "enum": [
            "AmazonWebServicesCloudTrail"
          ]
        },
        "properties": {
          "oneOf": [
            {
              "$ref": "#/definitions/AwsCloudTrailDataConnectorProperties"
            },
            {
              "$ref": "https://schema.management.azure.com/schemas/common/definitions.json#/definitions/expression"
            }
          ],
          "description": "Amazon Web Services CloudTrail data connector properties."
        }
      },
      "required": [
        "kind"
      ],
      "description": "Represents Amazon Web Services CloudTrail data connector."
    },
    "AwsCloudTrailDataConnectorDataTypes": {
      "type": "object",
      "properties": {
        "logs": {
          "oneOf": [
            {
              "$ref": "#/definitions/AwsCloudTrailDataConnectorDataTypesLogs"
            },
            {
              "$ref": "https://schema.management.azure.com/schemas/common/definitions.json#/definitions/expression"
            }
          ],
          "description": "Logs data type."
        }
      },
      "description": "The available data types for Amazon Web Services CloudTrail data connector."
    },
    "AwsCloudTrailDataConnectorDataTypesLogs": {
      "type": "object",
      "properties": {
        "state": {
          "oneOf": [
            {
              "type": "string",
              "enum": [
                "Enabled",
                "Disabled"
              ]
            },
            {
              "$ref": "https://schema.management.azure.com/schemas/common/definitions.json#/definitions/expression"
            }
          ],
          "description": "Describe whether this data type connection is enabled or not."
        }
      },
      "description": "Logs data type."
    },
    "AwsCloudTrailDataConnectorProperties": {
      "type": "object",
      "properties": {
        "awsRoleArn": {
          "type": "string",
          "description": "The Aws Role Arn (with CloudTrailReadOnly policy) that is used to access the Aws account."
        },
        "dataTypes": {
          "oneOf": [
            {
              "$ref": "#/definitions/AwsCloudTrailDataConnectorDataTypes"
            },
            {
              "$ref": "https://schema.management.azure.com/schemas/common/definitions.json#/definitions/expression"
            }
          ],
          "description": "The available data types for Amazon Web Services CloudTrail data connector."
        }
      },
      "description": "Amazon Web Services CloudTrail data connector properties."
    },
    "BookmarkProperties": {
      "type": "object",
      "properties": {
        "created": {
          "type": "string",
          "format": "date-time",
          "description": "The time the bookmark was created"
        },
        "createdBy": {
          "oneOf": [
            {
              "$ref": "#/definitions/UserInfo"
            },
            {
              "$ref": "https://schema.management.azure.com/schemas/common/definitions.json#/definitions/expression"
            }
          ],
          "description": "User information that made some action"
        },
        "displayName": {
          "type": "string",
          "description": "The display name of the bookmark"
        },
        "incidentInfo": {
          "oneOf": [
            {
              "$ref": "#/definitions/IncidentInfo"
            },
            {
              "$ref": "https://schema.management.azure.com/schemas/common/definitions.json#/definitions/expression"
            }
          ],
          "description": "Describes related incident information for the bookmark"
        },
        "labels": {
          "oneOf": [
            {
              "type": "array",
              "items": {
                "type": "string"
              }
            },
            {
              "$ref": "https://schema.management.azure.com/schemas/common/definitions.json#/definitions/expression"
            }
          ],
          "description": "List of labels relevant to this bookmark"
        },
        "notes": {
          "type": "string",
          "description": "The notes of the bookmark"
        },
        "query": {
          "type": "string",
          "description": "The query of the bookmark."
        },
        "queryResult": {
          "type": "string",
          "description": "The query result of the bookmark."
        },
        "updated": {
          "type": "string",
          "format": "date-time",
          "description": "The last time the bookmark was updated"
        },
        "updatedBy": {
          "oneOf": [
            {
              "$ref": "#/definitions/UserInfo"
            },
            {
              "$ref": "https://schema.management.azure.com/schemas/common/definitions.json#/definitions/expression"
            }
          ],
          "description": "User information that made some action"
        }
      },
      "required": [
        "displayName",
        "query"
      ],
      "description": "Describes bookmark properties"
    },
    "bookmarks_relations_childResource": {
      "type": "object",
      "properties": {
        "apiVersion": {
          "type": "string",
          "enum": [
            "2019-01-01-preview"
          ]
        },
        "etag": {
          "type": "string",
          "description": "ETag for relation"
        },
        "name": {
          "type": "string",
          "description": "Relation Name"
        },
        "properties": {
          "oneOf": [
            {
              "$ref": "#/definitions/RelationsModelInputProperties"
            },
            {
              "$ref": "https://schema.management.azure.com/schemas/common/definitions.json#/definitions/expression"
            }
          ],
          "description": "Relation input properties"
        },
        "type": {
          "type": "string",
          "enum": [
            "relations"
          ]
        }
      },
      "required": [
        "apiVersion",
        "name",
        "properties",
        "type"
      ],
      "description": "Microsoft.SecurityInsights/bookmarks/relations"
    },
    "CaseCommentProperties": {
      "type": "object",
      "properties": {
        "message": {
          "type": "string",
          "description": "The comment message"
        }
      },
      "required": [
        "message"
      ],
      "description": "Case comment property bag."
    },
    "CaseProperties": {
      "type": "object",
      "properties": {
        "closedReasonText": {
          "type": "string",
          "description": "the case close reason details"
        },
        "closeReason": {
          "oneOf": [
            {
              "type": "string",
              "enum": [
                "Resolved",
                "Dismissed",
                "TruePositive",
                "FalsePositive",
                "Other"
              ]
            },
            {
              "$ref": "https://schema.management.azure.com/schemas/common/definitions.json#/definitions/expression"
            }
          ],
          "description": "The reason the case was closed."
        },
        "description": {
          "type": "string",
          "description": "The description of the case"
        },
        "endTimeUtc": {
          "type": "string",
          "format": "date-time",
          "description": "The end time of the case"
        },
        "labels": {
          "oneOf": [
            {
              "type": "array",
              "items": {
                "type": "string"
              }
            },
            {
              "$ref": "https://schema.management.azure.com/schemas/common/definitions.json#/definitions/expression"
            }
          ],
          "description": "List of labels relevant to this case"
        },
        "owner": {
          "oneOf": [
            {
              "$ref": "#/definitions/UserInfo"
            },
            {
              "$ref": "https://schema.management.azure.com/schemas/common/definitions.json#/definitions/expression"
            }
          ],
          "description": "User information that made some action"
        },
        "severity": {
          "oneOf": [
            {
              "type": "string",
              "enum": [
                "Critical",
                "High",
                "Medium",
                "Low",
                "Informational"
              ]
            },
            {
              "$ref": "https://schema.management.azure.com/schemas/common/definitions.json#/definitions/expression"
            }
          ],
          "description": "The severity of the case."
        },
        "startTimeUtc": {
          "type": "string",
          "format": "date-time",
          "description": "The start time of the case"
        },
        "status": {
          "oneOf": [
            {
              "type": "string",
              "enum": [
                "Draft",
                "New",
                "InProgress",
                "Closed"
              ]
            },
            {
              "$ref": "https://schema.management.azure.com/schemas/common/definitions.json#/definitions/expression"
            }
          ],
          "description": "The status of the case."
        },
        "title": {
          "type": "string",
          "description": "The title of the case"
        }
      },
      "required": [
        "severity",
        "startTimeUtc",
        "status",
        "title"
      ],
      "description": "Describes case properties"
    },
    "cases_comments_childResource": {
      "type": "object",
      "properties": {
        "apiVersion": {
          "type": "string",
          "enum": [
            "2019-01-01-preview"
          ]
        },
        "name": {
          "type": "string",
          "description": "Case comment ID"
        },
        "properties": {
          "oneOf": [
            {
              "$ref": "#/definitions/CaseCommentProperties"
            },
            {
              "$ref": "https://schema.management.azure.com/schemas/common/definitions.json#/definitions/expression"
            }
          ],
          "description": "Case comment property bag."
        },
        "type": {
          "type": "string",
          "enum": [
            "comments"
          ]
        }
      },
      "required": [
        "apiVersion",
        "name",
        "properties",
        "type"
      ],
      "description": "Microsoft.SecurityInsights/cases/comments"
    },
    "cases_relations_childResource": {
      "type": "object",
      "properties": {
        "apiVersion": {
          "type": "string",
          "enum": [
            "2019-01-01-preview"
          ]
        },
        "etag": {
          "type": "string",
          "description": "ETag for relation"
        },
        "name": {
          "type": "string",
          "description": "Relation Name"
        },
        "properties": {
          "oneOf": [
            {
              "$ref": "#/definitions/RelationsModelInputProperties"
            },
            {
              "$ref": "https://schema.management.azure.com/schemas/common/definitions.json#/definitions/expression"
            }
          ],
          "description": "Relation input properties"
        },
        "type": {
          "type": "string",
          "enum": [
            "relations"
          ]
        }
      },
      "required": [
        "apiVersion",
        "name",
        "properties",
        "type"
      ],
      "description": "Microsoft.SecurityInsights/cases/relations"
    },
    "FusionAlertRule": {
      "type": "object",
      "properties": {
        "kind": {
          "type": "string",
          "enum": [
            "Fusion"
          ]
        },
        "properties": {
          "oneOf": [
            {
              "$ref": "#/definitions/FusionAlertRuleProperties"
            },
            {
              "$ref": "https://schema.management.azure.com/schemas/common/definitions.json#/definitions/expression"
            }
          ],
          "description": "Fusion alert rule base property bag."
        }
      },
      "required": [
        "kind"
      ],
      "description": "Represents Fusion alert rule."
    },
    "FusionAlertRuleProperties": {
      "type": "object",
      "properties": {
        "alertRuleTemplateName": {
          "type": "string",
          "description": "The Name of the alert rule template used to create this rule."
        },
        "enabled": {
          "oneOf": [
            {
              "type": "boolean"
            },
            {
              "$ref": "https://schema.management.azure.com/schemas/common/definitions.json#/definitions/expression"
            }
          ],
          "description": "Determines whether this alert rule is enabled or disabled."
        }
      },
      "required": [
        "alertRuleTemplateName",
        "enabled"
      ],
      "description": "Fusion alert rule base property bag."
    },
    "GroupingConfiguration": {
      "type": "object",
      "properties": {
        "enabled": {
          "oneOf": [
            {
              "type": "boolean"
            },
            {
              "$ref": "https://schema.management.azure.com/schemas/common/definitions.json#/definitions/expression"
            }
          ],
          "description": "Grouping enabled"
        },
        "entitiesMatchingMethod": {
          "oneOf": [
            {
              "type": "string",
              "enum": [
                "All",
                "None",
                "Custom"
              ]
            },
            {
              "$ref": "https://schema.management.azure.com/schemas/common/definitions.json#/definitions/expression"
            }
          ],
          "description": "Grouping matching method."
        },
        "groupByEntities": {
          "oneOf": [
            {
              "type": "array",
              "items": {
                "type": "string",
                "enum": [
                  "Account",
                  "Host",
                  "Ip",
                  "Url"
                ]
              }
            },
            {
              "$ref": "https://schema.management.azure.com/schemas/common/definitions.json#/definitions/expression"
            }
          ],
          "description": "A list of entity types to group by (when entitiesMatchingMethod is Custom)"
        },
        "lookbackDuration": {
          "type": "string",
          "format": "duration",
          "description": "Limit the group to alerts created within the lookback duration (in ISO 8601 duration format)"
        },
        "reopenClosedIncident": {
          "oneOf": [
            {
              "type": "boolean"
            },
            {
              "$ref": "https://schema.management.azure.com/schemas/common/definitions.json#/definitions/expression"
            }
          ],
          "description": "Re-open closed matching incidents"
        }
      },
      "required": [
        "enabled",
        "entitiesMatchingMethod",
        "lookbackDuration",
        "reopenClosedIncident"
      ],
      "description": "Grouping configuration property bag."
    },
    "IncidentCommentProperties": {
      "type": "object",
      "properties": {
        "message": {
          "type": "string",
          "description": "The comment message"
        }
      },
      "required": [
        "message"
      ],
      "description": "Incident comment property bag."
    },
    "IncidentConfiguration": {
      "type": "object",
      "properties": {
        "createIncident": {
          "oneOf": [
            {
              "type": "boolean"
            },
            {
              "$ref": "https://schema.management.azure.com/schemas/common/definitions.json#/definitions/expression"
            }
          ],
          "description": "Create incidents from alerts triggered by this analytics rule"
        },
        "groupingConfiguration": {
          "oneOf": [
            {
              "$ref": "#/definitions/GroupingConfiguration"
            },
            {
              "$ref": "https://schema.management.azure.com/schemas/common/definitions.json#/definitions/expression"
            }
          ],
          "description": "Grouping configuration property bag."
        }
      },
      "required": [
        "createIncident"
      ],
      "description": "Incident Configuration property bag."
    },
    "IncidentInfo": {
      "type": "object",
      "properties": {
        "incidentId": {
          "type": "string",
          "description": "Incident Id"
        },
        "relationName": {
          "type": "string",
          "description": "Relation Name"
        },
        "severity": {
          "oneOf": [
            {
              "type": "string",
              "enum": [
                "Critical",
                "High",
                "Medium",
                "Low",
                "Informational"
              ]
            },
            {
              "$ref": "https://schema.management.azure.com/schemas/common/definitions.json#/definitions/expression"
            }
          ],
          "description": "The severity of the incident."
        },
        "title": {
          "type": "string",
          "description": "The title of the incident"
        }
      },
      "required": [
        "incidentId",
        "relationName",
        "severity",
        "title"
      ],
      "description": "Describes related incident information for the bookmark"
    },
    "IncidentLabel": {
      "type": "object",
      "properties": {
        "labelName": {
          "type": "string",
          "description": "The name of the label"
        }
      },
      "required": [
        "labelName"
      ],
      "description": "Represents an incident label"
    },
    "IncidentOwnerInfo": {
      "type": "object",
      "properties": {
        "assignedTo": {
          "type": "string",
          "description": "The name of the user the incident is assigned to."
        },
        "email": {
          "type": "string",
          "description": "The email of the user the incident is assigned to."
        },
        "objectId": {
          "oneOf": [
            {
              "type": "string",
              "pattern": "^[0-9a-fA-F]{8}(-[0-9a-fA-F]{4}){3}-[0-9a-fA-F]{12}$"
            },
            {
              "$ref": "https://schema.management.azure.com/schemas/common/definitions.json#/definitions/expression"
            }
          ],
          "description": "The object id of the user the incident is assigned to."
        },
        "userPrincipalName": {
          "type": "string",
          "description": "The user principal name of the user the incident is assigned to."
        }
      },
      "description": "Information on the user an incident is assigned to"
    },
    "IncidentProperties": {
      "type": "object",
      "properties": {
        "classification": {
          "oneOf": [
            {
              "type": "string",
              "enum": [
                "Undetermined",
                "TruePositive",
                "FalsePositive"
              ]
            },
            {
              "$ref": "https://schema.management.azure.com/schemas/common/definitions.json#/definitions/expression"
            }
          ],
          "description": "The reason the incident was closed."
        },
        "description": {
          "type": "string",
          "description": "The description of the incident"
        },
        "firstActivityTimeUtc": {
          "type": "string",
          "format": "date-time",
          "description": "The time of the first activity in the incident"
        },
        "labels": {
          "oneOf": [
            {
              "type": "array",
              "items": {
                "$ref": "#/definitions/IncidentLabel"
              }
            },
            {
              "$ref": "https://schema.management.azure.com/schemas/common/definitions.json#/definitions/expression"
            }
          ],
          "description": "List of labels relevant to this incident"
        },
        "lastActivityTimeUtc": {
          "type": "string",
          "format": "date-time",
          "description": "The time of the last activity in the incident"
        },
        "owner": {
          "oneOf": [
            {
              "$ref": "#/definitions/IncidentOwnerInfo"
            },
            {
              "$ref": "https://schema.management.azure.com/schemas/common/definitions.json#/definitions/expression"
            }
          ],
          "description": "Information on the user an incident is assigned to"
        },
        "severity": {
          "oneOf": [
            {
              "type": "string",
              "enum": [
                "High",
                "Medium",
                "Low",
                "Informational"
              ]
            },
            {
              "$ref": "https://schema.management.azure.com/schemas/common/definitions.json#/definitions/expression"
            }
          ],
          "description": "The severity of the incident."
        },
        "status": {
          "oneOf": [
            {
              "type": "string",
              "enum": [
                "New",
                "Active",
                "Closed"
              ]
            },
            {
              "$ref": "https://schema.management.azure.com/schemas/common/definitions.json#/definitions/expression"
            }
          ],
          "description": "The status of the incident."
        },
        "title": {
          "type": "string",
          "description": "The title of the incident"
        }
      },
      "required": [
        "severity",
        "status",
        "title"
      ],
      "description": "Describes incident properties"
    },
    "incidents_comments_childResource": {
      "type": "object",
      "properties": {
        "apiVersion": {
          "type": "string",
          "enum": [
            "2019-01-01-preview"
          ]
        },
        "name": {
          "type": "string",
          "description": "Incident comment ID"
        },
        "properties": {
          "oneOf": [
            {
              "$ref": "#/definitions/IncidentCommentProperties"
            },
            {
              "$ref": "https://schema.management.azure.com/schemas/common/definitions.json#/definitions/expression"
            }
          ],
          "description": "Incident comment property bag."
        },
        "type": {
          "type": "string",
          "enum": [
            "comments"
          ]
        }
      },
      "required": [
        "apiVersion",
        "name",
        "properties",
        "type"
      ],
      "description": "Microsoft.SecurityInsights/incidents/comments"
    },
    "incidents_relations_childResource": {
      "type": "object",
      "properties": {
        "apiVersion": {
          "type": "string",
          "enum": [
            "2019-01-01-preview"
          ]
        },
        "etag": {
          "type": "string",
          "description": "Etag of the azure resource"
        },
        "name": {
          "type": "string",
          "description": "Relation Name"
        },
        "properties": {
          "oneOf": [
            {
              "$ref": "#/definitions/RelationProperties"
            },
            {
              "$ref": "https://schema.management.azure.com/schemas/common/definitions.json#/definitions/expression"
            }
          ],
          "description": "Relation property bag."
        },
        "type": {
          "type": "string",
          "enum": [
            "relations"
          ]
        }
      },
      "required": [
        "apiVersion",
        "name",
        "properties",
        "type"
      ],
      "description": "Microsoft.SecurityInsights/incidents/relations"
    },
    "MCASDataConnector": {
      "type": "object",
      "properties": {
        "kind": {
          "type": "string",
          "enum": [
            "MicrosoftCloudAppSecurity"
          ]
        },
        "properties": {
          "oneOf": [
            {
              "$ref": "#/definitions/MCASDataConnectorProperties"
            },
            {
              "$ref": "https://schema.management.azure.com/schemas/common/definitions.json#/definitions/expression"
            }
          ],
          "description": "MCAS (Microsoft Cloud App Security) data connector properties."
        }
      },
      "required": [
        "kind"
      ],
      "description": "Represents MCAS (Microsoft Cloud App Security) data connector."
    },
    "MCASDataConnectorDataTypes": {
      "type": "object",
      "properties": {
        "alerts": {
          "oneOf": [
            {
              "$ref": "#/definitions/AlertsDataTypeOfDataConnectorAlerts"
            },
            {
              "$ref": "https://schema.management.azure.com/schemas/common/definitions.json#/definitions/expression"
            }
          ],
          "description": "Alerts data type connection."
        },
        "discoveryLogs": {
          "oneOf": [
            {
              "$ref": "#/definitions/MCASDataConnectorDataTypesDiscoveryLogs"
            },
            {
              "$ref": "https://schema.management.azure.com/schemas/common/definitions.json#/definitions/expression"
            }
          ],
          "description": "Discovery log data type connection."
        }
      },
      "description": "The available data types for MCAS (Microsoft Cloud App Security) data connector."
    },
    "MCASDataConnectorDataTypesDiscoveryLogs": {
      "type": "object",
      "properties": {
        "state": {
          "oneOf": [
            {
              "type": "string",
              "enum": [
                "Enabled",
                "Disabled"
              ]
            },
            {
              "$ref": "https://schema.management.azure.com/schemas/common/definitions.json#/definitions/expression"
            }
          ],
          "description": "Describe whether this data type connection is enabled or not."
        }
      },
      "description": "Discovery log data type connection."
    },
    "MCASDataConnectorProperties": {
      "type": "object",
      "properties": {
        "dataTypes": {
          "oneOf": [
            {
              "$ref": "#/definitions/MCASDataConnectorDataTypes"
            },
            {
              "$ref": "https://schema.management.azure.com/schemas/common/definitions.json#/definitions/expression"
            }
          ],
          "description": "The available data types for MCAS (Microsoft Cloud App Security) data connector."
        },
        "tenantId": {
          "type": "string",
          "description": "The tenant id to connect to, and get the data from."
        }
      },
      "description": "MCAS (Microsoft Cloud App Security) data connector properties."
    },
    "MDATPDataConnector": {
      "type": "object",
      "properties": {
        "kind": {
          "type": "string",
          "enum": [
            "MicrosoftDefenderAdvancedThreatProtection"
          ]
        },
        "properties": {
          "oneOf": [
            {
              "$ref": "#/definitions/MDATPDataConnectorProperties"
            },
            {
              "$ref": "https://schema.management.azure.com/schemas/common/definitions.json#/definitions/expression"
            }
          ],
          "description": "MDATP (Microsoft Defender Advanced Threat Protection) data connector properties."
        }
      },
      "required": [
        "kind"
      ],
      "description": "Represents MDATP (Microsoft Defender Advanced Threat Protection) data connector."
    },
    "MDATPDataConnectorProperties": {
      "type": "object",
      "properties": {
        "dataTypes": {
          "oneOf": [
            {
              "$ref": "#/definitions/AlertsDataTypeOfDataConnector"
            },
            {
              "$ref": "https://schema.management.azure.com/schemas/common/definitions.json#/definitions/expression"
            }
          ],
          "description": "Alerts data type for data connectors."
        },
        "tenantId": {
          "type": "string",
          "description": "The tenant id to connect to, and get the data from."
        }
      },
      "description": "MDATP (Microsoft Defender Advanced Threat Protection) data connector properties."
    },
    "MicrosoftSecurityIncidentCreationAlertRule": {
      "type": "object",
      "properties": {
        "kind": {
          "type": "string",
          "enum": [
            "MicrosoftSecurityIncidentCreation"
          ]
        },
        "properties": {
          "oneOf": [
            {
              "$ref": "#/definitions/MicrosoftSecurityIncidentCreationAlertRuleProperties"
            },
            {
              "$ref": "https://schema.management.azure.com/schemas/common/definitions.json#/definitions/expression"
            }
          ],
          "description": "MicrosoftSecurityIncidentCreation rule property bag."
        }
      },
      "required": [
        "kind"
      ],
      "description": "Represents MicrosoftSecurityIncidentCreation rule."
    },
    "MicrosoftSecurityIncidentCreationAlertRuleProperties": {
      "type": "object",
      "properties": {
        "alertRuleTemplateName": {
          "type": "string",
          "description": "The Name of the alert rule template used to create this rule."
        },
        "description": {
          "type": "string",
          "description": "The description of the alert rule."
        },
        "displayName": {
          "type": "string",
          "description": "The display name for alerts created by this alert rule."
        },
        "displayNamesFilter": {
          "oneOf": [
            {
              "type": "array",
              "items": {
                "type": "string"
              }
            },
            {
              "$ref": "https://schema.management.azure.com/schemas/common/definitions.json#/definitions/expression"
            }
          ],
          "description": "the alerts' displayNames on which the cases will be generated"
        },
        "enabled": {
          "oneOf": [
            {
              "type": "boolean"
            },
            {
              "$ref": "https://schema.management.azure.com/schemas/common/definitions.json#/definitions/expression"
            }
          ],
          "description": "Determines whether this alert rule is enabled or disabled."
        },
        "productFilter": {
          "oneOf": [
            {
              "type": "string",
              "enum": [
                "Microsoft Cloud App Security",
                "Azure Security Center",
                "Azure Advanced Threat Protection",
                "Azure Active Directory Identity Protection",
                "Azure Security Center for IoT"
              ]
            },
            {
              "$ref": "https://schema.management.azure.com/schemas/common/definitions.json#/definitions/expression"
            }
          ],
          "description": "The alerts' productName on which the cases will be generated."
        },
        "severitiesFilter": {
          "oneOf": [
            {
              "type": "array",
              "items": {
                "type": "string",
                "enum": [
                  "High",
                  "Medium",
                  "Low",
                  "Informational"
                ]
              }
            },
            {
              "$ref": "https://schema.management.azure.com/schemas/common/definitions.json#/definitions/expression"
            }
          ],
          "description": "the alerts' severities on which the cases will be generated"
        }
      },
      "required": [
        "displayName",
        "enabled",
        "productFilter"
      ],
      "description": "MicrosoftSecurityIncidentCreation rule property bag."
    },
    "OfficeDataConnector": {
      "type": "object",
      "properties": {
        "kind": {
          "type": "string",
          "enum": [
            "Office365"
          ]
        },
        "properties": {
          "oneOf": [
            {
              "$ref": "#/definitions/OfficeDataConnectorProperties"
            },
            {
              "$ref": "https://schema.management.azure.com/schemas/common/definitions.json#/definitions/expression"
            }
          ],
          "description": "Office data connector properties."
        }
      },
      "required": [
        "kind"
      ],
      "description": "Represents office data connector."
    },
    "OfficeDataConnectorDataTypes": {
      "type": "object",
      "properties": {
        "exchange": {
          "oneOf": [
            {
              "$ref": "#/definitions/OfficeDataConnectorDataTypesExchange"
            },
            {
              "$ref": "https://schema.management.azure.com/schemas/common/definitions.json#/definitions/expression"
            }
          ],
          "description": "Exchange data type connection."
        },
        "sharePoint": {
          "oneOf": [
            {
              "$ref": "#/definitions/OfficeDataConnectorDataTypesSharePoint"
            },
            {
              "$ref": "https://schema.management.azure.com/schemas/common/definitions.json#/definitions/expression"
            }
          ],
          "description": "SharePoint data type connection."
        }
      },
      "description": "The available data types for office data connector."
    },
    "OfficeDataConnectorDataTypesExchange": {
      "type": "object",
      "properties": {
        "state": {
          "oneOf": [
            {
              "type": "string",
              "enum": [
                "Enabled",
                "Disabled"
              ]
            },
            {
              "$ref": "https://schema.management.azure.com/schemas/common/definitions.json#/definitions/expression"
            }
          ],
          "description": "Describe whether this data type connection is enabled or not."
        }
      },
      "description": "Exchange data type connection."
    },
    "OfficeDataConnectorDataTypesSharePoint": {
      "type": "object",
      "properties": {
        "state": {
          "oneOf": [
            {
              "type": "string",
              "enum": [
                "Enabled",
                "Disabled"
              ]
            },
            {
              "$ref": "https://schema.management.azure.com/schemas/common/definitions.json#/definitions/expression"
            }
          ],
          "description": "Describe whether this data type connection is enabled or not."
        }
      },
      "description": "SharePoint data type connection."
    },
    "OfficeDataConnectorProperties": {
      "type": "object",
      "properties": {
        "dataTypes": {
          "oneOf": [
            {
              "$ref": "#/definitions/OfficeDataConnectorDataTypes"
            },
            {
              "$ref": "https://schema.management.azure.com/schemas/common/definitions.json#/definitions/expression"
            }
          ],
          "description": "The available data types for office data connector."
        },
        "tenantId": {
          "type": "string",
          "description": "The tenant id to connect to, and get the data from."
        }
      },
      "description": "Office data connector properties."
    },
    "RelationNode": {
      "type": "object",
      "properties": {
        "etag": {
          "type": "string",
          "description": "Etag for relation node"
        },
        "relationAdditionalProperties": {
          "oneOf": [
            {
              "type": "object",
              "additionalProperties": {
                "type": "string"
              },
              "properties": {}
            },
            {
              "$ref": "https://schema.management.azure.com/schemas/common/definitions.json#/definitions/expression"
            }
          ],
          "description": "Additional set of properties"
        },
        "relationNodeId": {
          "type": "string",
          "description": "Relation Node Id"
        }
      },
      "description": "Relation node"
    },
    "RelationProperties": {
      "type": "object",
      "properties": {
        "relatedResourceId": {
          "type": "string",
          "description": "The resource ID of the related resource"
        },
        "relatedResourceName": {
          "type": "string",
          "description": "The name of the related resource"
        }
      },
      "required": [
        "relatedResourceId"
      ],
      "description": "Relation property bag."
    },
    "RelationsModelInputProperties": {
      "type": "object",
      "properties": {
        "relationName": {
          "type": "string",
          "description": "Name of relation"
        },
        "sourceRelationNode": {
          "oneOf": [
            {
              "$ref": "#/definitions/RelationNode"
            },
            {
              "$ref": "https://schema.management.azure.com/schemas/common/definitions.json#/definitions/expression"
            }
          ],
          "description": "Relation node"
        },
        "targetRelationNode": {
          "oneOf": [
            {
              "$ref": "#/definitions/RelationNode"
            },
            {
              "$ref": "https://schema.management.azure.com/schemas/common/definitions.json#/definitions/expression"
            }
          ],
          "description": "Relation node"
        }
      },
      "description": "Relation input properties"
    },
    "ScheduledAlertRule": {
      "type": "object",
      "properties": {
        "kind": {
          "type": "string",
          "enum": [
            "Scheduled"
          ]
        },
        "properties": {
          "oneOf": [
            {
              "$ref": "#/definitions/ScheduledAlertRuleProperties"
            },
            {
              "$ref": "https://schema.management.azure.com/schemas/common/definitions.json#/definitions/expression"
            }
          ],
          "description": "Scheduled alert rule base property bag."
        }
      },
      "required": [
        "kind"
      ],
      "description": "Represents scheduled alert rule."
    },
    "ScheduledAlertRuleProperties": {
      "type": "object",
      "properties": {
        "alertRuleTemplateName": {
          "type": "string",
          "description": "The Name of the alert rule template used to create this rule."
        },
        "description": {
          "type": "string",
          "description": "The description of the alert rule."
        },
        "displayName": {
          "type": "string",
          "description": "The display name for alerts created by this alert rule."
        },
        "enabled": {
          "oneOf": [
            {
              "type": "boolean"
            },
            {
              "$ref": "https://schema.management.azure.com/schemas/common/definitions.json#/definitions/expression"
            }
          ],
          "description": "Determines whether this alert rule is enabled or disabled."
        },
        "incidentConfiguration": {
          "oneOf": [
            {
              "$ref": "#/definitions/IncidentConfiguration"
            },
            {
              "$ref": "https://schema.management.azure.com/schemas/common/definitions.json#/definitions/expression"
            }
          ],
          "description": "Incident Configuration property bag."
        },
        "query": {
          "type": "string",
          "description": "The query that creates alerts for this rule."
        },
        "queryFrequency": {
          "type": "string",
          "format": "duration",
          "description": "The frequency (in ISO 8601 duration format) for this alert rule to run."
        },
        "queryPeriod": {
          "type": "string",
          "format": "duration",
          "description": "The period (in ISO 8601 duration format) that this alert rule looks at."
        },
        "severity": {
          "oneOf": [
            {
              "type": "string",
              "enum": [
                "High",
                "Medium",
                "Low",
                "Informational"
              ]
            },
            {
              "$ref": "https://schema.management.azure.com/schemas/common/definitions.json#/definitions/expression"
            }
          ],
          "description": "The severity for alerts created by this alert rule."
        },
        "suppressionDuration": {
          "type": "string",
          "format": "duration",
          "description": "The suppression (in ISO 8601 duration format) to wait since last time this alert rule been triggered."
        },
        "suppressionEnabled": {
          "oneOf": [
            {
              "type": "boolean"
            },
            {
              "$ref": "https://schema.management.azure.com/schemas/common/definitions.json#/definitions/expression"
            }
          ],
          "description": "Determines whether the suppression for this alert rule is enabled or disabled."
        },
        "tactics": {
          "oneOf": [
            {
              "type": "array",
              "items": {
                "type": "string",
                "enum": [
                  "InitialAccess",
                  "Execution",
                  "Persistence",
                  "PrivilegeEscalation",
                  "DefenseEvasion",
                  "CredentialAccess",
                  "Discovery",
                  "LateralMovement",
                  "Collection",
                  "Exfiltration",
                  "CommandAndControl",
                  "Impact"
                ]
              }
            },
            {
              "$ref": "https://schema.management.azure.com/schemas/common/definitions.json#/definitions/expression"
            }
          ],
          "description": "The tactics of the alert rule"
        },
        "triggerOperator": {
          "oneOf": [
            {
              "type": "string",
              "enum": [
                "GreaterThan",
                "LessThan",
                "Equal",
                "NotEqual"
              ]
            },
            {
              "$ref": "https://schema.management.azure.com/schemas/common/definitions.json#/definitions/expression"
            }
          ],
          "description": "The operation against the threshold that triggers alert rule."
        },
        "triggerThreshold": {
          "oneOf": [
            {
              "type": "integer"
            },
            {
              "$ref": "https://schema.management.azure.com/schemas/common/definitions.json#/definitions/expression"
            }
          ],
          "description": "The threshold triggers this alert rule."
        }
      },
      "required": [
        "displayName",
        "enabled",
        "suppressionDuration",
        "suppressionEnabled"
      ],
      "description": "Scheduled alert rule base property bag."
    },
    "TIDataConnector": {
      "type": "object",
      "properties": {
        "kind": {
          "type": "string",
          "enum": [
            "ThreatIntelligence"
          ]
        },
        "properties": {
          "oneOf": [
            {
              "$ref": "#/definitions/TIDataConnectorProperties"
            },
            {
              "$ref": "https://schema.management.azure.com/schemas/common/definitions.json#/definitions/expression"
            }
          ],
          "description": "TI (Threat Intelligence) data connector properties."
        }
      },
      "required": [
        "kind"
      ],
      "description": "Represents threat intelligence data connector."
    },
    "TIDataConnectorDataTypes": {
      "type": "object",
      "properties": {
        "indicators": {
          "oneOf": [
            {
              "$ref": "#/definitions/TIDataConnectorDataTypesIndicators"
            },
            {
              "$ref": "https://schema.management.azure.com/schemas/common/definitions.json#/definitions/expression"
            }
          ],
          "description": "Data type for indicators connection."
        }
      },
      "description": "The available data types for TI (Threat Intelligence) data connector."
    },
    "TIDataConnectorDataTypesIndicators": {
      "type": "object",
      "properties": {
        "state": {
          "oneOf": [
            {
              "type": "string",
              "enum": [
                "Enabled",
                "Disabled"
              ]
            },
            {
              "$ref": "https://schema.management.azure.com/schemas/common/definitions.json#/definitions/expression"
            }
          ],
          "description": "Describe whether this data type connection is enabled or not."
        }
      },
      "description": "Data type for indicators connection."
    },
    "TIDataConnectorProperties": {
      "type": "object",
      "properties": {
        "dataTypes": {
          "oneOf": [
            {
              "$ref": "#/definitions/TIDataConnectorDataTypes"
            },
            {
              "$ref": "https://schema.management.azure.com/schemas/common/definitions.json#/definitions/expression"
            }
          ],
          "description": "The available data types for TI (Threat Intelligence) data connector."
        },
        "tenantId": {
          "type": "string",
          "description": "The tenant id to connect to, and get the data from."
        }
      },
      "description": "TI (Threat Intelligence) data connector properties."
    },
    "TiTaxiiDataConnector": {
      "type": "object",
      "properties": {
        "kind": {
          "type": "string",
          "enum": [
            "ThreatIntelligenceTaxii"
          ]
        },
        "properties": {
          "oneOf": [
            {
              "$ref": "#/definitions/TiTaxiiDataConnectorProperties"
            },
            {
              "$ref": "https://schema.management.azure.com/schemas/common/definitions.json#/definitions/expression"
            }
          ],
          "description": "Threat Intelligence taxii client data connector properties."
        }
      },
      "required": [
        "kind"
      ],
      "description": "Represents threat intelligence taxii data connector."
    },
    "TiTaxiiDataConnectorDataTypes": {
      "type": "object",
      "properties": {
        "taxiiClient": {
          "oneOf": [
            {
              "$ref": "#/definitions/TiTaxiiDataConnectorDataTypesTaxiiClient"
            },
            {
              "$ref": "https://schema.management.azure.com/schemas/common/definitions.json#/definitions/expression"
            }
          ],
          "description": "Data type for taxii client."
        }
      },
      "description": "The available data types for Threat Intelligence taxii client data connector."
    },
    "TiTaxiiDataConnectorDataTypesTaxiiClient": {
      "type": "object",
      "properties": {
        "state": {
          "oneOf": [
            {
              "type": "string",
              "enum": [
                "Enabled",
                "Disabled"
              ]
            },
            {
              "$ref": "https://schema.management.azure.com/schemas/common/definitions.json#/definitions/expression"
            }
          ],
          "description": "Describe whether this data type connection is enabled or not."
        }
      },
      "description": "Data type for taxii client."
    },
    "TiTaxiiDataConnectorProperties": {
      "type": "object",
      "properties": {
        "collectionId": {
          "type": "string",
          "description": "The taxii collection id."
        },
        "dataTypes": {
          "oneOf": [
            {
              "$ref": "#/definitions/TiTaxiiDataConnectorDataTypes"
            },
            {
              "$ref": "https://schema.management.azure.com/schemas/common/definitions.json#/definitions/expression"
            }
          ],
          "description": "The available data types for Threat Intelligence taxii client data connector."
        },
        "friendlyName": {
          "type": "string",
          "description": "The friendly name for taxii client connector."
        },
        "password": {
          "type": "string",
          "description": "The taxii server password."
        },
        "taxiiServer": {
          "type": "string",
          "description": "The API root server for taxii client."
        },
        "tenantId": {
          "type": "string",
          "description": "The tenant id to connect to, and get the data from."
        },
        "userName": {
          "type": "string",
          "description": "The taxii server user name."
        },
        "workspaceId": {
          "type": "string",
          "description": "The workspace id."
        }
      },
      "description": "Threat Intelligence taxii client data connector properties."
    },
    "ToggleSettings": {
      "type": "object",
      "properties": {
        "kind": {
          "type": "string",
          "enum": [
            "ToggleSettings"
          ]
        },
        "properties": {
          "oneOf": [
            {
              "$ref": "#/definitions/ToggleSettingsProperties"
            },
            {
              "$ref": "https://schema.management.azure.com/schemas/common/definitions.json#/definitions/expression"
            }
          ],
          "description": "toggle property bag."
        }
      },
      "required": [
        "kind"
      ],
      "description": "Settings with single toggle."
    },
    "ToggleSettingsProperties": {
      "type": "object",
      "properties": {
        "isEnabled": {
          "oneOf": [
            {
              "type": "boolean"
            },
            {
              "$ref": "https://schema.management.azure.com/schemas/common/definitions.json#/definitions/expression"
            }
          ],
          "description": "Determines whether the setting is enable or disabled."
        }
      },
      "description": "toggle property bag."
    },
    "UebaSettings": {
      "type": "object",
      "properties": {
        "kind": {
          "type": "string",
          "enum": [
            "UebaSettings"
          ]
        },
        "properties": {
          "oneOf": [
            {
              "$ref": "#/definitions/UebaSettingsProperties"
            },
            {
              "$ref": "https://schema.management.azure.com/schemas/common/definitions.json#/definitions/expression"
            }
          ],
          "description": "User and Entity Behavior Analytics settings property bag."
        }
      },
      "required": [
        "kind"
      ],
      "description": "Represents settings for User and Entity Behavior Analytics enablement."
    },
    "UebaSettingsProperties": {
      "type": "object",
      "properties": {
        "isEnabled": {
          "oneOf": [
            {
              "type": "boolean"
            },
            {
              "$ref": "https://schema.management.azure.com/schemas/common/definitions.json#/definitions/expression"
            }
          ],
          "description": "Determines whether User and Entity Behavior Analytics is enabled for this workspace."
        }
      },
      "description": "User and Entity Behavior Analytics settings property bag."
    },
    "UserInfo": {
      "type": "object",
      "properties": {
        "objectId": {
          "oneOf": [
            {
              "type": "string",
              "pattern": "^[0-9a-fA-F]{8}(-[0-9a-fA-F]{4}){3}-[0-9a-fA-F]{12}$"
            },
            {
              "$ref": "https://schema.management.azure.com/schemas/common/definitions.json#/definitions/expression"
            }
          ],
          "description": "The object id of the user."
        }
      },
      "description": "User information that made some action"
    }
  }
}