{
  "id": "https://schema.management.azure.com/schemas/2015-04-01/Microsoft.DomainRegistration.json#",
  "$schema": "http://json-schema.org/draft-04/schema#",
  "title": "Microsoft.DomainRegistration",
  "description": "Microsoft DomainRegistration Resource Types",
  "resourceDefinitions": {
    "domains": {
      "type": "object",
      "properties": {
        "type": {
          "type": "string",
          "enum": [
            "Microsoft.DomainRegistration/domains"
          ]
        },
        "apiVersion": {
          "type": "string",
          "enum": [
            "2015-04-01"
          ]
        },
        "properties": {
          "oneOf": [
            {
              "$ref": "#/definitions/Domain_properties"
            },
            {
              "$ref": "https://schema.management.azure.com/schemas/common/definitions.json#/definitions/expression"
            }
          ],
          "description": "ARM envelope properties"
        },
        "resources": {
          "type": "array",
          "items": {
            "oneOf": [
              {
                "$ref": "#/definitions/domains_domainOwnershipIdentifiers_childResource"
              }
            ]
          }
        }
      },
      "required": [
        "type",
        "apiVersion",
        "properties"
      ],
      "description": "Microsoft.DomainRegistration/domains"
    },
    "domains_domainOwnershipIdentifiers": {
      "type": "object",
      "properties": {
        "type": {
          "type": "string",
          "enum": [
            "Microsoft.DomainRegistration/domains/domainOwnershipIdentifiers"
          ]
        },
        "apiVersion": {
          "type": "string",
          "enum": [
            "2015-04-01"
          ]
        },
        "properties": {
          "oneOf": [
            {
              "$ref": "#/definitions/DomainOwnershipIdentifier_properties"
            },
            {
              "$ref": "https://schema.management.azure.com/schemas/common/definitions.json#/definitions/expression"
            }
          ],
          "description": "ARM envelope properties"
        }
      },
      "required": [
        "type",
        "apiVersion",
        "properties"
      ],
      "description": "Microsoft.DomainRegistration/domains/domainOwnershipIdentifiers"
    }
  },
  "definitions": {
    "Address": {
      "type": "object",
      "properties": {
        "address1": {
          "type": "string",
          "description": "Address 1."
        },
        "address2": {
          "type": "string",
          "description": "Address 2."
        },
        "city": {
          "type": "string",
          "description": "City."
        },
        "country": {
          "type": "string",
          "description": "Country."
        },
        "postalCode": {
          "type": "string",
          "description": "Postal code."
        },
        "state": {
          "type": "string",
          "description": "State."
        }
      },
      "required": [
        "address1",
        "city",
        "country",
        "postalCode",
        "state"
      ],
      "description": "Address information for domain registration."
    },
    "Contact": {
      "type": "object",
      "properties": {
        "addressMailing": {
          "oneOf": [
            {
              "$ref": "#/definitions/Address"
            },
            {
              "$ref": "https://schema.management.azure.com/schemas/common/definitions.json#/definitions/expression"
            }
          ],
          "description": "Mailing address."
        },
        "email": {
          "type": "string",
          "description": "Email address."
        },
        "fax": {
          "type": "string",
          "description": "Fax number."
        },
        "jobTitle": {
          "type": "string",
          "description": "Job title."
        },
        "nameFirst": {
          "type": "string",
          "description": "First name."
        },
        "nameLast": {
          "type": "string",
          "description": "Last name."
        },
        "nameMiddle": {
          "type": "string",
          "description": "Middle name."
        },
        "organization": {
          "type": "string",
          "description": "Organization."
        },
        "phone": {
          "type": "string",
          "description": "Phone number."
        }
      },
      "required": [
        "email",
        "nameFirst",
        "nameLast",
        "phone"
      ],
      "description": "Contact information for domain registration. If 'Domain Privacy' option is not selected then the contact information is made publicly available through the Whois \n directories as per ICANN requirements."
    },
    "Domain_properties": {
      "type": "object",
      "properties": {
        "contactAdmin": {
          "oneOf": [
            {
              "$ref": "#/definitions/Contact"
            },
            {
              "$ref": "https://schema.management.azure.com/schemas/common/definitions.json#/definitions/expression"
            }
          ],
          "description": "Administrative contact."
        },
        "contactBilling": {
          "oneOf": [
            {
              "$ref": "#/definitions/Contact"
            },
            {
              "$ref": "https://schema.management.azure.com/schemas/common/definitions.json#/definitions/expression"
            }
          ],
          "description": "Billing contact."
        },
        "contactRegistrant": {
          "oneOf": [
            {
              "$ref": "#/definitions/Contact"
            },
            {
              "$ref": "https://schema.management.azure.com/schemas/common/definitions.json#/definitions/expression"
            }
          ],
          "description": "Registrant contact."
        },
        "contactTech": {
          "oneOf": [
            {
              "$ref": "#/definitions/Contact"
            },
            {
              "$ref": "https://schema.management.azure.com/schemas/common/definitions.json#/definitions/expression"
            }
          ],
          "description": "Technical contact."
        },
        "nameServers": {
          "oneOf": [
            {
              "type": "array",
              "items": {
                "type": "string"
              }
            },
            {
              "$ref": "https://schema.management.azure.com/schemas/common/definitions.json#/definitions/expression"
            }
          ],
          "description": "Name servers."
        },
        "privacy": {
          "oneOf": [
            {
              "type": "boolean"
            },
            {
              "$ref": "https://schema.management.azure.com/schemas/common/definitions.json#/definitions/expression"
            }
          ],
          "description": "<code>true</code> if domain privacy is enabled for this domain; otherwise, <code>false</code>."
        },
        "autoRenew": {
          "oneOf": [
            {
              "type": "boolean",
              "enum": [
                "true"
              ]
            },
            {
              "$ref": "https://schema.management.azure.com/schemas/common/definitions.json#/definitions/expression"
            }
          ],
          "description": "<code>true</code> if the domain should be automatically renewed; otherwise, <code>false</code>."
        },
        "managedHostNames": {
          "oneOf": [
            {
              "type": "array",
              "items": {
                "$ref": "#/definitions/HostName"
              }
            },
            {
              "$ref": "https://schema.management.azure.com/schemas/common/definitions.json#/definitions/expression"
            }
          ],
          "description": "All hostnames derived from the domain and assigned to Azure resources."
        },
        "consent": {
          "oneOf": [
            {
              "$ref": "#/definitions/DomainPurchaseConsent"
            },
            {
              "$ref": "https://schema.management.azure.com/schemas/common/definitions.json#/definitions/expression"
            }
          ],
          "description": "Legal agreement consent."
        },
        "domainNotRenewableReasons": {
          "oneOf": [
            {
              "type": "array",
              "items": {
                "type": "string",
                "enum": [
                  "RegistrationStatusNotSupportedForRenewal",
                  "ExpirationNotInRenewalTimeRange",
                  "SubscriptionNotActive"
                ]
              }
            },
            {
              "$ref": "https://schema.management.azure.com/schemas/common/definitions.json#/definitions/expression"
            }
          ],
          "description": "Reasons why domain is not renewable."
        }
      },
      "description": "ARM envelope properties"
    },
    "DomainOwnershipIdentifier_properties": {
      "type": "object",
      "properties": {
        "ownershipId": {
          "type": "string",
          "description": "Ownership Id."
        }
      },
      "description": "ARM envelope properties"
    },
    "DomainPurchaseConsent": {
      "type": "object",
      "properties": {
        "agreementKeys": {
          "oneOf": [
            {
              "type": "array",
              "items": {
                "type": "string"
              }
            },
            {
              "$ref": "https://schema.management.azure.com/schemas/common/definitions.json#/definitions/expression"
            }
          ],
          "description": "List of applicable legal agreement keys. This list can be retrieved using ListLegalAgreements API under <code>TopLevelDomain</code> resource."
        },
        "agreedBy": {
          "type": "string",
          "description": "Client IP address."
        },
        "agreedAt": {
          "type": "string",
          "format": "date-time",
          "description": "Timestamp when the agreements were accepted."
        }
      },
      "description": "Domain purchase consent object, representing acceptance of applicable legal agreements."
    },
    "domains_domainOwnershipIdentifiers_childResource": {
      "type": "object",
      "properties": {
        "type": {
          "type": "string",
          "enum": [
            "domainOwnershipIdentifiers"
          ]
        },
        "apiVersion": {
          "type": "string",
          "enum": [
            "2015-04-01"
          ]
        },
        "properties": {
          "oneOf": [
            {
              "$ref": "#/definitions/DomainOwnershipIdentifier_properties"
            },
            {
              "$ref": "https://schema.management.azure.com/schemas/common/definitions.json#/definitions/expression"
            }
          ],
          "description": "ARM envelope properties"
        }
      },
      "required": [
        "type",
        "apiVersion",
        "properties"
      ],
      "description": "Microsoft.DomainRegistration/domains/domainOwnershipIdentifiers"
    },
    "HostName": {
      "type": "object",
      "properties": {
        "name": {
          "type": "string",
          "description": "Name of the hostname."
        },
        "siteNames": {
          "oneOf": [
            {
              "type": "array",
              "items": {
                "type": "string"
              }
            },
            {
              "$ref": "https://schema.management.azure.com/schemas/common/definitions.json#/definitions/expression"
            }
          ],
          "description": "List of apps the hostname is assigned to. This list will have more than one app only if the hostname is pointing to a Traffic Manager."
        },
        "azureResourceName": {
          "type": "string",
          "description": "Name of the Azure resource the hostname is assigned to. If it is assigned to a Traffic Manager then it will be the Traffic Manager name otherwise it will be the app name."
        },
        "azureResourceType": {
          "oneOf": [
            {
              "type": "string",
              "enum": [
                "Website",
                "TrafficManager"
              ]
            },
            {
              "$ref": "https://schema.management.azure.com/schemas/common/definitions.json#/definitions/expression"
            }
          ],
          "description": "Type of the Azure resource the hostname is assigned to."
        },
        "customHostNameDnsRecordType": {
          "oneOf": [
            {
              "type": "string",
              "enum": [
                "CName",
                "A"
              ]
            },
            {
              "$ref": "https://schema.management.azure.com/schemas/common/definitions.json#/definitions/expression"
            }
          ],
          "description": "Type of the DNS record."
        },
        "hostNameType": {
          "oneOf": [
            {
              "type": "string",
              "enum": [
                "Verified",
                "Managed"
              ]
            },
            {
              "$ref": "https://schema.management.azure.com/schemas/common/definitions.json#/definitions/expression"
            }
          ],
          "description": "Type of the hostname."
        }
      },
      "description": "Details of a hostname derived from a domain."
    }
  }
}