{
  "id": "https://schema.management.azure.com/schemas/2019-10-01/Microsoft.ContainerService.json#",
  "$schema": "http://json-schema.org/draft-04/schema#",
  "title": "Microsoft.ContainerService",
  "description": "Microsoft ContainerService Resource Types",
  "resourceDefinitions": {
    "managedClusters": {
      "type": "object",
      "properties": {
        "apiVersion": {
          "type": "string",
          "enum": [
            "2019-10-01"
          ]
        },
        "identity": {
          "oneOf": [
            {
              "$ref": "#/definitions/ManagedClusterIdentity"
            },
            {
              "$ref": "https://schema.management.azure.com/schemas/common/definitions.json#/definitions/expression"
            }
          ],
          "description": "Identity for the managed cluster."
        },
        "location": {
          "type": "string",
          "description": "Resource location"
        },
        "name": {
          "oneOf": [
            {
              "type": "string",
              "pattern": "^[a-zA-Z0-9]$|^[a-zA-Z0-9][-_a-zA-Z0-9]{0,61}[a-zA-Z0-9]$",
              "minLength": 1,
              "maxLength": 63
            },
            {
              "$ref": "https://schema.management.azure.com/schemas/common/definitions.json#/definitions/expression"
            }
          ],
          "description": "The name of the managed cluster resource."
        },
        "properties": {
          "oneOf": [
            {
              "$ref": "#/definitions/ManagedClusterProperties"
            },
            {
              "$ref": "https://schema.management.azure.com/schemas/common/definitions.json#/definitions/expression"
            }
          ],
          "description": "Properties of the managed cluster."
        },
        "resources": {
          "type": "array",
          "items": {
            "oneOf": [
              {
                "$ref": "#/definitions/managedClusters_agentPools_childResource"
              }
            ]
          }
        },
        "tags": {
          "oneOf": [
            {
              "type": "object",
              "additionalProperties": {
                "type": "string"
              },
              "properties": {}
            },
            {
              "$ref": "https://schema.management.azure.com/schemas/common/definitions.json#/definitions/expression"
            }
          ],
          "description": "Resource tags"
        },
        "type": {
          "type": "string",
          "enum": [
            "Microsoft.ContainerService/managedClusters"
          ]
        }
      },
      "required": [
        "apiVersion",
        "location",
        "name",
        "properties",
        "type"
      ],
      "description": "Microsoft.ContainerService/managedClusters"
    },
    "managedClusters_agentPools": {
      "type": "object",
      "properties": {
        "apiVersion": {
          "type": "string",
          "enum": [
            "2019-10-01"
          ]
        },
        "name": {
          "type": "string",
          "description": "The name of the agent pool."
        },
        "properties": {
          "oneOf": [
            {
              "$ref": "#/definitions/ManagedClusterAgentPoolProfileProperties"
            },
            {
              "$ref": "https://schema.management.azure.com/schemas/common/definitions.json#/definitions/expression"
            }
          ],
          "description": "Properties for the container service agent pool profile."
        },
        "type": {
          "type": "string",
          "enum": [
            "Microsoft.ContainerService/managedClusters/agentPools"
          ]
        }
      },
      "required": [
        "apiVersion",
        "name",
        "properties",
        "type"
      ],
      "description": "Microsoft.ContainerService/managedClusters/agentPools"
    }
  },
  "definitions": {
    "ContainerServiceLinuxProfile": {
      "type": "object",
      "properties": {
        "adminUsername": {
          "oneOf": [
            {
              "type": "string",
              "pattern": "^[A-Za-z][-A-Za-z0-9_]*$"
            },
            {
              "$ref": "https://schema.management.azure.com/schemas/common/definitions.json#/definitions/expression"
            }
          ],
          "description": "The administrator username to use for Linux VMs."
        },
        "ssh": {
          "oneOf": [
            {
              "$ref": "#/definitions/ContainerServiceSshConfiguration"
            },
            {
              "$ref": "https://schema.management.azure.com/schemas/common/definitions.json#/definitions/expression"
            }
          ],
          "description": "SSH configuration for Linux-based VMs running on Azure."
        }
      },
      "required": [
        "adminUsername",
        "ssh"
      ],
      "description": "Profile for Linux VMs in the container service cluster."
    },
    "ContainerServiceNetworkProfile": {
      "type": "object",
      "properties": {
        "dnsServiceIP": {
          "oneOf": [
            {
              "type": "string",
              "pattern": "^(?:(?:25[0-5]|2[0-4][0-9]|[01]?[0-9][0-9]?)\\.){3}(?:25[0-5]|2[0-4][0-9]|[01]?[0-9][0-9]?)$",
              "default": "10.0.0.10"
            },
            {
              "$ref": "https://schema.management.azure.com/schemas/common/definitions.json#/definitions/expression"
            }
          ],
          "description": "An IP address assigned to the Kubernetes DNS service. It must be within the Kubernetes service address range specified in serviceCidr."
        },
        "dockerBridgeCidr": {
          "oneOf": [
            {
              "type": "string",
              "pattern": "^([0-9]{1,3}\\.){3}[0-9]{1,3}(\\/([0-9]|[1-2][0-9]|3[0-2]))?$",
              "default": "172.17.0.1/16"
            },
            {
              "$ref": "https://schema.management.azure.com/schemas/common/definitions.json#/definitions/expression"
            }
          ],
          "description": "A CIDR notation IP range assigned to the Docker bridge network. It must not overlap with any Subnet IP ranges or the Kubernetes service address range."
        },
        "loadBalancerProfile": {
          "oneOf": [
            {
              "$ref": "#/definitions/ManagedClusterLoadBalancerProfile"
            },
            {
              "$ref": "https://schema.management.azure.com/schemas/common/definitions.json#/definitions/expression"
            }
          ],
          "description": "Profile of the managed cluster load balancer"
        },
        "loadBalancerSku": {
          "oneOf": [
            {
              "type": "string",
              "enum": [
                "standard",
                "basic"
              ]
            },
            {
              "$ref": "https://schema.management.azure.com/schemas/common/definitions.json#/definitions/expression"
            }
          ],
          "description": "The load balancer sku for the managed cluster."
        },
        "networkPlugin": {
          "oneOf": [
            {
              "type": "string",
              "enum": [
                "azure",
                "kubenet"
              ]
            },
            {
              "$ref": "https://schema.management.azure.com/schemas/common/definitions.json#/definitions/expression"
            }
          ],
          "description": "Network plugin used for building Kubernetes network."
        },
        "networkPolicy": {
          "oneOf": [
            {
              "type": "string",
              "enum": [
                "calico",
                "azure"
              ]
            },
            {
              "$ref": "https://schema.management.azure.com/schemas/common/definitions.json#/definitions/expression"
            }
          ],
          "description": "Network policy used for building Kubernetes network."
        },
        "podCidr": {
          "oneOf": [
            {
              "type": "string",
              "pattern": "^([0-9]{1,3}\\.){3}[0-9]{1,3}(\\/([0-9]|[1-2][0-9]|3[0-2]))?$",
              "default": "10.244.0.0/16"
            },
            {
              "$ref": "https://schema.management.azure.com/schemas/common/definitions.json#/definitions/expression"
            }
          ],
          "description": "A CIDR notation IP range from which to assign pod IPs when kubenet is used."
        },
        "serviceCidr": {
          "oneOf": [
            {
              "type": "string",
              "pattern": "^([0-9]{1,3}\\.){3}[0-9]{1,3}(\\/([0-9]|[1-2][0-9]|3[0-2]))?$",
              "default": "10.0.0.0/16"
            },
            {
              "$ref": "https://schema.management.azure.com/schemas/common/definitions.json#/definitions/expression"
            }
          ],
          "description": "A CIDR notation IP range from which to assign service cluster IPs. It must not overlap with any Subnet IP ranges."
        }
      },
      "description": "Profile of network configuration."
    },
    "ContainerServiceSshConfiguration": {
      "type": "object",
      "properties": {
        "publicKeys": {
          "oneOf": [
            {
              "type": "array",
              "items": {
                "$ref": "#/definitions/ContainerServiceSshPublicKey"
              }
            },
            {
              "$ref": "https://schema.management.azure.com/schemas/common/definitions.json#/definitions/expression"
            }
          ],
          "description": "The list of SSH public keys used to authenticate with Linux-based VMs. Only expect one key specified."
        }
      },
      "required": [
        "publicKeys"
      ],
      "description": "SSH configuration for Linux-based VMs running on Azure."
    },
    "ContainerServiceSshPublicKey": {
      "type": "object",
      "properties": {
        "keyData": {
          "type": "string",
          "description": "Certificate public key used to authenticate with VMs through SSH. The certificate must be in PEM format with or without headers."
        }
      },
      "required": [
        "keyData"
      ],
      "description": "Contains information about SSH certificate public key data."
    },
    "ManagedClusterAADProfile": {
      "type": "object",
      "properties": {
        "clientAppID": {
          "type": "string",
          "description": "The client AAD application ID."
        },
        "serverAppID": {
          "type": "string",
          "description": "The server AAD application ID."
        },
        "serverAppSecret": {
          "type": "string",
          "description": "The server AAD application secret."
        },
        "tenantID": {
          "type": "string",
          "description": "The AAD tenant ID to use for authentication. If not specified, will use the tenant of the deployment subscription."
        }
      },
      "required": [
        "clientAppID",
        "serverAppID"
      ],
      "description": "AADProfile specifies attributes for Azure Active Directory integration."
    },
    "ManagedClusterAddonProfile": {
      "type": "object",
      "properties": {
        "config": {
          "oneOf": [
            {
              "type": "object",
              "additionalProperties": {
                "type": "string"
              },
              "properties": {}
            },
            {
              "$ref": "https://schema.management.azure.com/schemas/common/definitions.json#/definitions/expression"
            }
          ],
          "description": "Key-value pairs for configuring an add-on."
        },
        "enabled": {
          "oneOf": [
            {
              "type": "boolean"
            },
            {
              "$ref": "https://schema.management.azure.com/schemas/common/definitions.json#/definitions/expression"
            }
          ],
          "description": "Whether the add-on is enabled or not."
        }
      },
      "required": [
        "enabled"
      ],
      "description": "A Kubernetes add-on profile for a managed cluster."
    },
    "ManagedClusterAgentPoolProfile": {
      "type": "object",
      "properties": {
        "availabilityZones": {
          "oneOf": [
            {
              "type": "array",
              "items": {
                "type": "string"
              }
            },
            {
              "$ref": "https://schema.management.azure.com/schemas/common/definitions.json#/definitions/expression"
            }
          ],
          "description": "(PREVIEW) Availability zones for nodes. Must use VirtualMachineScaleSets AgentPoolType."
        },
        "count": {
          "oneOf": [
            {
              "type": "integer"
            },
            {
              "$ref": "https://schema.management.azure.com/schemas/common/definitions.json#/definitions/expression"
            }
          ],
          "description": "Number of agents (VMs) to host docker containers. Allowed values must be in the range of 1 to 100 (inclusive). The default value is 1."
        },
        "enableAutoScaling": {
          "oneOf": [
            {
              "type": "boolean"
            },
            {
              "$ref": "https://schema.management.azure.com/schemas/common/definitions.json#/definitions/expression"
            }
          ],
          "description": "Whether to enable auto-scaler"
        },
        "enableNodePublicIP": {
          "oneOf": [
            {
              "type": "boolean"
            },
            {
              "$ref": "https://schema.management.azure.com/schemas/common/definitions.json#/definitions/expression"
            }
          ],
          "description": "Enable public IP for nodes"
        },
        "maxCount": {
          "oneOf": [
            {
              "type": "integer"
            },
            {
              "$ref": "https://schema.management.azure.com/schemas/common/definitions.json#/definitions/expression"
            }
          ],
          "description": "Maximum number of nodes for auto-scaling"
        },
        "maxPods": {
          "oneOf": [
            {
              "type": "integer"
            },
            {
              "$ref": "https://schema.management.azure.com/schemas/common/definitions.json#/definitions/expression"
            }
          ],
          "description": "Maximum number of pods that can run on a node."
        },
        "minCount": {
          "oneOf": [
            {
              "type": "integer"
            },
            {
              "$ref": "https://schema.management.azure.com/schemas/common/definitions.json#/definitions/expression"
            }
          ],
          "description": "Minimum number of nodes for auto-scaling"
        },
        "name": {
          "oneOf": [
            {
              "type": "string",
              "pattern": "^[a-z][a-z0-9]{0,11}$"
            },
            {
              "$ref": "https://schema.management.azure.com/schemas/common/definitions.json#/definitions/expression"
            }
          ],
          "description": "Unique name of the agent pool profile in the context of the subscription and resource group."
        },
        "nodeTaints": {
          "oneOf": [
            {
              "type": "array",
              "items": {
                "type": "string"
              }
            },
            {
              "$ref": "https://schema.management.azure.com/schemas/common/definitions.json#/definitions/expression"
            }
          ],
          "description": "Taints added to new nodes during node pool create and scale. For example, key=value:NoSchedule."
        },
        "orchestratorVersion": {
          "type": "string",
          "description": "Version of orchestrator specified when creating the managed cluster."
        },
        "osDiskSizeGB": {
          "oneOf": [
            {
              "type": "integer",
              "minimum": 0,
              "maximum": 1023
            },
            {
              "$ref": "https://schema.management.azure.com/schemas/common/definitions.json#/definitions/expression"
            }
          ],
          "description": "OS Disk Size in GB to be used to specify the disk size for every machine in this master/agent pool. If you specify 0, it will apply the default osDisk size according to the vmSize specified."
        },
        "osType": {
          "oneOf": [
            {
              "type": "string",
              "enum": [
                "Linux",
                "Windows"
              ]
            },
            {
              "$ref": "https://schema.management.azure.com/schemas/common/definitions.json#/definitions/expression"
            }
          ],
          "description": "OsType to be used to specify os type. Choose from Linux and Windows. Default to Linux."
        },
        "scaleSetEvictionPolicy": {
          "oneOf": [
            {
              "type": "string",
              "enum": [
                "Delete",
                "Deallocate"
              ]
            },
            {
              "$ref": "https://schema.management.azure.com/schemas/common/definitions.json#/definitions/expression"
            }
          ],
          "description": "ScaleSetEvictionPolicy to be used to specify eviction policy for low priority virtual machine scale set. Default to Delete."
        },
        "scaleSetPriority": {
          "oneOf": [
            {
              "type": "string",
              "enum": [
                "Low",
                "Regular"
              ]
            },
            {
              "$ref": "https://schema.management.azure.com/schemas/common/definitions.json#/definitions/expression"
            }
          ],
          "description": "ScaleSetPriority to be used to specify virtual machine scale set priority. Default to regular."
        },
        "type": {
          "oneOf": [
            {
              "type": "string",
              "enum": [
                "VirtualMachineScaleSets",
                "AvailabilitySet"
              ]
            },
            {
              "$ref": "https://schema.management.azure.com/schemas/common/definitions.json#/definitions/expression"
            }
          ],
          "description": "AgentPoolType represents types of an agent pool."
        },
        "vmSize": {
          "oneOf": [
            {
              "type": "string",
              "enum": [
                "Standard_A1",
                "Standard_A10",
                "Standard_A11",
                "Standard_A1_v2",
                "Standard_A2",
                "Standard_A2_v2",
                "Standard_A2m_v2",
                "Standard_A3",
                "Standard_A4",
                "Standard_A4_v2",
                "Standard_A4m_v2",
                "Standard_A5",
                "Standard_A6",
                "Standard_A7",
                "Standard_A8",
                "Standard_A8_v2",
                "Standard_A8m_v2",
                "Standard_A9",
                "Standard_B2ms",
                "Standard_B2s",
                "Standard_B4ms",
                "Standard_B8ms",
                "Standard_D1",
                "Standard_D11",
                "Standard_D11_v2",
                "Standard_D11_v2_Promo",
                "Standard_D12",
                "Standard_D12_v2",
                "Standard_D12_v2_Promo",
                "Standard_D13",
                "Standard_D13_v2",
                "Standard_D13_v2_Promo",
                "Standard_D14",
                "Standard_D14_v2",
                "Standard_D14_v2_Promo",
                "Standard_D15_v2",
                "Standard_D16_v3",
                "Standard_D16s_v3",
                "Standard_D1_v2",
                "Standard_D2",
                "Standard_D2_v2",
                "Standard_D2_v2_Promo",
                "Standard_D2_v3",
                "Standard_D2s_v3",
                "Standard_D3",
                "Standard_D32_v3",
                "Standard_D32s_v3",
                "Standard_D3_v2",
                "Standard_D3_v2_Promo",
                "Standard_D4",
                "Standard_D4_v2",
                "Standard_D4_v2_Promo",
                "Standard_D4_v3",
                "Standard_D4s_v3",
                "Standard_D5_v2",
                "Standard_D5_v2_Promo",
                "Standard_D64_v3",
                "Standard_D64s_v3",
                "Standard_D8_v3",
                "Standard_D8s_v3",
                "Standard_DS1",
                "Standard_DS11",
                "Standard_DS11_v2",
                "Standard_DS11_v2_Promo",
                "Standard_DS12",
                "Standard_DS12_v2",
                "Standard_DS12_v2_Promo",
                "Standard_DS13",
                "Standard_DS13-2_v2",
                "Standard_DS13-4_v2",
                "Standard_DS13_v2",
                "Standard_DS13_v2_Promo",
                "Standard_DS14",
                "Standard_DS14-4_v2",
                "Standard_DS14-8_v2",
                "Standard_DS14_v2",
                "Standard_DS14_v2_Promo",
                "Standard_DS15_v2",
                "Standard_DS1_v2",
                "Standard_DS2",
                "Standard_DS2_v2",
                "Standard_DS2_v2_Promo",
                "Standard_DS3",
                "Standard_DS3_v2",
                "Standard_DS3_v2_Promo",
                "Standard_DS4",
                "Standard_DS4_v2",
                "Standard_DS4_v2_Promo",
                "Standard_DS5_v2",
                "Standard_DS5_v2_Promo",
                "Standard_E16_v3",
                "Standard_E16s_v3",
                "Standard_E2_v3",
                "Standard_E2s_v3",
                "Standard_E32-16s_v3",
                "Standard_E32-8s_v3",
                "Standard_E32_v3",
                "Standard_E32s_v3",
                "Standard_E4_v3",
                "Standard_E4s_v3",
                "Standard_E64-16s_v3",
                "Standard_E64-32s_v3",
                "Standard_E64_v3",
                "Standard_E64s_v3",
                "Standard_E8_v3",
                "Standard_E8s_v3",
                "Standard_F1",
                "Standard_F16",
                "Standard_F16s",
                "Standard_F16s_v2",
                "Standard_F1s",
                "Standard_F2",
                "Standard_F2s",
                "Standard_F2s_v2",
                "Standard_F32s_v2",
                "Standard_F4",
                "Standard_F4s",
                "Standard_F4s_v2",
                "Standard_F64s_v2",
                "Standard_F72s_v2",
                "Standard_F8",
                "Standard_F8s",
                "Standard_F8s_v2",
                "Standard_G1",
                "Standard_G2",
                "Standard_G3",
                "Standard_G4",
                "Standard_G5",
                "Standard_GS1",
                "Standard_GS2",
                "Standard_GS3",
                "Standard_GS4",
                "Standard_GS4-4",
                "Standard_GS4-8",
                "Standard_GS5",
                "Standard_GS5-16",
                "Standard_GS5-8",
                "Standard_H16",
                "Standard_H16m",
                "Standard_H16mr",
                "Standard_H16r",
                "Standard_H8",
                "Standard_H8m",
                "Standard_L16s",
                "Standard_L32s",
                "Standard_L4s",
                "Standard_L8s",
                "Standard_M128-32ms",
                "Standard_M128-64ms",
                "Standard_M128ms",
                "Standard_M128s",
                "Standard_M64-16ms",
                "Standard_M64-32ms",
                "Standard_M64ms",
                "Standard_M64s",
                "Standard_NC12",
                "Standard_NC12s_v2",
                "Standard_NC12s_v3",
                "Standard_NC24",
                "Standard_NC24r",
                "Standard_NC24rs_v2",
                "Standard_NC24rs_v3",
                "Standard_NC24s_v2",
                "Standard_NC24s_v3",
                "Standard_NC6",
                "Standard_NC6s_v2",
                "Standard_NC6s_v3",
                "Standard_ND12s",
                "Standard_ND24rs",
                "Standard_ND24s",
                "Standard_ND6s",
                "Standard_NV12",
                "Standard_NV24",
                "Standard_NV6"
              ]
            },
            {
              "$ref": "https://schema.management.azure.com/schemas/common/definitions.json#/definitions/expression"
            }
          ],
          "description": "Size of agent VMs."
        },
        "vnetSubnetID": {
          "type": "string",
          "description": "VNet SubnetID specifies the VNet's subnet identifier."
        }
      },
      "required": [
        "name"
      ],
      "description": "Profile for the container service agent pool."
    },
    "ManagedClusterAgentPoolProfileProperties": {
      "type": "object",
      "properties": {
        "availabilityZones": {
          "oneOf": [
            {
              "type": "array",
              "items": {
                "type": "string"
              }
            },
            {
              "$ref": "https://schema.management.azure.com/schemas/common/definitions.json#/definitions/expression"
            }
          ],
          "description": "(PREVIEW) Availability zones for nodes. Must use VirtualMachineScaleSets AgentPoolType."
        },
        "count": {
          "oneOf": [
            {
              "type": "integer"
            },
            {
              "$ref": "https://schema.management.azure.com/schemas/common/definitions.json#/definitions/expression"
            }
          ],
          "description": "Number of agents (VMs) to host docker containers. Allowed values must be in the range of 1 to 100 (inclusive). The default value is 1."
        },
        "enableAutoScaling": {
          "oneOf": [
            {
              "type": "boolean"
            },
            {
              "$ref": "https://schema.management.azure.com/schemas/common/definitions.json#/definitions/expression"
            }
          ],
          "description": "Whether to enable auto-scaler"
        },
        "enableNodePublicIP": {
          "oneOf": [
            {
              "type": "boolean"
            },
            {
              "$ref": "https://schema.management.azure.com/schemas/common/definitions.json#/definitions/expression"
            }
          ],
          "description": "Enable public IP for nodes"
        },
        "maxCount": {
          "oneOf": [
            {
              "type": "integer"
            },
            {
              "$ref": "https://schema.management.azure.com/schemas/common/definitions.json#/definitions/expression"
            }
          ],
          "description": "Maximum number of nodes for auto-scaling"
        },
        "maxPods": {
          "oneOf": [
            {
              "type": "integer"
            },
            {
              "$ref": "https://schema.management.azure.com/schemas/common/definitions.json#/definitions/expression"
            }
          ],
          "description": "Maximum number of pods that can run on a node."
        },
        "minCount": {
          "oneOf": [
            {
              "type": "integer"
            },
            {
              "$ref": "https://schema.management.azure.com/schemas/common/definitions.json#/definitions/expression"
            }
          ],
          "description": "Minimum number of nodes for auto-scaling"
        },
        "nodeTaints": {
          "oneOf": [
            {
              "type": "array",
              "items": {
                "type": "string"
              }
            },
            {
              "$ref": "https://schema.management.azure.com/schemas/common/definitions.json#/definitions/expression"
            }
          ],
          "description": "Taints added to new nodes during node pool create and scale. For example, key=value:NoSchedule."
        },
        "orchestratorVersion": {
          "type": "string",
          "description": "Version of orchestrator specified when creating the managed cluster."
        },
        "osDiskSizeGB": {
          "oneOf": [
            {
              "type": "integer",
              "minimum": 0,
              "maximum": 1023
            },
            {
              "$ref": "https://schema.management.azure.com/schemas/common/definitions.json#/definitions/expression"
            }
          ],
          "description": "OS Disk Size in GB to be used to specify the disk size for every machine in this master/agent pool. If you specify 0, it will apply the default osDisk size according to the vmSize specified."
        },
        "osType": {
          "oneOf": [
            {
              "type": "string",
              "enum": [
                "Linux",
                "Windows"
              ]
            },
            {
              "$ref": "https://schema.management.azure.com/schemas/common/definitions.json#/definitions/expression"
            }
          ],
          "description": "OsType to be used to specify os type. Choose from Linux and Windows. Default to Linux."
        },
        "scaleSetEvictionPolicy": {
          "oneOf": [
            {
              "type": "string",
              "enum": [
                "Delete",
                "Deallocate"
              ]
            },
            {
              "$ref": "https://schema.management.azure.com/schemas/common/definitions.json#/definitions/expression"
            }
          ],
          "description": "ScaleSetEvictionPolicy to be used to specify eviction policy for low priority virtual machine scale set. Default to Delete."
        },
        "scaleSetPriority": {
          "oneOf": [
            {
              "type": "string",
              "enum": [
                "Low",
                "Regular"
              ]
            },
            {
              "$ref": "https://schema.management.azure.com/schemas/common/definitions.json#/definitions/expression"
            }
          ],
          "description": "ScaleSetPriority to be used to specify virtual machine scale set priority. Default to regular."
        },
        "type": {
          "oneOf": [
            {
              "type": "string",
              "enum": [
                "VirtualMachineScaleSets",
                "AvailabilitySet"
              ]
            },
            {
              "$ref": "https://schema.management.azure.com/schemas/common/definitions.json#/definitions/expression"
            }
          ],
          "description": "AgentPoolType represents types of an agent pool."
        },
        "vmSize": {
          "oneOf": [
            {
              "type": "string",
              "enum": [
                "Standard_A1",
                "Standard_A10",
                "Standard_A11",
                "Standard_A1_v2",
                "Standard_A2",
                "Standard_A2_v2",
                "Standard_A2m_v2",
                "Standard_A3",
                "Standard_A4",
                "Standard_A4_v2",
                "Standard_A4m_v2",
                "Standard_A5",
                "Standard_A6",
                "Standard_A7",
                "Standard_A8",
                "Standard_A8_v2",
                "Standard_A8m_v2",
                "Standard_A9",
                "Standard_B2ms",
                "Standard_B2s",
                "Standard_B4ms",
                "Standard_B8ms",
                "Standard_D1",
                "Standard_D11",
                "Standard_D11_v2",
                "Standard_D11_v2_Promo",
                "Standard_D12",
                "Standard_D12_v2",
                "Standard_D12_v2_Promo",
                "Standard_D13",
                "Standard_D13_v2",
                "Standard_D13_v2_Promo",
                "Standard_D14",
                "Standard_D14_v2",
                "Standard_D14_v2_Promo",
                "Standard_D15_v2",
                "Standard_D16_v3",
                "Standard_D16s_v3",
                "Standard_D1_v2",
                "Standard_D2",
                "Standard_D2_v2",
                "Standard_D2_v2_Promo",
                "Standard_D2_v3",
                "Standard_D2s_v3",
                "Standard_D3",
                "Standard_D32_v3",
                "Standard_D32s_v3",
                "Standard_D3_v2",
                "Standard_D3_v2_Promo",
                "Standard_D4",
                "Standard_D4_v2",
                "Standard_D4_v2_Promo",
                "Standard_D4_v3",
                "Standard_D4s_v3",
                "Standard_D5_v2",
                "Standard_D5_v2_Promo",
                "Standard_D64_v3",
                "Standard_D64s_v3",
                "Standard_D8_v3",
                "Standard_D8s_v3",
                "Standard_DS1",
                "Standard_DS11",
                "Standard_DS11_v2",
                "Standard_DS11_v2_Promo",
                "Standard_DS12",
                "Standard_DS12_v2",
                "Standard_DS12_v2_Promo",
                "Standard_DS13",
                "Standard_DS13-2_v2",
                "Standard_DS13-4_v2",
                "Standard_DS13_v2",
                "Standard_DS13_v2_Promo",
                "Standard_DS14",
                "Standard_DS14-4_v2",
                "Standard_DS14-8_v2",
                "Standard_DS14_v2",
                "Standard_DS14_v2_Promo",
                "Standard_DS15_v2",
                "Standard_DS1_v2",
                "Standard_DS2",
                "Standard_DS2_v2",
                "Standard_DS2_v2_Promo",
                "Standard_DS3",
                "Standard_DS3_v2",
                "Standard_DS3_v2_Promo",
                "Standard_DS4",
                "Standard_DS4_v2",
                "Standard_DS4_v2_Promo",
                "Standard_DS5_v2",
                "Standard_DS5_v2_Promo",
                "Standard_E16_v3",
                "Standard_E16s_v3",
                "Standard_E2_v3",
                "Standard_E2s_v3",
                "Standard_E32-16s_v3",
                "Standard_E32-8s_v3",
                "Standard_E32_v3",
                "Standard_E32s_v3",
                "Standard_E4_v3",
                "Standard_E4s_v3",
                "Standard_E64-16s_v3",
                "Standard_E64-32s_v3",
                "Standard_E64_v3",
                "Standard_E64s_v3",
                "Standard_E8_v3",
                "Standard_E8s_v3",
                "Standard_F1",
                "Standard_F16",
                "Standard_F16s",
                "Standard_F16s_v2",
                "Standard_F1s",
                "Standard_F2",
                "Standard_F2s",
                "Standard_F2s_v2",
                "Standard_F32s_v2",
                "Standard_F4",
                "Standard_F4s",
                "Standard_F4s_v2",
                "Standard_F64s_v2",
                "Standard_F72s_v2",
                "Standard_F8",
                "Standard_F8s",
                "Standard_F8s_v2",
                "Standard_G1",
                "Standard_G2",
                "Standard_G3",
                "Standard_G4",
                "Standard_G5",
                "Standard_GS1",
                "Standard_GS2",
                "Standard_GS3",
                "Standard_GS4",
                "Standard_GS4-4",
                "Standard_GS4-8",
                "Standard_GS5",
                "Standard_GS5-16",
                "Standard_GS5-8",
                "Standard_H16",
                "Standard_H16m",
                "Standard_H16mr",
                "Standard_H16r",
                "Standard_H8",
                "Standard_H8m",
                "Standard_L16s",
                "Standard_L32s",
                "Standard_L4s",
                "Standard_L8s",
                "Standard_M128-32ms",
                "Standard_M128-64ms",
                "Standard_M128ms",
                "Standard_M128s",
                "Standard_M64-16ms",
                "Standard_M64-32ms",
                "Standard_M64ms",
                "Standard_M64s",
                "Standard_NC12",
                "Standard_NC12s_v2",
                "Standard_NC12s_v3",
                "Standard_NC24",
                "Standard_NC24r",
                "Standard_NC24rs_v2",
                "Standard_NC24rs_v3",
                "Standard_NC24s_v2",
                "Standard_NC24s_v3",
                "Standard_NC6",
                "Standard_NC6s_v2",
                "Standard_NC6s_v3",
                "Standard_ND12s",
                "Standard_ND24rs",
                "Standard_ND24s",
                "Standard_ND6s",
                "Standard_NV12",
                "Standard_NV24",
                "Standard_NV6"
              ]
            },
            {
              "$ref": "https://schema.management.azure.com/schemas/common/definitions.json#/definitions/expression"
            }
          ],
          "description": "Size of agent VMs."
        },
        "vnetSubnetID": {
          "type": "string",
          "description": "VNet SubnetID specifies the VNet's subnet identifier."
        }
      },
      "description": "Properties for the container service agent pool profile."
    },
    "ManagedClusterAPIServerAccessProfile": {
      "type": "object",
      "properties": {
        "authorizedIPRanges": {
          "oneOf": [
            {
              "type": "array",
              "items": {
                "type": "string"
              }
            },
            {
              "$ref": "https://schema.management.azure.com/schemas/common/definitions.json#/definitions/expression"
            }
          ],
          "description": "Authorized IP Ranges to kubernetes API server."
        },
        "enablePrivateCluster": {
          "oneOf": [
            {
              "type": "boolean"
            },
            {
              "$ref": "https://schema.management.azure.com/schemas/common/definitions.json#/definitions/expression"
            }
          ],
          "description": "Whether to create the cluster as a private cluster or not."
        }
      },
      "description": "Access profile for managed cluster API server."
    },
    "ManagedClusterIdentity": {
      "type": "object",
      "properties": {
        "type": {
          "oneOf": [
            {
              "type": "string",
              "enum": [
                "SystemAssigned",
                "None"
              ]
            },
            {
              "$ref": "https://schema.management.azure.com/schemas/common/definitions.json#/definitions/expression"
            }
          ],
          "description": "The type of identity used for the managed cluster. Type 'SystemAssigned' will use an implicitly created identity in master components and an auto-created user assigned identity in MC_ resource group in agent nodes. Type 'None' will not use MSI for the managed cluster, service principal will be used instead."
        }
      },
      "description": "Identity for the managed cluster."
    },
    "ManagedClusterLoadBalancerProfile": {
      "type": "object",
      "properties": {
        "effectiveOutboundIPs": {
          "oneOf": [
            {
              "type": "array",
              "items": {
                "$ref": "#/definitions/ResourceReference"
              }
            },
            {
              "$ref": "https://schema.management.azure.com/schemas/common/definitions.json#/definitions/expression"
            }
          ],
          "description": "The effective outbound IP resources of the cluster load balancer."
        },
        "managedOutboundIPs": {
          "oneOf": [
            {
              "$ref": "#/definitions/ManagedClusterLoadBalancerProfileManagedOutboundIPs"
            },
            {
              "$ref": "https://schema.management.azure.com/schemas/common/definitions.json#/definitions/expression"
            }
          ],
          "description": "Desired managed outbound IPs for the cluster load balancer."
        },
        "outboundIPPrefixes": {
          "oneOf": [
            {
              "$ref": "#/definitions/ManagedClusterLoadBalancerProfileOutboundIPPrefixes"
            },
            {
              "$ref": "https://schema.management.azure.com/schemas/common/definitions.json#/definitions/expression"
            }
          ],
          "description": "Desired outbound IP Prefix resources for the cluster load balancer."
        },
        "outboundIPs": {
          "oneOf": [
            {
              "$ref": "#/definitions/ManagedClusterLoadBalancerProfileOutboundIPs"
            },
            {
              "$ref": "https://schema.management.azure.com/schemas/common/definitions.json#/definitions/expression"
            }
          ],
          "description": "Desired outbound IP resources for the cluster load balancer."
        }
      },
      "description": "Profile of the managed cluster load balancer"
    },
    "ManagedClusterLoadBalancerProfileManagedOutboundIPs": {
      "type": "object",
      "properties": {
        "count": {
          "oneOf": [
            {
              "type": "integer",
              "minimum": 1,
              "maximum": 100,
              "default": "1"
            },
            {
              "$ref": "https://schema.management.azure.com/schemas/common/definitions.json#/definitions/expression"
            }
          ],
          "description": "Desired number of outbound IP created/managed by Azure for the cluster load balancer. Allowed values must be in the range of 1 to 100 (inclusive). The default value is 1. "
        }
      },
      "description": "Desired managed outbound IPs for the cluster load balancer."
    },
    "ManagedClusterLoadBalancerProfileOutboundIPPrefixes": {
      "type": "object",
      "properties": {
        "publicIPPrefixes": {
          "oneOf": [
            {
              "type": "array",
              "items": {
                "$ref": "#/definitions/ResourceReference"
              }
            },
            {
              "$ref": "https://schema.management.azure.com/schemas/common/definitions.json#/definitions/expression"
            }
          ],
          "description": "A list of public IP prefix resources."
        }
      },
      "description": "Desired outbound IP Prefix resources for the cluster load balancer."
    },
    "ManagedClusterLoadBalancerProfileOutboundIPs": {
      "type": "object",
      "properties": {
        "publicIPs": {
          "oneOf": [
            {
              "type": "array",
              "items": {
                "$ref": "#/definitions/ResourceReference"
              }
            },
            {
              "$ref": "https://schema.management.azure.com/schemas/common/definitions.json#/definitions/expression"
            }
          ],
          "description": "A list of public IP resources."
        }
      },
      "description": "Desired outbound IP resources for the cluster load balancer."
    },
    "ManagedClusterProperties": {
      "type": "object",
      "properties": {
        "aadProfile": {
          "oneOf": [
            {
              "$ref": "#/definitions/ManagedClusterAADProfile"
            },
            {
              "$ref": "https://schema.management.azure.com/schemas/common/definitions.json#/definitions/expression"
            }
          ],
          "description": "AADProfile specifies attributes for Azure Active Directory integration."
        },
        "addonProfiles": {
          "oneOf": [
            {
              "type": "object",
              "additionalProperties": {
                "$ref": "#/definitions/ManagedClusterAddonProfile"
              },
              "properties": {}
            },
            {
              "$ref": "https://schema.management.azure.com/schemas/common/definitions.json#/definitions/expression"
            }
          ],
          "description": "Profile of managed cluster add-on."
        },
        "agentPoolProfiles": {
          "oneOf": [
            {
              "type": "array",
              "items": {
                "$ref": "#/definitions/ManagedClusterAgentPoolProfile"
              }
            },
            {
              "$ref": "https://schema.management.azure.com/schemas/common/definitions.json#/definitions/expression"
            }
          ],
          "description": "Properties of the agent pool."
        },
        "apiServerAccessProfile": {
          "oneOf": [
            {
              "$ref": "#/definitions/ManagedClusterAPIServerAccessProfile"
            },
            {
              "$ref": "https://schema.management.azure.com/schemas/common/definitions.json#/definitions/expression"
            }
          ],
          "description": "Access profile for managed cluster API server."
        },
        "dnsPrefix": {
          "type": "string",
          "description": "DNS prefix specified when creating the managed cluster."
        },
        "enablePodSecurityPolicy": {
          "oneOf": [
            {
              "type": "boolean"
            },
            {
              "$ref": "https://schema.management.azure.com/schemas/common/definitions.json#/definitions/expression"
            }
          ],
          "description": "(PREVIEW) Whether to enable Kubernetes Pod security policy."
        },
        "enableRBAC": {
          "oneOf": [
            {
              "type": "boolean"
            },
            {
              "$ref": "https://schema.management.azure.com/schemas/common/definitions.json#/definitions/expression"
            }
          ],
          "description": "Whether to enable Kubernetes Role-Based Access Control."
        },
        "kubernetesVersion": {
          "type": "string",
          "description": "Version of Kubernetes specified when creating the managed cluster."
        },
        "linuxProfile": {
          "oneOf": [
            {
              "$ref": "#/definitions/ContainerServiceLinuxProfile"
            },
            {
              "$ref": "https://schema.management.azure.com/schemas/common/definitions.json#/definitions/expression"
            }
          ],
          "description": "Profile for Linux VMs in the container service cluster."
        },
        "networkProfile": {
          "oneOf": [
            {
              "$ref": "#/definitions/ContainerServiceNetworkProfile"
            },
            {
              "$ref": "https://schema.management.azure.com/schemas/common/definitions.json#/definitions/expression"
            }
          ],
          "description": "Profile of network configuration."
        },
        "nodeResourceGroup": {
          "type": "string",
          "description": "Name of the resource group containing agent pool nodes."
        },
        "servicePrincipalProfile": {
          "oneOf": [
            {
              "$ref": "#/definitions/ManagedClusterServicePrincipalProfile"
            },
            {
              "$ref": "https://schema.management.azure.com/schemas/common/definitions.json#/definitions/expression"
            }
          ],
          "description": "Information about a service principal identity for the cluster to use for manipulating Azure APIs."
        },
        "windowsProfile": {
          "oneOf": [
            {
              "$ref": "#/definitions/ManagedClusterWindowsProfile"
            },
            {
              "$ref": "https://schema.management.azure.com/schemas/common/definitions.json#/definitions/expression"
            }
          ],
          "description": "Profile for Windows VMs in the container service cluster."
        }
      },
      "description": "Properties of the managed cluster."
    },
    "ManagedClusterServicePrincipalProfile": {
      "type": "object",
      "properties": {
        "clientId": {
          "type": "string",
          "description": "The ID for the service principal."
        },
        "secret": {
          "type": "string",
          "description": "The secret password associated with the service principal in plain text."
        }
      },
      "required": [
        "clientId"
      ],
      "description": "Information about a service principal identity for the cluster to use for manipulating Azure APIs."
    },
    "managedClusters_agentPools_childResource": {
      "type": "object",
      "properties": {
        "apiVersion": {
          "type": "string",
          "enum": [
            "2019-10-01"
          ]
        },
        "name": {
          "type": "string",
          "description": "The name of the agent pool."
        },
        "properties": {
          "oneOf": [
            {
              "$ref": "#/definitions/ManagedClusterAgentPoolProfileProperties"
            },
            {
              "$ref": "https://schema.management.azure.com/schemas/common/definitions.json#/definitions/expression"
            }
          ],
          "description": "Properties for the container service agent pool profile."
        },
        "type": {
          "type": "string",
          "enum": [
            "agentPools"
          ]
        }
      },
      "required": [
        "apiVersion",
        "name",
        "properties",
        "type"
      ],
      "description": "Microsoft.ContainerService/managedClusters/agentPools"
    },
    "ManagedClusterWindowsProfile": {
      "type": "object",
      "properties": {
        "adminPassword": {
          "oneOf": [
            {
              "type": "string",
              "pattern": "^(?=.*[a-z])(?=.*[A-Z])(?=.*[!@#$%\\^&\\*\\(\\)])[a-zA-Z\\d!@#$%\\^&\\*\\(\\)]{12,123}$"
            },
            {
              "$ref": "https://schema.management.azure.com/schemas/common/definitions.json#/definitions/expression"
            }
          ],
          "description": "The administrator password to use for Windows VMs."
        },
        "adminUsername": {
          "oneOf": [
            {
              "type": "string",
              "pattern": "^[a-zA-Z0-9]+([._]?[a-zA-Z0-9]+)*$"
            },
            {
              "$ref": "https://schema.management.azure.com/schemas/common/definitions.json#/definitions/expression"
            }
          ],
          "description": "The administrator username to use for Windows VMs."
        }
      },
      "required": [
        "adminUsername"
      ],
      "description": "Profile for Windows VMs in the container service cluster."
    },
    "ResourceReference": {
      "type": "object",
      "properties": {
        "id": {
          "type": "string",
          "description": "The fully qualified Azure resource id."
        }
      },
      "description": "A reference to an Azure resource."
    }
  }
}