{
  "id": "https://schema.management.azure.com/schemas/2020-01-01/Microsoft.SecurityInsights.json#",
  "$schema": "http://json-schema.org/draft-04/schema#",
  "title": "Microsoft.SecurityInsights",
  "description": "Microsoft SecurityInsights Resource Types",
  "resourceDefinitions": {},
  "extension_resourceDefinitions": {
    "alertRules": {
      "type": "object",
      "oneOf": [
        {
          "$ref": "#/definitions/FusionAlertRule"
        },
        {
          "$ref": "#/definitions/MicrosoftSecurityIncidentCreationAlertRule"
        },
        {
          "$ref": "#/definitions/ScheduledAlertRule"
        }
      ],
      "properties": {
        "apiVersion": {
          "type": "string",
          "enum": [
            "2020-01-01"
          ]
        },
        "etag": {
          "type": "string",
          "description": "Etag of the azure resource"
        },
        "name": {
          "type": "string",
          "description": "Alert rule ID"
        },
        "resources": {
          "type": "array",
          "items": {
            "oneOf": [
              {
                "$ref": "#/definitions/alertRules_actions_childResource"
              }
            ]
          }
        },
        "type": {
          "type": "string",
          "enum": [
            "Microsoft.SecurityInsights/alertRules"
          ]
        }
      },
      "required": [
        "apiVersion",
        "name",
        "type"
      ],
      "description": "Microsoft.SecurityInsights/alertRules"
    },
    "alertRules_actions": {
      "type": "object",
      "properties": {
        "apiVersion": {
          "type": "string",
          "enum": [
            "2020-01-01"
          ]
        },
        "etag": {
          "type": "string",
          "description": "Etag of the azure resource"
        },
        "name": {
          "type": "string",
          "description": "Action ID"
        },
        "properties": {
          "oneOf": [
            {
              "$ref": "#/definitions/ActionRequestProperties"
            },
            {
              "$ref": "https://schema.management.azure.com/schemas/common/definitions.json#/definitions/expression"
            }
          ],
          "description": "Action property bag."
        },
        "type": {
          "type": "string",
          "enum": [
            "Microsoft.SecurityInsights/alertRules/actions"
          ]
        }
      },
      "required": [
        "apiVersion",
        "name",
        "properties",
        "type"
      ],
      "description": "Microsoft.SecurityInsights/alertRules/actions"
    },
    "dataConnectors": {
      "type": "object",
      "oneOf": [
        {
          "$ref": "#/definitions/AADDataConnector"
        },
        {
          "$ref": "#/definitions/AATPDataConnector"
        },
        {
          "$ref": "#/definitions/ASCDataConnector"
        },
        {
          "$ref": "#/definitions/AwsCloudTrailDataConnector"
        },
        {
          "$ref": "#/definitions/MCASDataConnector"
        },
        {
          "$ref": "#/definitions/MDATPDataConnector"
        },
        {
          "$ref": "#/definitions/OfficeDataConnector"
        },
        {
          "$ref": "#/definitions/TIDataConnector"
        }
      ],
      "properties": {
        "apiVersion": {
          "type": "string",
          "enum": [
            "2020-01-01"
          ]
        },
        "etag": {
          "type": "string",
          "description": "Etag of the azure resource"
        },
        "name": {
          "type": "string",
          "description": "Connector ID"
        },
        "type": {
          "type": "string",
          "enum": [
            "Microsoft.SecurityInsights/dataConnectors"
          ]
        }
      },
      "required": [
        "apiVersion",
        "name",
        "type"
      ],
      "description": "Microsoft.SecurityInsights/dataConnectors"
    }
  },
  "definitions": {
    "AADDataConnector": {
      "type": "object",
      "properties": {
        "kind": {
          "type": "string",
          "enum": [
            "AzureActiveDirectory"
          ]
        },
        "properties": {
          "oneOf": [
            {
              "$ref": "#/definitions/AADDataConnectorProperties"
            },
            {
              "$ref": "https://schema.management.azure.com/schemas/common/definitions.json#/definitions/expression"
            }
          ],
          "description": "AAD (Azure Active Directory) data connector properties."
        }
      },
      "required": [
        "kind"
      ],
      "description": "Represents AAD (Azure Active Directory) data connector."
    },
    "AADDataConnectorProperties": {
      "type": "object",
      "properties": {
        "dataTypes": {
          "oneOf": [
            {
              "$ref": "#/definitions/AlertsDataTypeOfDataConnector"
            },
            {
              "$ref": "https://schema.management.azure.com/schemas/common/definitions.json#/definitions/expression"
            }
          ],
          "description": "Alerts data type for data connectors."
        },
        "tenantId": {
          "type": "string",
          "description": "The tenant id to connect to, and get the data from."
        }
      },
      "description": "AAD (Azure Active Directory) data connector properties."
    },
    "AATPDataConnector": {
      "type": "object",
      "properties": {
        "kind": {
          "type": "string",
          "enum": [
            "AzureAdvancedThreatProtection"
          ]
        },
        "properties": {
          "oneOf": [
            {
              "$ref": "#/definitions/AATPDataConnectorProperties"
            },
            {
              "$ref": "https://schema.management.azure.com/schemas/common/definitions.json#/definitions/expression"
            }
          ],
          "description": "AATP (Azure Advanced Threat Protection) data connector properties."
        }
      },
      "required": [
        "kind"
      ],
      "description": "Represents AATP (Azure Advanced Threat Protection) data connector."
    },
    "AATPDataConnectorProperties": {
      "type": "object",
      "properties": {
        "dataTypes": {
          "oneOf": [
            {
              "$ref": "#/definitions/AlertsDataTypeOfDataConnector"
            },
            {
              "$ref": "https://schema.management.azure.com/schemas/common/definitions.json#/definitions/expression"
            }
          ],
          "description": "Alerts data type for data connectors."
        },
        "tenantId": {
          "type": "string",
          "description": "The tenant id to connect to, and get the data from."
        }
      },
      "description": "AATP (Azure Advanced Threat Protection) data connector properties."
    },
    "ActionRequestProperties": {
      "type": "object",
      "properties": {
        "logicAppResourceId": {
          "type": "string",
          "description": "Logic App Resource Id, providers/Microsoft.Logic/workflows/{WorkflowID}."
        },
        "triggerUri": {
          "type": "string",
          "description": "Logic App Callback URL for this specific workflow."
        }
      },
      "required": [
        "logicAppResourceId"
      ],
      "description": "Action property bag."
    },
    "alertRules_actions_childResource": {
      "type": "object",
      "properties": {
        "apiVersion": {
          "type": "string",
          "enum": [
            "2020-01-01"
          ]
        },
        "etag": {
          "type": "string",
          "description": "Etag of the azure resource"
        },
        "name": {
          "type": "string",
          "description": "Action ID"
        },
        "properties": {
          "oneOf": [
            {
              "$ref": "#/definitions/ActionRequestProperties"
            },
            {
              "$ref": "https://schema.management.azure.com/schemas/common/definitions.json#/definitions/expression"
            }
          ],
          "description": "Action property bag."
        },
        "type": {
          "type": "string",
          "enum": [
            "actions"
          ]
        }
      },
      "required": [
        "apiVersion",
        "name",
        "properties",
        "type"
      ],
      "description": "Microsoft.SecurityInsights/alertRules/actions"
    },
    "AlertsDataTypeOfDataConnector": {
      "type": "object",
      "properties": {
        "alerts": {
          "oneOf": [
            {
              "$ref": "#/definitions/AlertsDataTypeOfDataConnectorAlerts"
            },
            {
              "$ref": "https://schema.management.azure.com/schemas/common/definitions.json#/definitions/expression"
            }
          ],
          "description": "Alerts data type connection."
        }
      },
      "description": "Alerts data type for data connectors."
    },
    "AlertsDataTypeOfDataConnectorAlerts": {
      "type": "object",
      "properties": {
        "state": {
          "oneOf": [
            {
              "type": "string",
              "enum": [
                "Enabled",
                "Disabled"
              ]
            },
            {
              "$ref": "https://schema.management.azure.com/schemas/common/definitions.json#/definitions/expression"
            }
          ],
          "description": "Describe whether this data type connection is enabled or not."
        }
      },
      "description": "Alerts data type connection."
    },
    "ASCDataConnector": {
      "type": "object",
      "properties": {
        "kind": {
          "type": "string",
          "enum": [
            "AzureSecurityCenter"
          ]
        },
        "properties": {
          "oneOf": [
            {
              "$ref": "#/definitions/ASCDataConnectorProperties"
            },
            {
              "$ref": "https://schema.management.azure.com/schemas/common/definitions.json#/definitions/expression"
            }
          ],
          "description": "ASC (Azure Security Center) data connector properties."
        }
      },
      "required": [
        "kind"
      ],
      "description": "Represents ASC (Azure Security Center) data connector."
    },
    "ASCDataConnectorProperties": {
      "type": "object",
      "properties": {
        "dataTypes": {
          "oneOf": [
            {
              "$ref": "#/definitions/AlertsDataTypeOfDataConnector"
            },
            {
              "$ref": "https://schema.management.azure.com/schemas/common/definitions.json#/definitions/expression"
            }
          ],
          "description": "Alerts data type for data connectors."
        },
        "subscriptionId": {
          "type": "string",
          "description": "The subscription id to connect to, and get the data from."
        }
      },
      "description": "ASC (Azure Security Center) data connector properties."
    },
    "AwsCloudTrailDataConnector": {
      "type": "object",
      "properties": {
        "kind": {
          "type": "string",
          "enum": [
            "AmazonWebServicesCloudTrail"
          ]
        },
        "properties": {
          "oneOf": [
            {
              "$ref": "#/definitions/AwsCloudTrailDataConnectorProperties"
            },
            {
              "$ref": "https://schema.management.azure.com/schemas/common/definitions.json#/definitions/expression"
            }
          ],
          "description": "Amazon Web Services CloudTrail data connector properties."
        }
      },
      "required": [
        "kind"
      ],
      "description": "Represents Amazon Web Services CloudTrail data connector."
    },
    "AwsCloudTrailDataConnectorDataTypes": {
      "type": "object",
      "properties": {
        "logs": {
          "oneOf": [
            {
              "$ref": "#/definitions/AwsCloudTrailDataConnectorDataTypesLogs"
            },
            {
              "$ref": "https://schema.management.azure.com/schemas/common/definitions.json#/definitions/expression"
            }
          ],
          "description": "Logs data type."
        }
      },
      "description": "The available data types for Amazon Web Services CloudTrail data connector."
    },
    "AwsCloudTrailDataConnectorDataTypesLogs": {
      "type": "object",
      "properties": {
        "state": {
          "oneOf": [
            {
              "type": "string",
              "enum": [
                "Enabled",
                "Disabled"
              ]
            },
            {
              "$ref": "https://schema.management.azure.com/schemas/common/definitions.json#/definitions/expression"
            }
          ],
          "description": "Describe whether this data type connection is enabled or not."
        }
      },
      "description": "Logs data type."
    },
    "AwsCloudTrailDataConnectorProperties": {
      "type": "object",
      "properties": {
        "awsRoleArn": {
          "type": "string",
          "description": "The Aws Role Arn (with CloudTrailReadOnly policy) that is used to access the Aws account."
        },
        "dataTypes": {
          "oneOf": [
            {
              "$ref": "#/definitions/AwsCloudTrailDataConnectorDataTypes"
            },
            {
              "$ref": "https://schema.management.azure.com/schemas/common/definitions.json#/definitions/expression"
            }
          ],
          "description": "The available data types for Amazon Web Services CloudTrail data connector."
        }
      },
      "description": "Amazon Web Services CloudTrail data connector properties."
    },
    "FusionAlertRule": {
      "type": "object",
      "properties": {
        "kind": {
          "type": "string",
          "enum": [
            "Fusion"
          ]
        },
        "properties": {
          "oneOf": [
            {
              "$ref": "#/definitions/FusionAlertRuleProperties"
            },
            {
              "$ref": "https://schema.management.azure.com/schemas/common/definitions.json#/definitions/expression"
            }
          ],
          "description": "Fusion alert rule base property bag."
        }
      },
      "required": [
        "kind"
      ],
      "description": "Represents Fusion alert rule."
    },
    "FusionAlertRuleProperties": {
      "type": "object",
      "properties": {
        "alertRuleTemplateName": {
          "type": "string",
          "description": "The Name of the alert rule template used to create this rule."
        },
        "enabled": {
          "oneOf": [
            {
              "type": "boolean"
            },
            {
              "$ref": "https://schema.management.azure.com/schemas/common/definitions.json#/definitions/expression"
            }
          ],
          "description": "Determines whether this alert rule is enabled or disabled."
        }
      },
      "required": [
        "alertRuleTemplateName",
        "enabled"
      ],
      "description": "Fusion alert rule base property bag."
    },
    "MCASDataConnector": {
      "type": "object",
      "properties": {
        "kind": {
          "type": "string",
          "enum": [
            "MicrosoftCloudAppSecurity"
          ]
        },
        "properties": {
          "oneOf": [
            {
              "$ref": "#/definitions/MCASDataConnectorProperties"
            },
            {
              "$ref": "https://schema.management.azure.com/schemas/common/definitions.json#/definitions/expression"
            }
          ],
          "description": "MCAS (Microsoft Cloud App Security) data connector properties."
        }
      },
      "required": [
        "kind"
      ],
      "description": "Represents MCAS (Microsoft Cloud App Security) data connector."
    },
    "MCASDataConnectorDataTypes": {
      "type": "object",
      "properties": {
        "alerts": {
          "oneOf": [
            {
              "$ref": "#/definitions/AlertsDataTypeOfDataConnectorAlerts"
            },
            {
              "$ref": "https://schema.management.azure.com/schemas/common/definitions.json#/definitions/expression"
            }
          ],
          "description": "Alerts data type connection."
        },
        "discoveryLogs": {
          "oneOf": [
            {
              "$ref": "#/definitions/MCASDataConnectorDataTypesDiscoveryLogs"
            },
            {
              "$ref": "https://schema.management.azure.com/schemas/common/definitions.json#/definitions/expression"
            }
          ],
          "description": "Discovery log data type connection."
        }
      },
      "description": "The available data types for MCAS (Microsoft Cloud App Security) data connector."
    },
    "MCASDataConnectorDataTypesDiscoveryLogs": {
      "type": "object",
      "properties": {
        "state": {
          "oneOf": [
            {
              "type": "string",
              "enum": [
                "Enabled",
                "Disabled"
              ]
            },
            {
              "$ref": "https://schema.management.azure.com/schemas/common/definitions.json#/definitions/expression"
            }
          ],
          "description": "Describe whether this data type connection is enabled or not."
        }
      },
      "description": "Discovery log data type connection."
    },
    "MCASDataConnectorProperties": {
      "type": "object",
      "properties": {
        "dataTypes": {
          "oneOf": [
            {
              "$ref": "#/definitions/MCASDataConnectorDataTypes"
            },
            {
              "$ref": "https://schema.management.azure.com/schemas/common/definitions.json#/definitions/expression"
            }
          ],
          "description": "The available data types for MCAS (Microsoft Cloud App Security) data connector."
        },
        "tenantId": {
          "type": "string",
          "description": "The tenant id to connect to, and get the data from."
        }
      },
      "description": "MCAS (Microsoft Cloud App Security) data connector properties."
    },
    "MDATPDataConnector": {
      "type": "object",
      "properties": {
        "kind": {
          "type": "string",
          "enum": [
            "MicrosoftDefenderAdvancedThreatProtection"
          ]
        },
        "properties": {
          "oneOf": [
            {
              "$ref": "#/definitions/MDATPDataConnectorProperties"
            },
            {
              "$ref": "https://schema.management.azure.com/schemas/common/definitions.json#/definitions/expression"
            }
          ],
          "description": "MDATP (Microsoft Defender Advanced Threat Protection) data connector properties."
        }
      },
      "required": [
        "kind"
      ],
      "description": "Represents MDATP (Microsoft Defender Advanced Threat Protection) data connector."
    },
    "MDATPDataConnectorProperties": {
      "type": "object",
      "properties": {
        "dataTypes": {
          "oneOf": [
            {
              "$ref": "#/definitions/AlertsDataTypeOfDataConnector"
            },
            {
              "$ref": "https://schema.management.azure.com/schemas/common/definitions.json#/definitions/expression"
            }
          ],
          "description": "Alerts data type for data connectors."
        },
        "tenantId": {
          "type": "string",
          "description": "The tenant id to connect to, and get the data from."
        }
      },
      "description": "MDATP (Microsoft Defender Advanced Threat Protection) data connector properties."
    },
    "MicrosoftSecurityIncidentCreationAlertRule": {
      "type": "object",
      "properties": {
        "kind": {
          "type": "string",
          "enum": [
            "MicrosoftSecurityIncidentCreation"
          ]
        },
        "properties": {
          "oneOf": [
            {
              "$ref": "#/definitions/MicrosoftSecurityIncidentCreationAlertRuleProperties"
            },
            {
              "$ref": "https://schema.management.azure.com/schemas/common/definitions.json#/definitions/expression"
            }
          ],
          "description": "MicrosoftSecurityIncidentCreation rule property bag."
        }
      },
      "required": [
        "kind"
      ],
      "description": "Represents MicrosoftSecurityIncidentCreation rule."
    },
    "MicrosoftSecurityIncidentCreationAlertRuleProperties": {
      "type": "object",
      "properties": {
        "alertRuleTemplateName": {
          "type": "string",
          "description": "The Name of the alert rule template used to create this rule."
        },
        "description": {
          "type": "string",
          "description": "The description of the alert rule."
        },
        "displayName": {
          "type": "string",
          "description": "The display name for alerts created by this alert rule."
        },
        "displayNamesFilter": {
          "oneOf": [
            {
              "type": "array",
              "items": {
                "type": "string"
              }
            },
            {
              "$ref": "https://schema.management.azure.com/schemas/common/definitions.json#/definitions/expression"
            }
          ],
          "description": "the alerts' displayNames on which the cases will be generated"
        },
        "enabled": {
          "oneOf": [
            {
              "type": "boolean"
            },
            {
              "$ref": "https://schema.management.azure.com/schemas/common/definitions.json#/definitions/expression"
            }
          ],
          "description": "Determines whether this alert rule is enabled or disabled."
        },
        "productFilter": {
          "oneOf": [
            {
              "type": "string",
              "enum": [
                "Microsoft Cloud App Security",
                "Azure Security Center",
                "Azure Advanced Threat Protection",
                "Azure Active Directory Identity Protection",
                "Azure Security Center for IoT"
              ]
            },
            {
              "$ref": "https://schema.management.azure.com/schemas/common/definitions.json#/definitions/expression"
            }
          ],
          "description": "The alerts' productName on which the cases will be generated."
        },
        "severitiesFilter": {
          "oneOf": [
            {
              "type": "array",
              "items": {
                "type": "string",
                "enum": [
                  "High",
                  "Medium",
                  "Low",
                  "Informational"
                ]
              }
            },
            {
              "$ref": "https://schema.management.azure.com/schemas/common/definitions.json#/definitions/expression"
            }
          ],
          "description": "the alerts' severities on which the cases will be generated"
        }
      },
      "required": [
        "displayName",
        "enabled",
        "productFilter"
      ],
      "description": "MicrosoftSecurityIncidentCreation rule property bag."
    },
    "OfficeDataConnector": {
      "type": "object",
      "properties": {
        "kind": {
          "type": "string",
          "enum": [
            "Office365"
          ]
        },
        "properties": {
          "oneOf": [
            {
              "$ref": "#/definitions/OfficeDataConnectorProperties"
            },
            {
              "$ref": "https://schema.management.azure.com/schemas/common/definitions.json#/definitions/expression"
            }
          ],
          "description": "Office data connector properties."
        }
      },
      "required": [
        "kind"
      ],
      "description": "Represents office data connector."
    },
    "OfficeDataConnectorDataTypes": {
      "type": "object",
      "properties": {
        "exchange": {
          "oneOf": [
            {
              "$ref": "#/definitions/OfficeDataConnectorDataTypesExchange"
            },
            {
              "$ref": "https://schema.management.azure.com/schemas/common/definitions.json#/definitions/expression"
            }
          ],
          "description": "Exchange data type connection."
        },
        "sharePoint": {
          "oneOf": [
            {
              "$ref": "#/definitions/OfficeDataConnectorDataTypesSharePoint"
            },
            {
              "$ref": "https://schema.management.azure.com/schemas/common/definitions.json#/definitions/expression"
            }
          ],
          "description": "SharePoint data type connection."
        }
      },
      "description": "The available data types for office data connector."
    },
    "OfficeDataConnectorDataTypesExchange": {
      "type": "object",
      "properties": {
        "state": {
          "oneOf": [
            {
              "type": "string",
              "enum": [
                "Enabled",
                "Disabled"
              ]
            },
            {
              "$ref": "https://schema.management.azure.com/schemas/common/definitions.json#/definitions/expression"
            }
          ],
          "description": "Describe whether this data type connection is enabled or not."
        }
      },
      "description": "Exchange data type connection."
    },
    "OfficeDataConnectorDataTypesSharePoint": {
      "type": "object",
      "properties": {
        "state": {
          "oneOf": [
            {
              "type": "string",
              "enum": [
                "Enabled",
                "Disabled"
              ]
            },
            {
              "$ref": "https://schema.management.azure.com/schemas/common/definitions.json#/definitions/expression"
            }
          ],
          "description": "Describe whether this data type connection is enabled or not."
        }
      },
      "description": "SharePoint data type connection."
    },
    "OfficeDataConnectorProperties": {
      "type": "object",
      "properties": {
        "dataTypes": {
          "oneOf": [
            {
              "$ref": "#/definitions/OfficeDataConnectorDataTypes"
            },
            {
              "$ref": "https://schema.management.azure.com/schemas/common/definitions.json#/definitions/expression"
            }
          ],
          "description": "The available data types for office data connector."
        },
        "tenantId": {
          "type": "string",
          "description": "The tenant id to connect to, and get the data from."
        }
      },
      "description": "Office data connector properties."
    },
    "ScheduledAlertRule": {
      "type": "object",
      "properties": {
        "kind": {
          "type": "string",
          "enum": [
            "Scheduled"
          ]
        },
        "properties": {
          "oneOf": [
            {
              "$ref": "#/definitions/ScheduledAlertRuleProperties"
            },
            {
              "$ref": "https://schema.management.azure.com/schemas/common/definitions.json#/definitions/expression"
            }
          ],
          "description": "Scheduled alert rule base property bag."
        }
      },
      "required": [
        "kind"
      ],
      "description": "Represents scheduled alert rule."
    },
    "ScheduledAlertRuleProperties": {
      "type": "object",
      "properties": {
        "alertRuleTemplateName": {
          "type": "string",
          "description": "The Name of the alert rule template used to create this rule."
        },
        "description": {
          "type": "string",
          "description": "The description of the alert rule."
        },
        "displayName": {
          "type": "string",
          "description": "The display name for alerts created by this alert rule."
        },
        "enabled": {
          "oneOf": [
            {
              "type": "boolean"
            },
            {
              "$ref": "https://schema.management.azure.com/schemas/common/definitions.json#/definitions/expression"
            }
          ],
          "description": "Determines whether this alert rule is enabled or disabled."
        },
        "query": {
          "type": "string",
          "description": "The query that creates alerts for this rule."
        },
        "queryFrequency": {
          "type": "string",
          "format": "duration",
          "description": "The frequency (in ISO 8601 duration format) for this alert rule to run."
        },
        "queryPeriod": {
          "type": "string",
          "format": "duration",
          "description": "The period (in ISO 8601 duration format) that this alert rule looks at."
        },
        "severity": {
          "oneOf": [
            {
              "type": "string",
              "enum": [
                "High",
                "Medium",
                "Low",
                "Informational"
              ]
            },
            {
              "$ref": "https://schema.management.azure.com/schemas/common/definitions.json#/definitions/expression"
            }
          ],
          "description": "The severity for alerts created by this alert rule."
        },
        "suppressionDuration": {
          "type": "string",
          "format": "duration",
          "description": "The suppression (in ISO 8601 duration format) to wait since last time this alert rule been triggered."
        },
        "suppressionEnabled": {
          "oneOf": [
            {
              "type": "boolean"
            },
            {
              "$ref": "https://schema.management.azure.com/schemas/common/definitions.json#/definitions/expression"
            }
          ],
          "description": "Determines whether the suppression for this alert rule is enabled or disabled."
        },
        "tactics": {
          "oneOf": [
            {
              "type": "array",
              "items": {
                "type": "string",
                "enum": [
                  "InitialAccess",
                  "Execution",
                  "Persistence",
                  "PrivilegeEscalation",
                  "DefenseEvasion",
                  "CredentialAccess",
                  "Discovery",
                  "LateralMovement",
                  "Collection",
                  "Exfiltration",
                  "CommandAndControl",
                  "Impact"
                ]
              }
            },
            {
              "$ref": "https://schema.management.azure.com/schemas/common/definitions.json#/definitions/expression"
            }
          ],
          "description": "The tactics of the alert rule"
        },
        "triggerOperator": {
          "oneOf": [
            {
              "type": "string",
              "enum": [
                "GreaterThan",
                "LessThan",
                "Equal",
                "NotEqual"
              ]
            },
            {
              "$ref": "https://schema.management.azure.com/schemas/common/definitions.json#/definitions/expression"
            }
          ],
          "description": "The operation against the threshold that triggers alert rule."
        },
        "triggerThreshold": {
          "oneOf": [
            {
              "type": "integer"
            },
            {
              "$ref": "https://schema.management.azure.com/schemas/common/definitions.json#/definitions/expression"
            }
          ],
          "description": "The threshold triggers this alert rule."
        }
      },
      "required": [
        "displayName",
        "enabled",
        "suppressionDuration",
        "suppressionEnabled"
      ],
      "description": "Scheduled alert rule base property bag."
    },
    "TIDataConnector": {
      "type": "object",
      "properties": {
        "kind": {
          "type": "string",
          "enum": [
            "ThreatIntelligence"
          ]
        },
        "properties": {
          "oneOf": [
            {
              "$ref": "#/definitions/TIDataConnectorProperties"
            },
            {
              "$ref": "https://schema.management.azure.com/schemas/common/definitions.json#/definitions/expression"
            }
          ],
          "description": "TI (Threat Intelligence) data connector properties."
        }
      },
      "required": [
        "kind"
      ],
      "description": "Represents threat intelligence data connector."
    },
    "TIDataConnectorDataTypes": {
      "type": "object",
      "properties": {
        "indicators": {
          "oneOf": [
            {
              "$ref": "#/definitions/TIDataConnectorDataTypesIndicators"
            },
            {
              "$ref": "https://schema.management.azure.com/schemas/common/definitions.json#/definitions/expression"
            }
          ],
          "description": "Data type for indicators connection."
        }
      },
      "description": "The available data types for TI (Threat Intelligence) data connector."
    },
    "TIDataConnectorDataTypesIndicators": {
      "type": "object",
      "properties": {
        "state": {
          "oneOf": [
            {
              "type": "string",
              "enum": [
                "Enabled",
                "Disabled"
              ]
            },
            {
              "$ref": "https://schema.management.azure.com/schemas/common/definitions.json#/definitions/expression"
            }
          ],
          "description": "Describe whether this data type connection is enabled or not."
        }
      },
      "description": "Data type for indicators connection."
    },
    "TIDataConnectorProperties": {
      "type": "object",
      "properties": {
        "dataTypes": {
          "oneOf": [
            {
              "$ref": "#/definitions/TIDataConnectorDataTypes"
            },
            {
              "$ref": "https://schema.management.azure.com/schemas/common/definitions.json#/definitions/expression"
            }
          ],
          "description": "The available data types for TI (Threat Intelligence) data connector."
        },
        "tenantId": {
          "type": "string",
          "description": "The tenant id to connect to, and get the data from."
        }
      },
      "description": "TI (Threat Intelligence) data connector properties."
    }
  }
}