{
  "id": "https://schema.management.azure.com/schemas/2019-09-01-preview/Microsoft.Peering.json#",
  "$schema": "http://json-schema.org/draft-04/schema#",
  "title": "Microsoft.Peering",
  "description": "Microsoft Peering Resource Types",
  "resourceDefinitions": {
    "peerings": {
      "type": "object",
      "properties": {
        "apiVersion": {
          "type": "string",
          "enum": [
            "2019-09-01-preview"
          ]
        },
        "kind": {
          "oneOf": [
            {
              "type": "string",
              "enum": [
                "Direct",
                "Exchange"
              ]
            },
            {
              "$ref": "https://schema.management.azure.com/schemas/common/definitions.json#/definitions/expression"
            }
          ],
          "description": "The kind of the peering."
        },
        "location": {
          "type": "string",
          "description": "The location of the resource."
        },
        "name": {
          "type": "string",
          "description": "The name of the peering."
        },
        "properties": {
          "oneOf": [
            {
              "$ref": "#/definitions/PeeringProperties"
            },
            {
              "$ref": "https://schema.management.azure.com/schemas/common/definitions.json#/definitions/expression"
            }
          ],
          "description": "The properties that define connectivity to the Microsoft Cloud Edge."
        },
        "sku": {
          "oneOf": [
            {
              "$ref": "#/definitions/PeeringSku"
            },
            {
              "$ref": "https://schema.management.azure.com/schemas/common/definitions.json#/definitions/expression"
            }
          ],
          "description": "The SKU that defines the tier and kind of the peering."
        },
        "tags": {
          "oneOf": [
            {
              "type": "object",
              "additionalProperties": {
                "type": "string"
              },
              "properties": {}
            },
            {
              "$ref": "https://schema.management.azure.com/schemas/common/definitions.json#/definitions/expression"
            }
          ],
          "description": "The resource tags."
        },
        "type": {
          "type": "string",
          "enum": [
            "Microsoft.Peering/peerings"
          ]
        }
      },
      "required": [
        "apiVersion",
        "kind",
        "location",
        "name",
        "properties",
        "sku",
        "type"
      ],
      "description": "Microsoft.Peering/peerings"
    },
    "peeringServices": {
      "type": "object",
      "properties": {
        "apiVersion": {
          "type": "string",
          "enum": [
            "2019-09-01-preview"
          ]
        },
        "location": {
          "type": "string",
          "description": "The location of the resource."
        },
        "name": {
          "type": "string",
          "description": "The name of the peering service."
        },
        "properties": {
          "oneOf": [
            {
              "$ref": "#/definitions/PeeringServiceProperties"
            },
            {
              "$ref": "https://schema.management.azure.com/schemas/common/definitions.json#/definitions/expression"
            }
          ],
          "description": "The properties that define connectivity to the Peering Service."
        },
        "resources": {
          "type": "array",
          "items": {
            "oneOf": [
              {
                "$ref": "#/definitions/peeringServices_prefixes_childResource"
              }
            ]
          }
        },
        "tags": {
          "oneOf": [
            {
              "type": "object",
              "additionalProperties": {
                "type": "string"
              },
              "properties": {}
            },
            {
              "$ref": "https://schema.management.azure.com/schemas/common/definitions.json#/definitions/expression"
            }
          ],
          "description": "The resource tags."
        },
        "type": {
          "type": "string",
          "enum": [
            "Microsoft.Peering/peeringServices"
          ]
        }
      },
      "required": [
        "apiVersion",
        "location",
        "name",
        "properties",
        "type"
      ],
      "description": "Microsoft.Peering/peeringServices"
    },
    "peeringServices_prefixes": {
      "type": "object",
      "properties": {
        "apiVersion": {
          "type": "string",
          "enum": [
            "2019-09-01-preview"
          ]
        },
        "name": {
          "type": "string",
          "description": "The name of the prefix."
        },
        "properties": {
          "oneOf": [
            {
              "$ref": "#/definitions/PeeringServicePrefixProperties"
            },
            {
              "$ref": "https://schema.management.azure.com/schemas/common/definitions.json#/definitions/expression"
            }
          ],
          "description": "The peering service prefix properties class."
        },
        "type": {
          "type": "string",
          "enum": [
            "Microsoft.Peering/peeringServices/prefixes"
          ]
        }
      },
      "required": [
        "apiVersion",
        "name",
        "properties",
        "type"
      ],
      "description": "Microsoft.Peering/peeringServices/prefixes"
    }
  },
  "subscription_resourceDefinitions": {
    "peerAsns": {
      "type": "object",
      "properties": {
        "apiVersion": {
          "type": "string",
          "enum": [
            "2019-09-01-preview"
          ]
        },
        "name": {
          "type": "string",
          "description": "The peer ASN name."
        },
        "properties": {
          "oneOf": [
            {
              "$ref": "#/definitions/PeerAsnProperties"
            },
            {
              "$ref": "https://schema.management.azure.com/schemas/common/definitions.json#/definitions/expression"
            }
          ],
          "description": "The properties that define a peer's ASN."
        },
        "type": {
          "type": "string",
          "enum": [
            "Microsoft.Peering/peerAsns"
          ]
        }
      },
      "required": [
        "apiVersion",
        "name",
        "properties",
        "type"
      ],
      "description": "Microsoft.Peering/peerAsns"
    }
  },
  "definitions": {
    "BgpSession": {
      "type": "object",
      "properties": {
        "maxPrefixesAdvertisedV4": {
          "oneOf": [
            {
              "type": "integer"
            },
            {
              "$ref": "https://schema.management.azure.com/schemas/common/definitions.json#/definitions/expression"
            }
          ],
          "description": "The maximum number of prefixes advertised over the IPv4 session."
        },
        "maxPrefixesAdvertisedV6": {
          "oneOf": [
            {
              "type": "integer"
            },
            {
              "$ref": "https://schema.management.azure.com/schemas/common/definitions.json#/definitions/expression"
            }
          ],
          "description": "The maximum number of prefixes advertised over the IPv6 session."
        },
        "md5AuthenticationKey": {
          "type": "string",
          "description": "The MD5 authentication key of the session."
        },
        "peerSessionIPv4Address": {
          "type": "string",
          "description": "The IPv4 session address on peer's end."
        },
        "peerSessionIPv6Address": {
          "type": "string",
          "description": "The IPv6 session address on peer's end."
        },
        "sessionPrefixV4": {
          "type": "string",
          "description": "The IPv4 prefix that contains both ends' IPv4 addresses."
        },
        "sessionPrefixV6": {
          "type": "string",
          "description": "The IPv4 prefix that contains both ends' IPv4 addresses."
        }
      },
      "description": "The properties that define a BGP session."
    },
    "ContactInfo": {
      "type": "object",
      "properties": {
        "emails": {
          "oneOf": [
            {
              "type": "array",
              "items": {
                "type": "string"
              }
            },
            {
              "$ref": "https://schema.management.azure.com/schemas/common/definitions.json#/definitions/expression"
            }
          ],
          "description": "The list of email addresses."
        },
        "phone": {
          "oneOf": [
            {
              "type": "array",
              "items": {
                "type": "string"
              }
            },
            {
              "$ref": "https://schema.management.azure.com/schemas/common/definitions.json#/definitions/expression"
            }
          ],
          "description": "The list of contact numbers."
        }
      },
      "description": "The contact information of the peer."
    },
    "DirectConnection": {
      "type": "object",
      "properties": {
        "bandwidthInMbps": {
          "oneOf": [
            {
              "type": "integer"
            },
            {
              "$ref": "https://schema.management.azure.com/schemas/common/definitions.json#/definitions/expression"
            }
          ],
          "description": "The bandwidth of the connection."
        },
        "bgpSession": {
          "oneOf": [
            {
              "$ref": "#/definitions/BgpSession"
            },
            {
              "$ref": "https://schema.management.azure.com/schemas/common/definitions.json#/definitions/expression"
            }
          ],
          "description": "The properties that define a BGP session."
        },
        "connectionIdentifier": {
          "type": "string",
          "description": "The unique identifier (GUID) for the connection."
        },
        "peeringDBFacilityId": {
          "oneOf": [
            {
              "type": "integer"
            },
            {
              "$ref": "https://schema.management.azure.com/schemas/common/definitions.json#/definitions/expression"
            }
          ],
          "description": "The PeeringDB.com ID of the facility at which the connection has to be set up."
        },
        "sessionAddressProvider": {
          "oneOf": [
            {
              "type": "string",
              "enum": [
                "Microsoft",
                "Peer"
              ]
            },
            {
              "$ref": "https://schema.management.azure.com/schemas/common/definitions.json#/definitions/expression"
            }
          ],
          "description": "The field indicating if Microsoft provides session ip addresses."
        },
        "useForPeeringService": {
          "oneOf": [
            {
              "type": "boolean"
            },
            {
              "$ref": "https://schema.management.azure.com/schemas/common/definitions.json#/definitions/expression"
            }
          ],
          "description": "The flag that indicates whether or not the connection is used for peering service."
        }
      },
      "description": "The properties that define a direct connection."
    },
    "ExchangeConnection": {
      "type": "object",
      "properties": {
        "bgpSession": {
          "oneOf": [
            {
              "$ref": "#/definitions/BgpSession"
            },
            {
              "$ref": "https://schema.management.azure.com/schemas/common/definitions.json#/definitions/expression"
            }
          ],
          "description": "The properties that define a BGP session."
        },
        "connectionIdentifier": {
          "type": "string",
          "description": "The unique identifier (GUID) for the connection."
        },
        "peeringDBFacilityId": {
          "oneOf": [
            {
              "type": "integer"
            },
            {
              "$ref": "https://schema.management.azure.com/schemas/common/definitions.json#/definitions/expression"
            }
          ],
          "description": "The PeeringDB.com ID of the facility at which the connection has to be set up."
        }
      },
      "description": "The properties that define an exchange connection."
    },
    "PeerAsnProperties": {
      "type": "object",
      "properties": {
        "peerAsn": {
          "oneOf": [
            {
              "type": "integer"
            },
            {
              "$ref": "https://schema.management.azure.com/schemas/common/definitions.json#/definitions/expression"
            }
          ],
          "description": "The Autonomous System Number (ASN) of the peer."
        },
        "peerContactInfo": {
          "oneOf": [
            {
              "$ref": "#/definitions/ContactInfo"
            },
            {
              "$ref": "https://schema.management.azure.com/schemas/common/definitions.json#/definitions/expression"
            }
          ],
          "description": "The contact information of the peer."
        },
        "peerName": {
          "type": "string",
          "description": "The name of the peer."
        },
        "validationState": {
          "oneOf": [
            {
              "type": "string",
              "enum": [
                "None",
                "Pending",
                "Approved",
                "Failed"
              ]
            },
            {
              "$ref": "https://schema.management.azure.com/schemas/common/definitions.json#/definitions/expression"
            }
          ],
          "description": "The validation state of the ASN associated with the peer."
        }
      },
      "description": "The properties that define a peer's ASN."
    },
    "PeeringProperties": {
      "type": "object",
      "properties": {
        "direct": {
          "oneOf": [
            {
              "$ref": "#/definitions/PeeringPropertiesDirect"
            },
            {
              "$ref": "https://schema.management.azure.com/schemas/common/definitions.json#/definitions/expression"
            }
          ],
          "description": "The properties that define a direct peering."
        },
        "exchange": {
          "oneOf": [
            {
              "$ref": "#/definitions/PeeringPropertiesExchange"
            },
            {
              "$ref": "https://schema.management.azure.com/schemas/common/definitions.json#/definitions/expression"
            }
          ],
          "description": "The properties that define an exchange peering."
        },
        "peeringLocation": {
          "type": "string",
          "description": "The location of the peering."
        }
      },
      "description": "The properties that define connectivity to the Microsoft Cloud Edge."
    },
    "PeeringPropertiesDirect": {
      "type": "object",
      "properties": {
        "connections": {
          "oneOf": [
            {
              "type": "array",
              "items": {
                "$ref": "#/definitions/DirectConnection"
              }
            },
            {
              "$ref": "https://schema.management.azure.com/schemas/common/definitions.json#/definitions/expression"
            }
          ],
          "description": "The set of connections that constitute a direct peering."
        },
        "directPeeringType": {
          "oneOf": [
            {
              "type": "string",
              "enum": [
                "Edge",
                "Transit",
                "Cdn",
                "Internal"
              ]
            },
            {
              "$ref": "https://schema.management.azure.com/schemas/common/definitions.json#/definitions/expression"
            }
          ],
          "description": "The type of direct peering."
        },
        "peerAsn": {
          "oneOf": [
            {
              "$ref": "#/definitions/SubResource"
            },
            {
              "$ref": "https://schema.management.azure.com/schemas/common/definitions.json#/definitions/expression"
            }
          ],
          "description": "The sub resource."
        }
      },
      "description": "The properties that define a direct peering."
    },
    "PeeringPropertiesExchange": {
      "type": "object",
      "properties": {
        "connections": {
          "oneOf": [
            {
              "type": "array",
              "items": {
                "$ref": "#/definitions/ExchangeConnection"
              }
            },
            {
              "$ref": "https://schema.management.azure.com/schemas/common/definitions.json#/definitions/expression"
            }
          ],
          "description": "The set of connections that constitute an exchange peering."
        },
        "peerAsn": {
          "oneOf": [
            {
              "$ref": "#/definitions/SubResource"
            },
            {
              "$ref": "https://schema.management.azure.com/schemas/common/definitions.json#/definitions/expression"
            }
          ],
          "description": "The sub resource."
        }
      },
      "description": "The properties that define an exchange peering."
    },
    "PeeringServicePrefixProperties": {
      "type": "object",
      "properties": {
        "prefix": {
          "type": "string",
          "description": "The prefix from which your traffic originates."
        }
      },
      "description": "The peering service prefix properties class."
    },
    "PeeringServiceProperties": {
      "type": "object",
      "properties": {
        "peeringServiceLocation": {
          "type": "string",
          "description": "The PeeringServiceLocation of the Customer."
        },
        "peeringServiceProvider": {
          "type": "string",
          "description": "The MAPS Provider Name."
        }
      },
      "description": "The properties that define connectivity to the Peering Service."
    },
    "peeringServices_prefixes_childResource": {
      "type": "object",
      "properties": {
        "apiVersion": {
          "type": "string",
          "enum": [
            "2019-09-01-preview"
          ]
        },
        "name": {
          "type": "string",
          "description": "The name of the prefix."
        },
        "properties": {
          "oneOf": [
            {
              "$ref": "#/definitions/PeeringServicePrefixProperties"
            },
            {
              "$ref": "https://schema.management.azure.com/schemas/common/definitions.json#/definitions/expression"
            }
          ],
          "description": "The peering service prefix properties class."
        },
        "type": {
          "type": "string",
          "enum": [
            "prefixes"
          ]
        }
      },
      "required": [
        "apiVersion",
        "name",
        "properties",
        "type"
      ],
      "description": "Microsoft.Peering/peeringServices/prefixes"
    },
    "PeeringSku": {
      "type": "object",
      "properties": {
        "family": {
          "oneOf": [
            {
              "type": "string",
              "enum": [
                "Direct",
                "Exchange"
              ]
            },
            {
              "$ref": "https://schema.management.azure.com/schemas/common/definitions.json#/definitions/expression"
            }
          ],
          "description": "The family of the peering SKU."
        },
        "name": {
          "oneOf": [
            {
              "type": "string",
              "enum": [
                "Basic_Exchange_Free",
                "Basic_Direct_Free",
                "Premium_Exchange_Metered",
                "Premium_Direct_Free",
                "Premium_Direct_Metered",
                "Premium_Direct_Unlimited"
              ]
            },
            {
              "$ref": "https://schema.management.azure.com/schemas/common/definitions.json#/definitions/expression"
            }
          ],
          "description": "The name of the peering SKU."
        },
        "size": {
          "oneOf": [
            {
              "type": "string",
              "enum": [
                "Free",
                "Metered",
                "Unlimited"
              ]
            },
            {
              "$ref": "https://schema.management.azure.com/schemas/common/definitions.json#/definitions/expression"
            }
          ],
          "description": "The size of the peering SKU."
        },
        "tier": {
          "oneOf": [
            {
              "type": "string",
              "enum": [
                "Basic",
                "Premium"
              ]
            },
            {
              "$ref": "https://schema.management.azure.com/schemas/common/definitions.json#/definitions/expression"
            }
          ],
          "description": "The tier of the peering SKU."
        }
      },
      "description": "The SKU that defines the tier and kind of the peering."
    },
    "SubResource": {
      "type": "object",
      "properties": {
        "id": {
          "type": "string",
          "description": "The identifier of the referenced resource."
        }
      },
      "description": "The sub resource."
    }
  }
}