{
  "id": "https://schema.management.azure.com/schemas/2019-02-01-preview/Microsoft.AppConfiguration.json#",
  "$schema": "http://json-schema.org/draft-04/schema#",
  "title": "Microsoft.AppConfiguration",
  "description": "Microsoft AppConfiguration Resource Types",
  "resourceDefinitions": {
    "configurationStores": {
      "type": "object",
      "properties": {
        "apiVersion": {
          "type": "string",
          "enum": [
            "2019-02-01-preview"
          ]
        },
        "location": {
          "type": "string",
          "description": "The location of the resource. This cannot be changed after the resource is created."
        },
        "name": {
          "oneOf": [
            {
              "type": "string",
              "pattern": "^[a-zA-Z0-9_-]*$",
              "minLength": 5,
              "maxLength": 50
            },
            {
              "$ref": "https://schema.management.azure.com/schemas/common/definitions.json#/definitions/expression"
            }
          ],
          "description": "The name of the configuration store."
        },
        "properties": {
          "oneOf": [
            {
              "$ref": "#/definitions/ConfigurationStoreProperties"
            },
            {
              "$ref": "https://schema.management.azure.com/schemas/common/definitions.json#/definitions/expression"
            }
          ],
          "description": "The properties of a configuration store."
        },
        "tags": {
          "oneOf": [
            {
              "type": "object",
              "additionalProperties": {
                "type": "string"
              },
              "properties": {}
            },
            {
              "$ref": "https://schema.management.azure.com/schemas/common/definitions.json#/definitions/expression"
            }
          ],
          "description": "The tags of the resource."
        },
        "type": {
          "type": "string",
          "enum": [
            "Microsoft.AppConfiguration/configurationStores"
          ]
        }
      },
      "required": [
        "apiVersion",
        "location",
        "name",
        "properties",
        "type"
      ],
      "description": "Microsoft.AppConfiguration/configurationStores"
    }
  },
  "definitions": {
    "ConfigurationStoreProperties": {
      "type": "object",
      "properties": {},
      "description": "The properties of a configuration store."
    }
  }
}