{
  "id": "https://schema.management.azure.com/schemas/2015-10-01-preview/Microsoft.DataLakeAnalytics.json#",
  "$schema": "http://json-schema.org/draft-04/schema#",
  "title": "Microsoft.DataLakeAnalytics",
  "description": "Microsoft DataLakeAnalytics Resource Types",
  "resourceDefinitions": {
    "accounts": {
      "type": "object",
      "properties": {
        "apiVersion": {
          "type": "string",
          "enum": [
            "2015-10-01-preview"
          ]
        },
        "location": {
          "type": "string",
          "description": "the account regional location."
        },
        "name": {
          "type": "string",
          "description": "The name of the Data Lake Analytics account to create."
        },
        "properties": {
          "oneOf": [
            {
              "$ref": "#/definitions/DataLakeAnalyticsAccountProperties"
            },
            {
              "$ref": "https://schema.management.azure.com/schemas/common/definitions.json#/definitions/expression"
            }
          ],
          "description": "The account specific properties that are associated with an underlying Data Lake Analytics account."
        },
        "resources": {
          "type": "array",
          "items": {
            "oneOf": [
              {
                "$ref": "#/definitions/accounts_StorageAccounts_childResource"
              },
              {
                "$ref": "#/definitions/accounts_DataLakeStoreAccounts_childResource"
              }
            ]
          }
        },
        "tags": {
          "oneOf": [
            {
              "type": "object",
              "additionalProperties": {
                "type": "string"
              },
              "properties": {}
            },
            {
              "$ref": "https://schema.management.azure.com/schemas/common/definitions.json#/definitions/expression"
            }
          ],
          "description": "the value of custom properties."
        },
        "type": {
          "type": "string",
          "enum": [
            "Microsoft.DataLakeAnalytics/accounts"
          ]
        }
      },
      "required": [
        "apiVersion",
        "name",
        "properties",
        "type"
      ],
      "description": "Microsoft.DataLakeAnalytics/accounts"
    },
    "accounts_DataLakeStoreAccounts": {
      "type": "object",
      "properties": {
        "apiVersion": {
          "type": "string",
          "enum": [
            "2015-10-01-preview"
          ]
        },
        "name": {
          "type": "string",
          "description": "The name of the Data Lake Store account to add."
        },
        "properties": {
          "oneOf": [
            {
              "$ref": "#/definitions/DataLakeStoreAccountInfoProperties"
            },
            {
              "$ref": "https://schema.management.azure.com/schemas/common/definitions.json#/definitions/expression"
            }
          ],
          "description": "Data Lake Store account properties information."
        },
        "type": {
          "type": "string",
          "enum": [
            "Microsoft.DataLakeAnalytics/accounts/DataLakeStoreAccounts"
          ]
        }
      },
      "required": [
        "apiVersion",
        "name",
        "properties",
        "type"
      ],
      "description": "Microsoft.DataLakeAnalytics/accounts/DataLakeStoreAccounts"
    },
    "accounts_StorageAccounts": {
      "type": "object",
      "properties": {
        "apiVersion": {
          "type": "string",
          "enum": [
            "2015-10-01-preview"
          ]
        },
        "name": {
          "type": "string",
          "description": "The name of the Azure Storage account to add"
        },
        "properties": {
          "oneOf": [
            {
              "$ref": "#/definitions/StorageAccountProperties"
            },
            {
              "$ref": "https://schema.management.azure.com/schemas/common/definitions.json#/definitions/expression"
            }
          ],
          "description": "Azure Storage account properties information."
        },
        "type": {
          "type": "string",
          "enum": [
            "Microsoft.DataLakeAnalytics/accounts/StorageAccounts"
          ]
        }
      },
      "required": [
        "apiVersion",
        "name",
        "properties",
        "type"
      ],
      "description": "Microsoft.DataLakeAnalytics/accounts/StorageAccounts"
    }
  },
  "definitions": {
    "accounts_DataLakeStoreAccounts_childResource": {
      "type": "object",
      "properties": {
        "apiVersion": {
          "type": "string",
          "enum": [
            "2015-10-01-preview"
          ]
        },
        "name": {
          "type": "string",
          "description": "The name of the Data Lake Store account to add."
        },
        "properties": {
          "oneOf": [
            {
              "$ref": "#/definitions/DataLakeStoreAccountInfoProperties"
            },
            {
              "$ref": "https://schema.management.azure.com/schemas/common/definitions.json#/definitions/expression"
            }
          ],
          "description": "Data Lake Store account properties information."
        },
        "type": {
          "type": "string",
          "enum": [
            "DataLakeStoreAccounts"
          ]
        }
      },
      "required": [
        "apiVersion",
        "name",
        "properties",
        "type"
      ],
      "description": "Microsoft.DataLakeAnalytics/accounts/DataLakeStoreAccounts"
    },
    "accounts_StorageAccounts_childResource": {
      "type": "object",
      "properties": {
        "apiVersion": {
          "type": "string",
          "enum": [
            "2015-10-01-preview"
          ]
        },
        "name": {
          "type": "string",
          "description": "The name of the Azure Storage account to add"
        },
        "properties": {
          "oneOf": [
            {
              "$ref": "#/definitions/StorageAccountProperties"
            },
            {
              "$ref": "https://schema.management.azure.com/schemas/common/definitions.json#/definitions/expression"
            }
          ],
          "description": "Azure Storage account properties information."
        },
        "type": {
          "type": "string",
          "enum": [
            "StorageAccounts"
          ]
        }
      },
      "required": [
        "apiVersion",
        "name",
        "properties",
        "type"
      ],
      "description": "Microsoft.DataLakeAnalytics/accounts/StorageAccounts"
    },
    "DataLakeAnalyticsAccountProperties": {
      "type": "object",
      "properties": {
        "dataLakeStoreAccounts": {
          "oneOf": [
            {
              "type": "array",
              "items": {
                "$ref": "#/definitions/DataLakeStoreAccountInfo"
              }
            },
            {
              "$ref": "https://schema.management.azure.com/schemas/common/definitions.json#/definitions/expression"
            }
          ],
          "description": "the list of Data Lake storage accounts associated with this account."
        },
        "defaultDataLakeStoreAccount": {
          "type": "string",
          "description": "the default data lake storage account associated with this Data Lake Analytics account."
        },
        "maxDegreeOfParallelism": {
          "oneOf": [
            {
              "type": "integer"
            },
            {
              "$ref": "https://schema.management.azure.com/schemas/common/definitions.json#/definitions/expression"
            }
          ],
          "description": "the maximum supported degree of parallelism for this account."
        },
        "maxJobCount": {
          "oneOf": [
            {
              "type": "integer"
            },
            {
              "$ref": "https://schema.management.azure.com/schemas/common/definitions.json#/definitions/expression"
            }
          ],
          "description": "the maximum supported jobs running under the account at the same time."
        },
        "storageAccounts": {
          "oneOf": [
            {
              "type": "array",
              "items": {
                "$ref": "#/definitions/StorageAccountInfo"
              }
            },
            {
              "$ref": "https://schema.management.azure.com/schemas/common/definitions.json#/definitions/expression"
            }
          ],
          "description": "the list of Azure Blob storage accounts associated with this account."
        }
      },
      "description": "The account specific properties that are associated with an underlying Data Lake Analytics account."
    },
    "DataLakeStoreAccountInfo": {
      "type": "object",
      "properties": {
        "name": {
          "type": "string",
          "description": "the account name of the Data Lake Store account."
        },
        "properties": {
          "oneOf": [
            {
              "$ref": "#/definitions/DataLakeStoreAccountInfoProperties"
            },
            {
              "$ref": "https://schema.management.azure.com/schemas/common/definitions.json#/definitions/expression"
            }
          ],
          "description": "Data Lake Store account properties information."
        }
      },
      "required": [
        "name"
      ],
      "description": "Data Lake Store account information."
    },
    "DataLakeStoreAccountInfoProperties": {
      "type": "object",
      "properties": {
        "suffix": {
          "type": "string",
          "description": "the optional suffix for the Data Lake Store account."
        }
      },
      "description": "Data Lake Store account properties information."
    },
    "StorageAccountInfo": {
      "type": "object",
      "properties": {
        "name": {
          "type": "string",
          "description": "the account name associated with the Azure storage account."
        },
        "properties": {
          "oneOf": [
            {
              "$ref": "#/definitions/StorageAccountProperties"
            },
            {
              "$ref": "https://schema.management.azure.com/schemas/common/definitions.json#/definitions/expression"
            }
          ],
          "description": "Azure Storage account properties information."
        }
      },
      "required": [
        "name",
        "properties"
      ],
      "description": "Azure Storage account information."
    },
    "StorageAccountProperties": {
      "type": "object",
      "properties": {
        "accessKey": {
          "type": "string",
          "description": "the access key associated with this Azure Storage account that will be used to connect to it."
        },
        "suffix": {
          "type": "string",
          "description": "the optional suffix for the Data Lake account."
        }
      },
      "required": [
        "accessKey"
      ],
      "description": "Azure Storage account properties information."
    }
  }
}