{
  "id": "https://schema.management.azure.com/schemas/2019-08-01-preview/Microsoft.StorageCache.json#",
  "$schema": "http://json-schema.org/draft-04/schema#",
  "title": "Microsoft.StorageCache",
  "description": "Microsoft StorageCache Resource Types",
  "resourceDefinitions": {
    "caches": {
      "type": "object",
      "properties": {
        "apiVersion": {
          "type": "string",
          "enum": [
            "2019-08-01-preview"
          ]
        },
        "location": {
          "type": "string",
          "description": "Region name string."
        },
        "name": {
          "oneOf": [
            {
              "type": "string",
              "pattern": "^[-0-9a-zA-Z_]{1,31}$"
            },
            {
              "$ref": "https://schema.management.azure.com/schemas/common/definitions.json#/definitions/expression"
            }
          ],
          "description": "Name of cache."
        },
        "properties": {
          "oneOf": [
            {
              "$ref": "#/definitions/CacheProperties"
            },
            {
              "$ref": "https://schema.management.azure.com/schemas/common/definitions.json#/definitions/expression"
            }
          ],
          "description": "Properties for the cache."
        },
        "resources": {
          "type": "array",
          "items": {
            "oneOf": [
              {
                "$ref": "#/definitions/caches_storageTargets_childResource"
              }
            ]
          }
        },
        "sku": {
          "oneOf": [
            {
              "$ref": "#/definitions/CacheSku"
            },
            {
              "$ref": "https://schema.management.azure.com/schemas/common/definitions.json#/definitions/expression"
            }
          ],
          "description": "Sku for the cache."
        },
        "tags": {
          "type": "object",
          "properties": {},
          "description": "ARM tags as name/value pairs."
        },
        "type": {
          "type": "string",
          "enum": [
            "Microsoft.StorageCache/caches"
          ]
        }
      },
      "required": [
        "apiVersion",
        "name",
        "properties",
        "type"
      ],
      "description": "Microsoft.StorageCache/caches"
    },
    "caches_storageTargets": {
      "type": "object",
      "properties": {
        "apiVersion": {
          "type": "string",
          "enum": [
            "2019-08-01-preview"
          ]
        },
        "name": {
          "oneOf": [
            {
              "type": "string",
              "pattern": "^[-0-9a-zA-Z_]{1,31}$"
            },
            {
              "$ref": "https://schema.management.azure.com/schemas/common/definitions.json#/definitions/expression"
            }
          ],
          "description": "Name of storage target."
        },
        "properties": {
          "oneOf": [
            {
              "$ref": "#/definitions/StorageTargetProperties"
            },
            {
              "$ref": "https://schema.management.azure.com/schemas/common/definitions.json#/definitions/expression"
            }
          ],
          "description": "Properties of the storage target."
        },
        "type": {
          "type": "string",
          "enum": [
            "Microsoft.StorageCache/caches/storageTargets"
          ]
        }
      },
      "required": [
        "apiVersion",
        "name",
        "properties",
        "type"
      ],
      "description": "Microsoft.StorageCache/caches/storageTargets"
    }
  },
  "definitions": {
    "CacheProperties": {
      "type": "object",
      "properties": {
        "cacheSizeGB": {
          "oneOf": [
            {
              "type": "integer"
            },
            {
              "$ref": "https://schema.management.azure.com/schemas/common/definitions.json#/definitions/expression"
            }
          ],
          "description": "The size of this cache's cache, in GB."
        },
        "provisioningState": {
          "oneOf": [
            {
              "type": "string",
              "enum": [
                "Succeeded",
                "Failed",
                "Cancelled",
                "Creating",
                "Deleting",
                "Updating"
              ]
            },
            {
              "$ref": "https://schema.management.azure.com/schemas/common/definitions.json#/definitions/expression"
            }
          ],
          "description": "ARM provisioning state, see https://github.com/Azure/azure-resource-manager-rpc/blob/master/v1.0/Addendum.md#provisioningstate-property."
        },
        "subnet": {
          "type": "string",
          "description": "A fully qualified URL."
        },
        "upgradeStatus": {
          "oneOf": [
            {
              "$ref": "#/definitions/CacheUpgradeStatus"
            },
            {
              "$ref": "https://schema.management.azure.com/schemas/common/definitions.json#/definitions/expression"
            }
          ],
          "description": "Properties describing the software upgrade state of the cache"
        }
      },
      "description": "Properties for the cache."
    },
    "CacheSku": {
      "type": "object",
      "properties": {
        "name": {
          "type": "string",
          "description": "Sku name for this cache."
        }
      },
      "description": "Sku for the cache."
    },
    "caches_storageTargets_childResource": {
      "type": "object",
      "properties": {
        "apiVersion": {
          "type": "string",
          "enum": [
            "2019-08-01-preview"
          ]
        },
        "name": {
          "oneOf": [
            {
              "type": "string",
              "pattern": "^[-0-9a-zA-Z_]{1,31}$"
            },
            {
              "$ref": "https://schema.management.azure.com/schemas/common/definitions.json#/definitions/expression"
            }
          ],
          "description": "Name of storage target."
        },
        "properties": {
          "oneOf": [
            {
              "$ref": "#/definitions/StorageTargetProperties"
            },
            {
              "$ref": "https://schema.management.azure.com/schemas/common/definitions.json#/definitions/expression"
            }
          ],
          "description": "Properties of the storage target."
        },
        "type": {
          "type": "string",
          "enum": [
            "storageTargets"
          ]
        }
      },
      "required": [
        "apiVersion",
        "name",
        "properties",
        "type"
      ],
      "description": "Microsoft.StorageCache/caches/storageTargets"
    },
    "CacheUpgradeStatus": {
      "type": "object",
      "properties": {},
      "description": "Properties describing the software upgrade state of the cache"
    },
    "ClfsTarget": {
      "type": "object",
      "properties": {
        "target": {
          "type": "string",
          "description": "A fully qualified URL."
        }
      },
      "description": "Storage container for use as a CLFS StorageTarget."
    },
    "NamespaceJunction": {
      "type": "object",
      "properties": {
        "namespacePath": {
          "type": "string",
          "description": "Namespace path on a cache for a storage target."
        },
        "nfsExport": {
          "type": "string",
          "description": "NFS export where targetPath exists."
        },
        "targetPath": {
          "type": "string",
          "description": "Path in storage target to which namespacePath points."
        }
      },
      "description": "A namespace junction."
    },
    "Nfs3Target": {
      "type": "object",
      "properties": {
        "target": {
          "oneOf": [
            {
              "type": "string",
              "pattern": "^[-.0-9a-zA-Z]+$"
            },
            {
              "$ref": "https://schema.management.azure.com/schemas/common/definitions.json#/definitions/expression"
            }
          ],
          "description": "IP or name of an NFS Storage Target host, ie: 10.0.44.44"
        },
        "usageModel": {
          "type": "string",
          "description": "Identifies the primary usage model to be used for this storage target.   GET choices from .../usageModels"
        }
      },
      "description": "An NFS mount point for use as a StorageTarget."
    },
    "StorageTargetProperties": {
      "type": "object",
      "properties": {
        "clfs": {
          "oneOf": [
            {
              "$ref": "#/definitions/ClfsTarget"
            },
            {
              "$ref": "https://schema.management.azure.com/schemas/common/definitions.json#/definitions/expression"
            }
          ],
          "description": "Storage container for use as a CLFS StorageTarget."
        },
        "junctions": {
          "oneOf": [
            {
              "type": "array",
              "items": {
                "$ref": "#/definitions/NamespaceJunction"
              }
            },
            {
              "$ref": "https://schema.management.azure.com/schemas/common/definitions.json#/definitions/expression"
            }
          ],
          "description": "List of cache namespace to target namespace associations."
        },
        "nfs3": {
          "oneOf": [
            {
              "$ref": "#/definitions/Nfs3Target"
            },
            {
              "$ref": "https://schema.management.azure.com/schemas/common/definitions.json#/definitions/expression"
            }
          ],
          "description": "An NFS mount point for use as a StorageTarget."
        },
        "provisioningState": {
          "oneOf": [
            {
              "type": "string",
              "enum": [
                "Succeeded",
                "Failed",
                "Cancelled",
                "Creating",
                "Deleting",
                "Updating"
              ]
            },
            {
              "$ref": "https://schema.management.azure.com/schemas/common/definitions.json#/definitions/expression"
            }
          ],
          "description": "ARM provisioning state, see https://github.com/Azure/azure-resource-manager-rpc/blob/master/v1.0/Addendum.md#provisioningstate-property."
        },
        "targetType": {
          "oneOf": [
            {
              "type": "string",
              "enum": [
                "nfs3",
                "clfs",
                "unknown"
              ]
            },
            {
              "$ref": "https://schema.management.azure.com/schemas/common/definitions.json#/definitions/expression"
            }
          ],
          "description": "Type for storage target."
        },
        "unknown": {
          "oneOf": [
            {
              "$ref": "#/definitions/UnknownTarget"
            },
            {
              "$ref": "https://schema.management.azure.com/schemas/common/definitions.json#/definitions/expression"
            }
          ],
          "description": "Storage container for use as a Unknown StorageTarget."
        }
      },
      "description": "Properties of the storage target."
    },
    "UnknownTarget": {
      "type": "object",
      "properties": {
        "unknownMap": {
          "oneOf": [
            {
              "type": "object",
              "additionalProperties": {
                "type": "string"
              },
              "properties": {}
            },
            {
              "$ref": "https://schema.management.azure.com/schemas/common/definitions.json#/definitions/expression"
            }
          ],
          "description": "Properties of an unknown type of StorageTarget"
        }
      },
      "description": "Storage container for use as a Unknown StorageTarget."
    }
  }
}