{
  "id": "https://schema.management.azure.com/schemas/2017-06-01/Microsoft.StorSimple.json#",
  "$schema": "http://json-schema.org/draft-04/schema#",
  "title": "Microsoft.StorSimple",
  "description": "Microsoft StorSimple Resource Types",
  "resourceDefinitions": {
    "managers": {
      "type": "object",
      "properties": {
        "name": {
          "type": "string",
          "minLength": 2,
          "maxLength": 50,
          "description": "The manager name"
        },
        "type": {
          "type": "string",
          "enum": [
            "Microsoft.StorSimple/managers"
          ]
        },
        "apiVersion": {
          "type": "string",
          "enum": [
            "2017-06-01"
          ]
        },
        "location": {
          "type": "string",
          "description": "The geo location of the resource."
        },
        "tags": {
          "oneOf": [
            {
              "type": "object",
              "additionalProperties": {
                "type": "string"
              }
            },
            {
              "$ref": "https://schema.management.azure.com/schemas/common/definitions.json#/definitions/expression"
            }
          ],
          "description": "The tags attached to the resource."
        },
        "properties": {
          "oneOf": [
            {
              "$ref": "#/definitions/ManagerProperties"
            },
            {
              "$ref": "https://schema.management.azure.com/schemas/common/definitions.json#/definitions/expression"
            }
          ],
          "description": "The properties of the StorSimple Manager."
        },
        "etag": {
          "type": "string",
          "description": "The etag of the manager."
        },
        "resources": {
          "type": "array",
          "items": {
            "oneOf": [
              {
                "$ref": "#/definitions/managers_storageAccountCredentials_childResource"
              },
              {
                "$ref": "#/definitions/managers_bandwidthSettings_childResource"
              },
              {
                "$ref": "#/definitions/managers_accessControlRecords_childResource"
              }
            ]
          }
        }
      },
      "required": [
        "name",
        "type",
        "apiVersion",
        "location",
        "properties"
      ],
      "description": "Microsoft.StorSimple/managers"
    },
    "managers_accessControlRecords": {
      "type": "object",
      "properties": {
        "name": {
          "type": "string"
        },
        "type": {
          "type": "string",
          "enum": [
            "Microsoft.StorSimple/managers/accessControlRecords"
          ]
        },
        "apiVersion": {
          "type": "string",
          "enum": [
            "2017-06-01"
          ]
        },
        "kind": {
          "oneOf": [
            {
              "type": "string",
              "enum": [
                "Series8000"
              ]
            },
            {
              "$ref": "https://schema.management.azure.com/schemas/common/definitions.json#/definitions/expression"
            }
          ],
          "description": "The Kind of the object. Currently only Series8000 is supported."
        },
        "properties": {
          "oneOf": [
            {
              "$ref": "#/definitions/AccessControlRecordProperties"
            },
            {
              "$ref": "https://schema.management.azure.com/schemas/common/definitions.json#/definitions/expression"
            }
          ],
          "description": "The properties of access control record."
        }
      },
      "required": [
        "name",
        "type",
        "apiVersion",
        "properties"
      ],
      "description": "Microsoft.StorSimple/managers/accessControlRecords"
    },
    "managers_bandwidthSettings": {
      "type": "object",
      "properties": {
        "name": {
          "type": "string"
        },
        "type": {
          "type": "string",
          "enum": [
            "Microsoft.StorSimple/managers/bandwidthSettings"
          ]
        },
        "apiVersion": {
          "type": "string",
          "enum": [
            "2017-06-01"
          ]
        },
        "kind": {
          "oneOf": [
            {
              "type": "string",
              "enum": [
                "Series8000"
              ]
            },
            {
              "$ref": "https://schema.management.azure.com/schemas/common/definitions.json#/definitions/expression"
            }
          ],
          "description": "The Kind of the object. Currently only Series8000 is supported."
        },
        "properties": {
          "oneOf": [
            {
              "$ref": "#/definitions/BandwidthRateSettingProperties"
            },
            {
              "$ref": "https://schema.management.azure.com/schemas/common/definitions.json#/definitions/expression"
            }
          ],
          "description": "The properties of the bandwidth setting."
        }
      },
      "required": [
        "name",
        "type",
        "apiVersion",
        "properties"
      ],
      "description": "Microsoft.StorSimple/managers/bandwidthSettings"
    },
    "managers_devices_backupPolicies": {
      "type": "object",
      "properties": {
        "name": {
          "type": "string"
        },
        "type": {
          "type": "string",
          "enum": [
            "Microsoft.StorSimple/managers/devices/backupPolicies"
          ]
        },
        "apiVersion": {
          "type": "string",
          "enum": [
            "2017-06-01"
          ]
        },
        "kind": {
          "oneOf": [
            {
              "type": "string",
              "enum": [
                "Series8000"
              ]
            },
            {
              "$ref": "https://schema.management.azure.com/schemas/common/definitions.json#/definitions/expression"
            }
          ],
          "description": "The Kind of the object. Currently only Series8000 is supported."
        },
        "properties": {
          "oneOf": [
            {
              "$ref": "#/definitions/BackupPolicyProperties"
            },
            {
              "$ref": "https://schema.management.azure.com/schemas/common/definitions.json#/definitions/expression"
            }
          ],
          "description": "The properties of the backup policy."
        },
        "resources": {
          "type": "array",
          "items": {
            "oneOf": [
              {
                "$ref": "#/definitions/managers_devices_backupPolicies_schedules_childResource"
              }
            ]
          }
        }
      },
      "required": [
        "name",
        "type",
        "apiVersion",
        "properties"
      ],
      "description": "Microsoft.StorSimple/managers/devices/backupPolicies"
    },
    "managers_devices_backupPolicies_schedules": {
      "type": "object",
      "properties": {
        "name": {
          "type": "string"
        },
        "type": {
          "type": "string",
          "enum": [
            "Microsoft.StorSimple/managers/devices/backupPolicies/schedules"
          ]
        },
        "apiVersion": {
          "type": "string",
          "enum": [
            "2017-06-01"
          ]
        },
        "kind": {
          "oneOf": [
            {
              "type": "string",
              "enum": [
                "Series8000"
              ]
            },
            {
              "$ref": "https://schema.management.azure.com/schemas/common/definitions.json#/definitions/expression"
            }
          ],
          "description": "The Kind of the object. Currently only Series8000 is supported."
        },
        "properties": {
          "oneOf": [
            {
              "$ref": "#/definitions/BackupScheduleProperties"
            },
            {
              "$ref": "https://schema.management.azure.com/schemas/common/definitions.json#/definitions/expression"
            }
          ],
          "description": "The properties of the backup schedule."
        }
      },
      "required": [
        "name",
        "type",
        "apiVersion",
        "properties"
      ],
      "description": "Microsoft.StorSimple/managers/devices/backupPolicies/schedules"
    },
    "managers_devices_volumeContainers": {
      "type": "object",
      "properties": {
        "name": {
          "type": "string"
        },
        "type": {
          "type": "string",
          "enum": [
            "Microsoft.StorSimple/managers/devices/volumeContainers"
          ]
        },
        "apiVersion": {
          "type": "string",
          "enum": [
            "2017-06-01"
          ]
        },
        "kind": {
          "oneOf": [
            {
              "type": "string",
              "enum": [
                "Series8000"
              ]
            },
            {
              "$ref": "https://schema.management.azure.com/schemas/common/definitions.json#/definitions/expression"
            }
          ],
          "description": "The Kind of the object. Currently only Series8000 is supported."
        },
        "properties": {
          "oneOf": [
            {
              "$ref": "#/definitions/VolumeContainerProperties"
            },
            {
              "$ref": "https://schema.management.azure.com/schemas/common/definitions.json#/definitions/expression"
            }
          ],
          "description": "The volume container properties."
        },
        "resources": {
          "type": "array",
          "items": {
            "oneOf": [
              {
                "$ref": "#/definitions/managers_devices_volumeContainers_volumes_childResource"
              }
            ]
          }
        }
      },
      "required": [
        "name",
        "type",
        "apiVersion",
        "properties"
      ],
      "description": "Microsoft.StorSimple/managers/devices/volumeContainers"
    },
    "managers_devices_volumeContainers_volumes": {
      "type": "object",
      "properties": {
        "name": {
          "type": "string"
        },
        "type": {
          "type": "string",
          "enum": [
            "Microsoft.StorSimple/managers/devices/volumeContainers/volumes"
          ]
        },
        "apiVersion": {
          "type": "string",
          "enum": [
            "2017-06-01"
          ]
        },
        "kind": {
          "oneOf": [
            {
              "type": "string",
              "enum": [
                "Series8000"
              ]
            },
            {
              "$ref": "https://schema.management.azure.com/schemas/common/definitions.json#/definitions/expression"
            }
          ],
          "description": "The Kind of the object. Currently only Series8000 is supported."
        },
        "properties": {
          "oneOf": [
            {
              "$ref": "#/definitions/VolumeProperties"
            },
            {
              "$ref": "https://schema.management.azure.com/schemas/common/definitions.json#/definitions/expression"
            }
          ],
          "description": "The properties of the volume."
        }
      },
      "required": [
        "name",
        "type",
        "apiVersion",
        "properties"
      ],
      "description": "Microsoft.StorSimple/managers/devices/volumeContainers/volumes"
    },
    "managers_storageAccountCredentials": {
      "type": "object",
      "properties": {
        "name": {
          "type": "string"
        },
        "type": {
          "type": "string",
          "enum": [
            "Microsoft.StorSimple/managers/storageAccountCredentials"
          ]
        },
        "apiVersion": {
          "type": "string",
          "enum": [
            "2017-06-01"
          ]
        },
        "kind": {
          "oneOf": [
            {
              "type": "string",
              "enum": [
                "Series8000"
              ]
            },
            {
              "$ref": "https://schema.management.azure.com/schemas/common/definitions.json#/definitions/expression"
            }
          ],
          "description": "The Kind of the object. Currently only Series8000 is supported."
        },
        "properties": {
          "oneOf": [
            {
              "$ref": "#/definitions/StorageAccountCredentialProperties"
            },
            {
              "$ref": "https://schema.management.azure.com/schemas/common/definitions.json#/definitions/expression"
            }
          ],
          "description": "The storage account credential properties."
        }
      },
      "required": [
        "name",
        "type",
        "apiVersion",
        "properties"
      ],
      "description": "Microsoft.StorSimple/managers/storageAccountCredentials"
    }
  },
  "definitions": {
    "AccessControlRecordProperties": {
      "type": "object",
      "properties": {
        "initiatorName": {
          "type": "string",
          "description": "The iSCSI initiator name (IQN)."
        }
      },
      "required": [
        "initiatorName"
      ],
      "description": "The properties of access control record."
    },
    "AsymmetricEncryptedSecret": {
      "type": "object",
      "properties": {
        "value": {
          "type": "string",
          "description": "The value of the secret."
        },
        "encryptionCertThumbprint": {
          "type": "string",
          "description": "Thumbprint certificate that was used to encrypt \"Value\". If the value in unencrypted, it will be null."
        },
        "encryptionAlgorithm": {
          "oneOf": [
            {
              "type": "string",
              "enum": [
                "None",
                "AES256",
                "RSAES_PKCS1_v_1_5"
              ]
            },
            {
              "$ref": "https://schema.management.azure.com/schemas/common/definitions.json#/definitions/expression"
            }
          ],
          "description": "The algorithm used to encrypt \"Value\"."
        }
      },
      "required": [
        "value",
        "encryptionAlgorithm"
      ],
      "description": "Represent the secrets intended for encryption with asymmetric key pair."
    },
    "BackupPolicyProperties": {
      "type": "object",
      "properties": {
        "volumeIds": {
          "oneOf": [
            {
              "type": "array",
              "items": {
                "type": "string"
              }
            },
            {
              "$ref": "https://schema.management.azure.com/schemas/common/definitions.json#/definitions/expression"
            }
          ],
          "description": "The path IDs of the volumes which are part of the backup policy."
        }
      },
      "required": [
        "volumeIds"
      ],
      "description": "The properties of the backup policy."
    },
    "BackupScheduleProperties": {
      "type": "object",
      "properties": {
        "scheduleRecurrence": {
          "oneOf": [
            {
              "$ref": "#/definitions/ScheduleRecurrence"
            },
            {
              "$ref": "https://schema.management.azure.com/schemas/common/definitions.json#/definitions/expression"
            }
          ],
          "description": "The schedule recurrence."
        },
        "backupType": {
          "oneOf": [
            {
              "type": "string",
              "enum": [
                "LocalSnapshot",
                "CloudSnapshot"
              ]
            },
            {
              "$ref": "https://schema.management.azure.com/schemas/common/definitions.json#/definitions/expression"
            }
          ],
          "description": "The type of backup which needs to be taken."
        },
        "retentionCount": {
          "oneOf": [
            {
              "type": "integer"
            },
            {
              "$ref": "https://schema.management.azure.com/schemas/common/definitions.json#/definitions/expression"
            }
          ],
          "description": "The number of backups to be retained."
        },
        "startTime": {
          "type": "string",
          "format": "date-time",
          "description": "The start time of the schedule."
        },
        "scheduleStatus": {
          "oneOf": [
            {
              "type": "string",
              "enum": [
                "Enabled",
                "Disabled"
              ]
            },
            {
              "$ref": "https://schema.management.azure.com/schemas/common/definitions.json#/definitions/expression"
            }
          ],
          "description": "The schedule status."
        }
      },
      "required": [
        "scheduleRecurrence",
        "backupType",
        "retentionCount",
        "startTime",
        "scheduleStatus"
      ],
      "description": "The properties of the backup schedule."
    },
    "BandwidthRateSettingProperties": {
      "type": "object",
      "properties": {
        "schedules": {
          "oneOf": [
            {
              "type": "array",
              "items": {
                "$ref": "#/definitions/BandwidthSchedule"
              }
            },
            {
              "$ref": "https://schema.management.azure.com/schemas/common/definitions.json#/definitions/expression"
            }
          ],
          "description": "The schedules."
        }
      },
      "required": [
        "schedules"
      ],
      "description": "The properties of the bandwidth setting."
    },
    "BandwidthSchedule": {
      "type": "object",
      "properties": {
        "start": {
          "oneOf": [
            {
              "$ref": "#/definitions/Time"
            },
            {
              "$ref": "https://schema.management.azure.com/schemas/common/definitions.json#/definitions/expression"
            }
          ],
          "description": "The start time of the schdule."
        },
        "stop": {
          "oneOf": [
            {
              "$ref": "#/definitions/Time"
            },
            {
              "$ref": "https://schema.management.azure.com/schemas/common/definitions.json#/definitions/expression"
            }
          ],
          "description": "The stop time of the schedule."
        },
        "rateInMbps": {
          "oneOf": [
            {
              "type": "integer"
            },
            {
              "$ref": "https://schema.management.azure.com/schemas/common/definitions.json#/definitions/expression"
            }
          ],
          "description": "The rate in Mbps."
        },
        "days": {
          "oneOf": [
            {
              "type": "array",
              "items": {
                "type": "string",
                "enum": [
                  "Sunday",
                  "Monday",
                  "Tuesday",
                  "Wednesday",
                  "Thursday",
                  "Friday",
                  "Saturday"
                ]
              }
            },
            {
              "$ref": "https://schema.management.azure.com/schemas/common/definitions.json#/definitions/expression"
            }
          ],
          "description": "The days of the week when this schedule is applicable."
        }
      },
      "required": [
        "start",
        "stop",
        "rateInMbps",
        "days"
      ],
      "description": "The schedule for bandwidth setting."
    },
    "ManagerIntrinsicSettings": {
      "type": "object",
      "properties": {
        "type": {
          "type": "string",
          "enum": [
            "GardaV1",
            "HelsinkiV1"
          ],
          "description": "The type of StorSimple Manager."
        }
      },
      "required": [
        "type"
      ],
      "description": "Intrinsic settings which refers to the type of the Storsimple Manager."
    },
    "ManagerProperties": {
      "type": "object",
      "properties": {
        "cisIntrinsicSettings": {
          "oneOf": [
            {
              "$ref": "#/definitions/ManagerIntrinsicSettings"
            },
            {
              "$ref": "https://schema.management.azure.com/schemas/common/definitions.json#/definitions/expression"
            }
          ],
          "description": "Represents the type of StorSimple Manager."
        },
        "sku": {
          "oneOf": [
            {
              "$ref": "#/definitions/ManagerSku"
            },
            {
              "$ref": "https://schema.management.azure.com/schemas/common/definitions.json#/definitions/expression"
            }
          ],
          "description": "Specifies the Sku."
        },
        "provisioningState": {
          "type": "string",
          "description": "Specifies the state of the resource as it is getting provisioned. Value of \"Succeeded\" means the Manager was successfully created."
        }
      },
      "description": "The properties of the StorSimple Manager."
    },
    "managers_accessControlRecords_childResource": {
      "type": "object",
      "properties": {
        "name": {
          "type": "string"
        },
        "type": {
          "type": "string",
          "enum": [
            "accessControlRecords"
          ]
        },
        "apiVersion": {
          "type": "string",
          "enum": [
            "2017-06-01"
          ]
        },
        "kind": {
          "oneOf": [
            {
              "type": "string",
              "enum": [
                "Series8000"
              ]
            },
            {
              "$ref": "https://schema.management.azure.com/schemas/common/definitions.json#/definitions/expression"
            }
          ],
          "description": "The Kind of the object. Currently only Series8000 is supported."
        },
        "properties": {
          "oneOf": [
            {
              "$ref": "#/definitions/AccessControlRecordProperties"
            },
            {
              "$ref": "https://schema.management.azure.com/schemas/common/definitions.json#/definitions/expression"
            }
          ],
          "description": "The properties of access control record."
        }
      },
      "required": [
        "name",
        "type",
        "apiVersion",
        "properties"
      ],
      "description": "Microsoft.StorSimple/managers/accessControlRecords"
    },
    "managers_bandwidthSettings_childResource": {
      "type": "object",
      "properties": {
        "name": {
          "type": "string"
        },
        "type": {
          "type": "string",
          "enum": [
            "bandwidthSettings"
          ]
        },
        "apiVersion": {
          "type": "string",
          "enum": [
            "2017-06-01"
          ]
        },
        "kind": {
          "oneOf": [
            {
              "type": "string",
              "enum": [
                "Series8000"
              ]
            },
            {
              "$ref": "https://schema.management.azure.com/schemas/common/definitions.json#/definitions/expression"
            }
          ],
          "description": "The Kind of the object. Currently only Series8000 is supported."
        },
        "properties": {
          "oneOf": [
            {
              "$ref": "#/definitions/BandwidthRateSettingProperties"
            },
            {
              "$ref": "https://schema.management.azure.com/schemas/common/definitions.json#/definitions/expression"
            }
          ],
          "description": "The properties of the bandwidth setting."
        }
      },
      "required": [
        "name",
        "type",
        "apiVersion",
        "properties"
      ],
      "description": "Microsoft.StorSimple/managers/bandwidthSettings"
    },
    "managers_devices_backupPolicies_schedules_childResource": {
      "type": "object",
      "properties": {
        "name": {
          "type": "string"
        },
        "type": {
          "type": "string",
          "enum": [
            "schedules"
          ]
        },
        "apiVersion": {
          "type": "string",
          "enum": [
            "2017-06-01"
          ]
        },
        "kind": {
          "oneOf": [
            {
              "type": "string",
              "enum": [
                "Series8000"
              ]
            },
            {
              "$ref": "https://schema.management.azure.com/schemas/common/definitions.json#/definitions/expression"
            }
          ],
          "description": "The Kind of the object. Currently only Series8000 is supported."
        },
        "properties": {
          "oneOf": [
            {
              "$ref": "#/definitions/BackupScheduleProperties"
            },
            {
              "$ref": "https://schema.management.azure.com/schemas/common/definitions.json#/definitions/expression"
            }
          ],
          "description": "The properties of the backup schedule."
        }
      },
      "required": [
        "name",
        "type",
        "apiVersion",
        "properties"
      ],
      "description": "Microsoft.StorSimple/managers/devices/backupPolicies/schedules"
    },
    "managers_devices_volumeContainers_volumes_childResource": {
      "type": "object",
      "properties": {
        "name": {
          "type": "string"
        },
        "type": {
          "type": "string",
          "enum": [
            "volumes"
          ]
        },
        "apiVersion": {
          "type": "string",
          "enum": [
            "2017-06-01"
          ]
        },
        "kind": {
          "oneOf": [
            {
              "type": "string",
              "enum": [
                "Series8000"
              ]
            },
            {
              "$ref": "https://schema.management.azure.com/schemas/common/definitions.json#/definitions/expression"
            }
          ],
          "description": "The Kind of the object. Currently only Series8000 is supported."
        },
        "properties": {
          "oneOf": [
            {
              "$ref": "#/definitions/VolumeProperties"
            },
            {
              "$ref": "https://schema.management.azure.com/schemas/common/definitions.json#/definitions/expression"
            }
          ],
          "description": "The properties of the volume."
        }
      },
      "required": [
        "name",
        "type",
        "apiVersion",
        "properties"
      ],
      "description": "Microsoft.StorSimple/managers/devices/volumeContainers/volumes"
    },
    "managers_storageAccountCredentials_childResource": {
      "type": "object",
      "properties": {
        "name": {
          "type": "string"
        },
        "type": {
          "type": "string",
          "enum": [
            "storageAccountCredentials"
          ]
        },
        "apiVersion": {
          "type": "string",
          "enum": [
            "2017-06-01"
          ]
        },
        "kind": {
          "oneOf": [
            {
              "type": "string",
              "enum": [
                "Series8000"
              ]
            },
            {
              "$ref": "https://schema.management.azure.com/schemas/common/definitions.json#/definitions/expression"
            }
          ],
          "description": "The Kind of the object. Currently only Series8000 is supported."
        },
        "properties": {
          "oneOf": [
            {
              "$ref": "#/definitions/StorageAccountCredentialProperties"
            },
            {
              "$ref": "https://schema.management.azure.com/schemas/common/definitions.json#/definitions/expression"
            }
          ],
          "description": "The storage account credential properties."
        }
      },
      "required": [
        "name",
        "type",
        "apiVersion",
        "properties"
      ],
      "description": "Microsoft.StorSimple/managers/storageAccountCredentials"
    },
    "ManagerSku": {
      "type": "object",
      "properties": {
        "name": {
          "oneOf": [
            {
              "type": "string",
              "enum": [
                "Standard"
              ]
            },
            {
              "$ref": "https://schema.management.azure.com/schemas/common/definitions.json#/definitions/expression"
            }
          ],
          "description": "Refers to the sku name which should be \"Standard\""
        }
      },
      "required": [
        "name"
      ],
      "description": "The Sku."
    },
    "ScheduleRecurrence": {
      "type": "object",
      "properties": {
        "recurrenceType": {
          "oneOf": [
            {
              "type": "string",
              "enum": [
                "Minutes",
                "Hourly",
                "Daily",
                "Weekly"
              ]
            },
            {
              "$ref": "https://schema.management.azure.com/schemas/common/definitions.json#/definitions/expression"
            }
          ],
          "description": "The recurrence type."
        },
        "recurrenceValue": {
          "oneOf": [
            {
              "type": "integer"
            },
            {
              "$ref": "https://schema.management.azure.com/schemas/common/definitions.json#/definitions/expression"
            }
          ],
          "description": "The recurrence value."
        },
        "weeklyDaysList": {
          "oneOf": [
            {
              "type": "array",
              "items": {
                "type": "string",
                "enum": [
                  "Sunday",
                  "Monday",
                  "Tuesday",
                  "Wednesday",
                  "Thursday",
                  "Friday",
                  "Saturday"
                ]
              }
            },
            {
              "$ref": "https://schema.management.azure.com/schemas/common/definitions.json#/definitions/expression"
            }
          ],
          "description": "The week days list. Applicable only for schedules of recurrence type 'weekly'."
        }
      },
      "required": [
        "recurrenceType",
        "recurrenceValue"
      ],
      "description": "The schedule recurrence."
    },
    "StorageAccountCredentialProperties": {
      "type": "object",
      "properties": {
        "endPoint": {
          "type": "string",
          "description": "The storage endpoint"
        },
        "sslStatus": {
          "oneOf": [
            {
              "type": "string",
              "enum": [
                "Enabled",
                "Disabled"
              ]
            },
            {
              "$ref": "https://schema.management.azure.com/schemas/common/definitions.json#/definitions/expression"
            }
          ],
          "description": "Signifies whether SSL needs to be enabled or not."
        },
        "accessKey": {
          "oneOf": [
            {
              "$ref": "#/definitions/AsymmetricEncryptedSecret"
            },
            {
              "$ref": "https://schema.management.azure.com/schemas/common/definitions.json#/definitions/expression"
            }
          ],
          "description": "The details of the storage account password."
        }
      },
      "required": [
        "endPoint",
        "sslStatus"
      ],
      "description": "The storage account credential properties."
    },
    "Time": {
      "type": "object",
      "properties": {
        "hours": {
          "oneOf": [
            {
              "type": "integer",
              "minimum": 0,
              "maximum": 23
            },
            {
              "$ref": "https://schema.management.azure.com/schemas/common/definitions.json#/definitions/expression"
            }
          ],
          "description": "The hour."
        },
        "minutes": {
          "oneOf": [
            {
              "type": "integer",
              "minimum": 0,
              "maximum": 59
            },
            {
              "$ref": "https://schema.management.azure.com/schemas/common/definitions.json#/definitions/expression"
            }
          ],
          "description": "The minute."
        },
        "seconds": {
          "oneOf": [
            {
              "type": "integer",
              "minimum": 0,
              "maximum": 59
            },
            {
              "$ref": "https://schema.management.azure.com/schemas/common/definitions.json#/definitions/expression"
            }
          ],
          "description": "The second."
        }
      },
      "required": [
        "hours",
        "minutes",
        "seconds"
      ],
      "description": "The time."
    },
    "VolumeContainerProperties": {
      "type": "object",
      "properties": {
        "encryptionKey": {
          "oneOf": [
            {
              "$ref": "#/definitions/AsymmetricEncryptedSecret"
            },
            {
              "$ref": "https://schema.management.azure.com/schemas/common/definitions.json#/definitions/expression"
            }
          ],
          "description": "The key used to encrypt data in the volume container. It is required when property 'EncryptionStatus' is \"Enabled\"."
        },
        "storageAccountCredentialId": {
          "type": "string",
          "description": "The path ID of storage account associated with the volume container."
        },
        "bandWidthRateInMbps": {
          "oneOf": [
            {
              "type": "integer"
            },
            {
              "$ref": "https://schema.management.azure.com/schemas/common/definitions.json#/definitions/expression"
            }
          ],
          "description": "The bandwidth-rate set on the volume container."
        },
        "bandwidthSettingId": {
          "type": "string",
          "description": "The ID of the bandwidth setting associated with the volume container."
        }
      },
      "required": [
        "storageAccountCredentialId"
      ],
      "description": "The properties of volume container."
    },
    "VolumeProperties": {
      "type": "object",
      "properties": {
        "sizeInBytes": {
          "oneOf": [
            {
              "type": "integer"
            },
            {
              "$ref": "https://schema.management.azure.com/schemas/common/definitions.json#/definitions/expression"
            }
          ],
          "description": "The size of the volume in bytes."
        },
        "volumeType": {
          "oneOf": [
            {
              "type": "string",
              "enum": [
                "Tiered",
                "Archival",
                "LocallyPinned"
              ]
            },
            {
              "$ref": "https://schema.management.azure.com/schemas/common/definitions.json#/definitions/expression"
            }
          ],
          "description": "The type of the volume."
        },
        "accessControlRecordIds": {
          "oneOf": [
            {
              "type": "array",
              "items": {
                "type": "string"
              }
            },
            {
              "$ref": "https://schema.management.azure.com/schemas/common/definitions.json#/definitions/expression"
            }
          ],
          "description": "The IDs of the access control records, associated with the volume."
        },
        "volumeStatus": {
          "oneOf": [
            {
              "type": "string",
              "enum": [
                "Online",
                "Offline"
              ]
            },
            {
              "$ref": "https://schema.management.azure.com/schemas/common/definitions.json#/definitions/expression"
            }
          ],
          "description": "The volume status."
        },
        "monitoringStatus": {
          "oneOf": [
            {
              "type": "string",
              "enum": [
                "Enabled",
                "Disabled"
              ]
            },
            {
              "$ref": "https://schema.management.azure.com/schemas/common/definitions.json#/definitions/expression"
            }
          ],
          "description": "The monitoring status of the volume."
        }
      },
      "required": [
        "sizeInBytes",
        "volumeType",
        "accessControlRecordIds",
        "volumeStatus",
        "monitoringStatus"
      ],
      "description": "The properties of volume."
    }
  }
}
