{
  "id": "https://schema.management.azure.com/schemas/2017-10-01/Microsoft.PowerBIDedicated.json#",
  "$schema": "http://json-schema.org/draft-04/schema#",
  "title": "Microsoft.PowerBIDedicated",
  "description": "Power BI capacities on Azure",
  "resourceDefinitions": {
    "capacities": {
      "type": "object",
      "properties": {
        "type": {
          "type": "string",
          "enum": [
            "Microsoft.PowerBIDedicated/capacities"
          ]
        },
        "apiVersion": {
          "type": "string",
          "enum": [
            "2017-10-01"
          ]
        },
        "location": {
          "type": "string",
          "description": "Capacity location"
        },
        "tags": {
          "oneOf": [
            {
              "type": "object",
              "additionalProperties": {
                "type": "string"
              }
            },
            {
              "$ref": "https://schema.management.azure.com/schemas/common/definitions.json#/definitions/expression"
            }
          ],
          "description": "Capacity tags"
        },
        "sku": {
          "oneOf": [
            {
              "$ref": "#/definitions/Sku"
            },
            {
              "$ref": "https://schema.management.azure.com/schemas/common/definitions.json#/definitions/expression"
            }
          ],
          "description": "The SKU (pricing tier) of the Power BI capacity."
        },
        "properties": {
          "oneOf": [
            {
              "$ref": "#/definitions/CapacityProperties"
            },
            {
              "$ref": "https://schema.management.azure.com/schemas/common/definitions.json#/definitions/expression"
            }
          ]
        }
      },
      "required": [
        "type",
        "apiVersion",
        "location",
        "sku",
        "properties"
      ],
      "description": "Microsoft.PowerBIDedicated/capacities"
    }
  },
  "definitions": {
    "Sku": {
      "type": "object",
      "properties": {
        "name": {
          "oneOf": [
            {
              "type": "string",
              "enum": [
                "A1",
                "A2",
                "A3",
                "A4",
                "A5",
                "A6"
              ]
            },
            {
              "$ref": "https://schema.management.azure.com/schemas/common/definitions.json#/definitions/expression"
            }
          ],
          "description": "Name of the pricing tier. Possible values include: 'A1', 'A2', 'A3', 'A4', 'A5', 'A6'"
        }
      },
      "description": "The SKU (pricing tier) of the Power BI capacity."
    },
    "CapacityProperties": {
      "type": "object",
      "properties": {
        "administration": {
          "oneOf": [
            {
              "type": "object",
              "properties": {
                "members": {
                  "type": "array",
                  "items": {
                    "$ref": "#/definitions/administrator"
                  }
                }
              }
            },
            {
              "$ref": "https://schema.management.azure.com/schemas/common/definitions.json#/definitions/expression"
            }
          ],
          "required": [
            "members"
          ],
          "description": "Microsoft.PowerBIDedicated/capacities: Login names of administrators"
        }
      }
    },
    "administrator": {
      "type": "string",
      "minLength": 1,
      "description": "The UPN of the Power BI capacity administrator."
    }
  }
}