{
  "id": "https://schema.management.azure.com/schemas/2019-06-01/Microsoft.WindowsIoT.json#",
  "$schema": "http://json-schema.org/draft-04/schema#",
  "title": "Microsoft.WindowsIoT",
  "description": "Microsoft WindowsIoT Resource Types",
  "resourceDefinitions": {
    "deviceServices": {
      "type": "object",
      "properties": {
        "adminDomainName": {
          "type": "string",
          "description": "Windows IoT Device Service OEM AAD domain"
        },
        "apiVersion": {
          "type": "string",
          "enum": [
            "2019-06-01"
          ]
        },
        "billingDomainName": {
          "type": "string",
          "description": "Windows IoT Device Service ODM AAD domain"
        },
        "name": {
          "type": "string",
          "description": "The name of the Windows IoT Device Service."
        },
        "notes": {
          "type": "string",
          "description": "Windows IoT Device Service notes."
        },
        "quantity": {
          "oneOf": [
            {
              "type": "integer"
            },
            {
              "$ref": "https://schema.management.azure.com/schemas/common/definitions.json#/definitions/expression"
            }
          ],
          "description": "Windows IoT Device Service device allocation,"
        },
        "type": {
          "type": "string",
          "enum": [
            "Microsoft.WindowsIoT/deviceServices"
          ]
        }
      },
      "required": [
        "apiVersion",
        "name",
        "type"
      ],
      "description": "Microsoft.WindowsIoT/deviceServices"
    }
  },
  "definitions": {}
}