{
  "id": "https://schema.management.azure.com/schemas/2017-10-12/Microsoft.Cdn.json#",
  "$schema": "http://json-schema.org/draft-04/schema#",
  "title": "Microsoft.Cdn",
  "description": "Microsoft Cdn Resource Types",
  "resourceDefinitions": {
    "profiles": {
      "type": "object",
      "properties": {
        "apiVersion": {
          "type": "string",
          "enum": [
            "2017-10-12"
          ]
        },
        "location": {
          "type": "string",
          "description": "Resource location."
        },
        "name": {
          "type": "string",
          "description": "Name of the CDN profile which is unique within the resource group."
        },
        "properties": {
          "oneOf": [
            {
              "$ref": "#/definitions/ProfileProperties"
            },
            {
              "$ref": "https://schema.management.azure.com/schemas/common/definitions.json#/definitions/expression"
            }
          ],
          "description": "The JSON object that contains the properties required to create a profile."
        },
        "resources": {
          "type": "array",
          "items": {
            "oneOf": [
              {
                "$ref": "#/definitions/profiles_endpoints_childResource"
              }
            ]
          }
        },
        "sku": {
          "oneOf": [
            {
              "$ref": "#/definitions/Sku"
            },
            {
              "$ref": "https://schema.management.azure.com/schemas/common/definitions.json#/definitions/expression"
            }
          ],
          "description": "The pricing tier (defines a CDN provider, feature list and rate) of the CDN profile."
        },
        "tags": {
          "oneOf": [
            {
              "type": "object",
              "additionalProperties": {
                "type": "string"
              },
              "properties": {}
            },
            {
              "$ref": "https://schema.management.azure.com/schemas/common/definitions.json#/definitions/expression"
            }
          ],
          "description": "Resource tags."
        },
        "type": {
          "type": "string",
          "enum": [
            "Microsoft.Cdn/profiles"
          ]
        }
      },
      "required": [
        "apiVersion",
        "location",
        "name",
        "properties",
        "sku",
        "type"
      ],
      "description": "Microsoft.Cdn/profiles"
    },
    "profiles_endpoints": {
      "type": "object",
      "properties": {
        "apiVersion": {
          "type": "string",
          "enum": [
            "2017-10-12"
          ]
        },
        "location": {
          "type": "string",
          "description": "Resource location."
        },
        "name": {
          "type": "string",
          "description": "Name of the endpoint under the profile which is unique globally."
        },
        "properties": {
          "oneOf": [
            {
              "$ref": "#/definitions/EndpointProperties"
            },
            {
              "$ref": "https://schema.management.azure.com/schemas/common/definitions.json#/definitions/expression"
            }
          ],
          "description": "The JSON object that contains the properties required to create an endpoint."
        },
        "resources": {
          "type": "array",
          "items": {
            "oneOf": [
              {
                "$ref": "#/definitions/profiles_endpoints_customDomains_childResource"
              }
            ]
          }
        },
        "tags": {
          "oneOf": [
            {
              "type": "object",
              "additionalProperties": {
                "type": "string"
              },
              "properties": {}
            },
            {
              "$ref": "https://schema.management.azure.com/schemas/common/definitions.json#/definitions/expression"
            }
          ],
          "description": "Resource tags."
        },
        "type": {
          "type": "string",
          "enum": [
            "Microsoft.Cdn/profiles/endpoints"
          ]
        }
      },
      "required": [
        "apiVersion",
        "location",
        "name",
        "properties",
        "type"
      ],
      "description": "Microsoft.Cdn/profiles/endpoints"
    },
    "profiles_endpoints_customDomains": {
      "type": "object",
      "properties": {
        "apiVersion": {
          "type": "string",
          "enum": [
            "2017-10-12"
          ]
        },
        "name": {
          "type": "string",
          "description": "Name of the custom domain within an endpoint."
        },
        "properties": {
          "oneOf": [
            {
              "$ref": "#/definitions/CustomDomainPropertiesParameters"
            },
            {
              "$ref": "https://schema.management.azure.com/schemas/common/definitions.json#/definitions/expression"
            }
          ],
          "description": "The JSON object that contains the properties of the custom domain to create."
        },
        "type": {
          "type": "string",
          "enum": [
            "Microsoft.Cdn/profiles/endpoints/customDomains"
          ]
        }
      },
      "required": [
        "apiVersion",
        "name",
        "properties",
        "type"
      ],
      "description": "Microsoft.Cdn/profiles/endpoints/customDomains"
    }
  },
  "definitions": {
    "CacheExpirationActionParameters": {
      "type": "object",
      "properties": {
        "@odata.type": {
          "oneOf": [
            {
              "type": "string",
              "enum": [
                "Microsoft.Azure.Cdn.Models.DeliveryRuleCacheExpirationActionParameters"
              ]
            },
            {
              "$ref": "https://schema.management.azure.com/schemas/common/definitions.json#/definitions/expression"
            }
          ]
        },
        "cacheBehavior": {
          "oneOf": [
            {
              "type": "string",
              "enum": [
                "BypassCache",
                "Override",
                "SetIfMissing"
              ]
            },
            {
              "$ref": "https://schema.management.azure.com/schemas/common/definitions.json#/definitions/expression"
            }
          ],
          "description": "Caching behavior for the requests that include query strings."
        },
        "cacheDuration": {
          "type": "string",
          "description": "The duration for which the content needs to be cached. Allowed format is [d.]hh:mm:ss"
        },
        "cacheType": {
          "oneOf": [
            {
              "type": "string",
              "enum": [
                "All"
              ]
            },
            {
              "$ref": "https://schema.management.azure.com/schemas/common/definitions.json#/definitions/expression"
            }
          ],
          "description": "The level at which the content needs to be cached."
        }
      },
      "required": [
        "@odata.type",
        "cacheBehavior",
        "cacheType"
      ],
      "description": "Defines the parameters for the cache expiration action."
    },
    "CustomDomainPropertiesParameters": {
      "type": "object",
      "properties": {
        "hostName": {
          "type": "string",
          "description": "The host name of the custom domain. Must be a domain name."
        }
      },
      "required": [
        "hostName"
      ],
      "description": "The JSON object that contains the properties of the custom domain to create."
    },
    "DeepCreatedOrigin": {
      "type": "object",
      "properties": {
        "name": {
          "type": "string",
          "description": "Origin name"
        },
        "properties": {
          "oneOf": [
            {
              "$ref": "#/definitions/DeepCreatedOriginProperties"
            },
            {
              "$ref": "https://schema.management.azure.com/schemas/common/definitions.json#/definitions/expression"
            }
          ],
          "description": "Properties of the origin created on the CDN endpoint."
        }
      },
      "required": [
        "name"
      ],
      "description": "The main origin of CDN content which is added when creating a CDN endpoint."
    },
    "DeepCreatedOriginProperties": {
      "type": "object",
      "properties": {
        "hostName": {
          "type": "string",
          "description": "The address of the origin. It can be a domain name, IPv4 address, or IPv6 address."
        },
        "httpPort": {
          "oneOf": [
            {
              "type": "integer",
              "minimum": 1,
              "maximum": 65535
            },
            {
              "$ref": "https://schema.management.azure.com/schemas/common/definitions.json#/definitions/expression"
            }
          ],
          "description": "The value of the HTTP port. Must be between 1 and 65535"
        },
        "httpsPort": {
          "oneOf": [
            {
              "type": "integer",
              "minimum": 1,
              "maximum": 65535
            },
            {
              "$ref": "https://schema.management.azure.com/schemas/common/definitions.json#/definitions/expression"
            }
          ],
          "description": "The value of the HTTPS port. Must be between 1 and 65535"
        }
      },
      "required": [
        "hostName"
      ],
      "description": "Properties of the origin created on the CDN endpoint."
    },
    "DeliveryRule": {
      "type": "object",
      "properties": {
        "actions": {
          "oneOf": [
            {
              "type": "array",
              "items": {
                "$ref": "#/definitions/DeliveryRuleAction"
              }
            },
            {
              "$ref": "https://schema.management.azure.com/schemas/common/definitions.json#/definitions/expression"
            }
          ],
          "description": "A list of actions that are executed when all the conditions of a rule are satisfied."
        },
        "conditions": {
          "oneOf": [
            {
              "type": "array",
              "items": {
                "$ref": "#/definitions/DeliveryRuleCondition"
              }
            },
            {
              "$ref": "https://schema.management.azure.com/schemas/common/definitions.json#/definitions/expression"
            }
          ],
          "description": "A list of conditions that must be matched for the actions to be executed"
        },
        "order": {
          "oneOf": [
            {
              "type": "integer"
            },
            {
              "$ref": "https://schema.management.azure.com/schemas/common/definitions.json#/definitions/expression"
            }
          ],
          "description": "The order in which the rules are applied for the endpoint. Possible values {0,1,2,3,………}. A rule with a lesser order will be applied before a rule with a greater order. Rule with order 0 is a special rule. It does not require any condition and actions listed in it will always be applied."
        }
      },
      "required": [
        "actions",
        "order"
      ],
      "description": "A rule that specifies a set of actions and conditions"
    },
    "DeliveryRuleAction": {
      "type": "object",
      "oneOf": [
        {
          "$ref": "#/definitions/DeliveryRuleCacheExpirationAction"
        }
      ],
      "properties": {},
      "description": "An action for the delivery rule."
    },
    "DeliveryRuleCacheExpirationAction": {
      "type": "object",
      "properties": {
        "name": {
          "type": "string",
          "enum": [
            "CacheExpiration"
          ]
        },
        "parameters": {
          "oneOf": [
            {
              "$ref": "#/definitions/CacheExpirationActionParameters"
            },
            {
              "$ref": "https://schema.management.azure.com/schemas/common/definitions.json#/definitions/expression"
            }
          ],
          "description": "Defines the parameters for the cache expiration action."
        }
      },
      "required": [
        "name",
        "parameters"
      ],
      "description": "Defines the cache expiration action for the delivery rule."
    },
    "DeliveryRuleCondition": {
      "type": "object",
      "oneOf": [
        {
          "$ref": "#/definitions/DeliveryRuleUrlPathCondition"
        },
        {
          "$ref": "#/definitions/DeliveryRuleUrlFileExtensionCondition"
        }
      ],
      "properties": {},
      "description": "A condition for the delivery rule."
    },
    "DeliveryRuleUrlFileExtensionCondition": {
      "type": "object",
      "properties": {
        "name": {
          "type": "string",
          "enum": [
            "UrlFileExtension"
          ]
        },
        "parameters": {
          "oneOf": [
            {
              "$ref": "#/definitions/UrlFileExtensionConditionParameters"
            },
            {
              "$ref": "https://schema.management.azure.com/schemas/common/definitions.json#/definitions/expression"
            }
          ],
          "description": "Defines the parameters for the URL file extension condition."
        }
      },
      "required": [
        "name",
        "parameters"
      ],
      "description": "Defines the URL file extension condition for the delivery rule."
    },
    "DeliveryRuleUrlPathCondition": {
      "type": "object",
      "properties": {
        "name": {
          "type": "string",
          "enum": [
            "UrlPath"
          ]
        },
        "parameters": {
          "oneOf": [
            {
              "$ref": "#/definitions/UrlPathConditionParameters"
            },
            {
              "$ref": "https://schema.management.azure.com/schemas/common/definitions.json#/definitions/expression"
            }
          ],
          "description": "Defines the parameters for the URL path condition."
        }
      },
      "required": [
        "name",
        "parameters"
      ],
      "description": "Defines the URL path condition for the delivery rule."
    },
    "EndpointProperties": {
      "type": "object",
      "properties": {
        "contentTypesToCompress": {
          "oneOf": [
            {
              "type": "array",
              "items": {
                "type": "string"
              }
            },
            {
              "$ref": "https://schema.management.azure.com/schemas/common/definitions.json#/definitions/expression"
            }
          ],
          "description": "List of content types on which compression applies. The value should be a valid MIME type."
        },
        "deliveryPolicy": {
          "oneOf": [
            {
              "$ref": "#/definitions/EndpointPropertiesUpdateParametersDeliveryPolicy"
            },
            {
              "$ref": "https://schema.management.azure.com/schemas/common/definitions.json#/definitions/expression"
            }
          ],
          "description": "A policy that specifies the delivery rules to be used for an endpoint."
        },
        "geoFilters": {
          "oneOf": [
            {
              "type": "array",
              "items": {
                "$ref": "#/definitions/GeoFilter"
              }
            },
            {
              "$ref": "https://schema.management.azure.com/schemas/common/definitions.json#/definitions/expression"
            }
          ],
          "description": "List of rules defining the user's geo access within a CDN endpoint. Each geo filter defines an access rule to a specified path or content, e.g. block APAC for path /pictures/"
        },
        "isCompressionEnabled": {
          "oneOf": [
            {
              "type": "boolean"
            },
            {
              "$ref": "https://schema.management.azure.com/schemas/common/definitions.json#/definitions/expression"
            }
          ],
          "description": "Indicates whether content compression is enabled on CDN. Default value is false. If compression is enabled, content will be served as compressed if user requests for a compressed version. Content won't be compressed on CDN when requested content is smaller than 1 byte or larger than 1 MB."
        },
        "isHttpAllowed": {
          "oneOf": [
            {
              "type": "boolean"
            },
            {
              "$ref": "https://schema.management.azure.com/schemas/common/definitions.json#/definitions/expression"
            }
          ],
          "description": "Indicates whether HTTP traffic is allowed on the endpoint. Default value is true. At least one protocol (HTTP or HTTPS) must be allowed."
        },
        "isHttpsAllowed": {
          "oneOf": [
            {
              "type": "boolean"
            },
            {
              "$ref": "https://schema.management.azure.com/schemas/common/definitions.json#/definitions/expression"
            }
          ],
          "description": "Indicates whether HTTPS traffic is allowed on the endpoint. Default value is true. At least one protocol (HTTP or HTTPS) must be allowed."
        },
        "optimizationType": {
          "oneOf": [
            {
              "type": "string",
              "enum": [
                "GeneralWebDelivery",
                "GeneralMediaStreaming",
                "VideoOnDemandMediaStreaming",
                "LargeFileDownload",
                "DynamicSiteAcceleration"
              ]
            },
            {
              "$ref": "https://schema.management.azure.com/schemas/common/definitions.json#/definitions/expression"
            }
          ],
          "description": "Specifies what scenario the customer wants this CDN endpoint to optimize for, e.g. Download, Media services. With this information, CDN can apply scenario driven optimization."
        },
        "originHostHeader": {
          "type": "string",
          "description": "The host header value sent to the origin with each request. If you leave this blank, the request hostname determines this value. Azure CDN origins, such as Web Apps, Blob Storage, and Cloud Services require this host header value to match the origin hostname by default."
        },
        "originPath": {
          "type": "string",
          "description": "A directory path on the origin that CDN can use to retrieve content from, e.g. contoso.cloudapp.net/originpath."
        },
        "origins": {
          "oneOf": [
            {
              "type": "array",
              "items": {
                "$ref": "#/definitions/DeepCreatedOrigin"
              }
            },
            {
              "$ref": "https://schema.management.azure.com/schemas/common/definitions.json#/definitions/expression"
            }
          ],
          "description": "The source of the content being delivered via CDN."
        },
        "probePath": {
          "type": "string",
          "description": "Path to a file hosted on the origin which helps accelerate delivery of the dynamic content and calculate the most optimal routes for the CDN. This is relative to the origin path."
        },
        "queryStringCachingBehavior": {
          "oneOf": [
            {
              "type": "string",
              "enum": [
                "IgnoreQueryString",
                "BypassCaching",
                "UseQueryString",
                "NotSet"
              ]
            },
            {
              "$ref": "https://schema.management.azure.com/schemas/common/definitions.json#/definitions/expression"
            }
          ],
          "description": "Defines how CDN caches requests that include query strings. You can ignore any query strings when caching, bypass caching to prevent requests that contain query strings from being cached, or cache every request with a unique URL."
        }
      },
      "required": [
        "origins"
      ],
      "description": "The JSON object that contains the properties required to create an endpoint."
    },
    "EndpointPropertiesUpdateParametersDeliveryPolicy": {
      "type": "object",
      "properties": {
        "description": {
          "type": "string",
          "description": "User-friendly description of the policy."
        },
        "rules": {
          "oneOf": [
            {
              "type": "array",
              "items": {
                "$ref": "#/definitions/DeliveryRule"
              }
            },
            {
              "$ref": "https://schema.management.azure.com/schemas/common/definitions.json#/definitions/expression"
            }
          ],
          "description": "A list of the delivery rules."
        }
      },
      "required": [
        "rules"
      ],
      "description": "A policy that specifies the delivery rules to be used for an endpoint."
    },
    "GeoFilter": {
      "type": "object",
      "properties": {
        "action": {
          "oneOf": [
            {
              "type": "string",
              "enum": [
                "Block",
                "Allow"
              ]
            },
            {
              "$ref": "https://schema.management.azure.com/schemas/common/definitions.json#/definitions/expression"
            }
          ],
          "description": "Action of the geo filter, i.e. allow or block access."
        },
        "countryCodes": {
          "oneOf": [
            {
              "type": "array",
              "items": {
                "type": "string"
              }
            },
            {
              "$ref": "https://schema.management.azure.com/schemas/common/definitions.json#/definitions/expression"
            }
          ],
          "description": "Two letter country codes defining user country access in a geo filter, e.g. AU, MX, US."
        },
        "relativePath": {
          "type": "string",
          "description": "Relative path applicable to geo filter. (e.g. '/mypictures', '/mypicture/kitty.jpg', and etc.)"
        }
      },
      "required": [
        "action",
        "countryCodes",
        "relativePath"
      ],
      "description": "Rules defining user's geo access within a CDN endpoint."
    },
    "ProfileProperties": {
      "type": "object",
      "properties": {},
      "description": "The JSON object that contains the properties required to create a profile."
    },
    "profiles_endpoints_childResource": {
      "type": "object",
      "properties": {
        "apiVersion": {
          "type": "string",
          "enum": [
            "2017-10-12"
          ]
        },
        "location": {
          "type": "string",
          "description": "Resource location."
        },
        "name": {
          "type": "string",
          "description": "Name of the endpoint under the profile which is unique globally."
        },
        "properties": {
          "oneOf": [
            {
              "$ref": "#/definitions/EndpointProperties"
            },
            {
              "$ref": "https://schema.management.azure.com/schemas/common/definitions.json#/definitions/expression"
            }
          ],
          "description": "The JSON object that contains the properties required to create an endpoint."
        },
        "tags": {
          "oneOf": [
            {
              "type": "object",
              "additionalProperties": {
                "type": "string"
              },
              "properties": {}
            },
            {
              "$ref": "https://schema.management.azure.com/schemas/common/definitions.json#/definitions/expression"
            }
          ],
          "description": "Resource tags."
        },
        "type": {
          "type": "string",
          "enum": [
            "endpoints"
          ]
        }
      },
      "required": [
        "apiVersion",
        "location",
        "name",
        "properties",
        "type"
      ],
      "description": "Microsoft.Cdn/profiles/endpoints"
    },
    "profiles_endpoints_customDomains_childResource": {
      "type": "object",
      "properties": {
        "apiVersion": {
          "type": "string",
          "enum": [
            "2017-10-12"
          ]
        },
        "name": {
          "type": "string",
          "description": "Name of the custom domain within an endpoint."
        },
        "properties": {
          "oneOf": [
            {
              "$ref": "#/definitions/CustomDomainPropertiesParameters"
            },
            {
              "$ref": "https://schema.management.azure.com/schemas/common/definitions.json#/definitions/expression"
            }
          ],
          "description": "The JSON object that contains the properties of the custom domain to create."
        },
        "type": {
          "type": "string",
          "enum": [
            "customDomains"
          ]
        }
      },
      "required": [
        "apiVersion",
        "name",
        "properties",
        "type"
      ],
      "description": "Microsoft.Cdn/profiles/endpoints/customDomains"
    },
    "Sku": {
      "type": "object",
      "properties": {
        "name": {
          "oneOf": [
            {
              "type": "string",
              "enum": [
                "Standard_Verizon",
                "Premium_Verizon",
                "Custom_Verizon",
                "Standard_Akamai",
                "Standard_ChinaCdn",
                "Premium_ChinaCdn",
                "Standard_Microsoft"
              ]
            },
            {
              "$ref": "https://schema.management.azure.com/schemas/common/definitions.json#/definitions/expression"
            }
          ],
          "description": "Name of the pricing tier."
        }
      },
      "description": "The pricing tier (defines a CDN provider, feature list and rate) of the CDN profile."
    },
    "UrlFileExtensionConditionParameters": {
      "type": "object",
      "properties": {
        "@odata.type": {
          "oneOf": [
            {
              "type": "string",
              "enum": [
                "Microsoft.Azure.Cdn.Models.DeliveryRuleUrlFileExtensionConditionParameters"
              ]
            },
            {
              "$ref": "https://schema.management.azure.com/schemas/common/definitions.json#/definitions/expression"
            }
          ]
        },
        "extensions": {
          "oneOf": [
            {
              "type": "array",
              "items": {
                "type": "string"
              }
            },
            {
              "$ref": "https://schema.management.azure.com/schemas/common/definitions.json#/definitions/expression"
            }
          ],
          "description": "A list of extensions for the condition of the delivery rule."
        }
      },
      "required": [
        "@odata.type",
        "extensions"
      ],
      "description": "Defines the parameters for the URL file extension condition."
    },
    "UrlPathConditionParameters": {
      "type": "object",
      "properties": {
        "@odata.type": {
          "oneOf": [
            {
              "type": "string",
              "enum": [
                "Microsoft.Azure.Cdn.Models.DeliveryRuleUrlPathConditionParameters"
              ]
            },
            {
              "$ref": "https://schema.management.azure.com/schemas/common/definitions.json#/definitions/expression"
            }
          ]
        },
        "matchType": {
          "oneOf": [
            {
              "type": "string",
              "enum": [
                "Literal",
                "Wildcard"
              ]
            },
            {
              "$ref": "https://schema.management.azure.com/schemas/common/definitions.json#/definitions/expression"
            }
          ],
          "description": "The match type for the condition of the delivery rule."
        },
        "path": {
          "type": "string",
          "description": "A URL path for the condition of the delivery rule"
        }
      },
      "required": [
        "@odata.type",
        "matchType",
        "path"
      ],
      "description": "Defines the parameters for the URL path condition."
    }
  }
}