{
  "id": "https://schema.management.azure.com/schemas/2016-09-01-preview/Microsoft.Solutions.json#",
  "$schema": "http://json-schema.org/draft-04/schema#",
  "title": "Microsoft.Solutions",
  "description": "Microsoft Solutions Resource Types",
  "resourceDefinitions": {
    "applianceDefinitions": {
      "type": "object",
      "properties": {
        "type": {
          "type": "string",
          "enum": [
            "Microsoft.Solutions/applianceDefinitions"
          ]
        },
        "apiVersion": {
          "type": "string",
          "enum": [
            "2016-09-01-preview"
          ]
        },
        "properties": {
          "oneOf": [
            {
              "$ref": "#/definitions/ApplianceDefinitionProperties"
            },
            {
              "$ref": "https://schema.management.azure.com/schemas/common/definitions.json#/definitions/expression"
            }
          ],
          "description": "The appliance definition properties."
        }
      },
      "required": [
        "type",
        "apiVersion",
        "properties"
      ],
      "description": "Microsoft.Solutions/applianceDefinitions"
    },
    "appliances": {
      "type": "object",
      "properties": {
        "type": {
          "type": "string",
          "enum": [
            "Microsoft.Solutions/appliances"
          ]
        },
        "apiVersion": {
          "type": "string",
          "enum": [
            "2016-09-01-preview"
          ]
        },
        "properties": {
          "oneOf": [
            {
              "$ref": "#/definitions/ApplianceProperties"
            },
            {
              "$ref": "https://schema.management.azure.com/schemas/common/definitions.json#/definitions/expression"
            }
          ],
          "description": "The appliance properties."
        },
        "plan": {
          "oneOf": [
            {
              "$ref": "https://schema.management.azure.com/schemas/common/definitions.json#/definitions/resourcePlan"
            },
            {
              "$ref": "https://schema.management.azure.com/schemas/common/definitions.json#/definitions/expression"
            }
          ],
          "description": "The plan information."
        },
        "kind": {
          "oneOf": [
            {
              "type": "string",
              "pattern": "^[-\\w\\._,\\(\\)]+$"
            },
            {
              "$ref": "https://schema.management.azure.com/schemas/common/definitions.json#/definitions/expression"
            }
          ],
          "description": "The kind of the appliance. Allowed values are MarketPlace and ServiceCatalog."
        }
      },
      "required": [
        "type",
        "apiVersion",
        "properties"
      ],
      "description": "Microsoft.Solutions/appliances"
    }
  },
  "definitions": {
    "ApplianceArtifact": {
      "type": "object",
      "properties": {
        "name": {
          "type": "string",
          "description": "The appliance artifact name."
        },
        "uri": {
          "type": "string",
          "description": "The appliance artifact blob uri."
        },
        "type": {
          "type": "string",
          "enum": [
            "Template",
            "Custom"
          ],
          "description": "The the appliance artifact type."
        }
      },
      "description": "Appliance artifact."
    },
    "ApplianceDefinitionProperties": {
      "type": "object",
      "properties": {
        "lockLevel": {
          "oneOf": [
            {
              "type": "string",
              "enum": [
                "CanNotDelete",
                "ReadOnly",
                "None"
              ]
            },
            {
              "$ref": "https://schema.management.azure.com/schemas/common/definitions.json#/definitions/expression"
            }
          ],
          "description": "The appliance lock level."
        },
        "displayName": {
          "type": "string",
          "description": "The appliance definition display name."
        },
        "authorizations": {
          "oneOf": [
            {
              "type": "array",
              "items": {
                "$ref": "#/definitions/ApplianceProviderAuthorization"
              }
            },
            {
              "$ref": "https://schema.management.azure.com/schemas/common/definitions.json#/definitions/expression"
            }
          ],
          "description": "The appliance provider authorizations."
        },
        "artifacts": {
          "oneOf": [
            {
              "type": "array",
              "items": {
                "$ref": "#/definitions/ApplianceArtifact"
              }
            },
            {
              "$ref": "https://schema.management.azure.com/schemas/common/definitions.json#/definitions/expression"
            }
          ],
          "description": "The collection of appliance artifacts. The portal will use the files specified as artifacts to construct the user experience of creating an appliance from an appliance definition."
        },
        "description": {
          "type": "string",
          "description": "The appliance definition description."
        },
        "packageFileUri": {
          "type": "string",
          "description": "The appliance definition package file Uri."
        }
      },
      "required": [
        "lockLevel",
        "authorizations",
        "packageFileUri"
      ],
      "description": "The appliance definition properties."
    },
    "ApplianceProperties": {
      "type": "object",
      "properties": {
        "managedResourceGroupId": {
          "type": "string",
          "description": "The managed resource group Id."
        },
        "applianceDefinitionId": {
          "type": "string",
          "description": "The fully qualified path of appliance definition Id."
        },
        "parameters": {
          "oneOf": [
            {
              "type": "object"
            },
            {
              "$ref": "https://schema.management.azure.com/schemas/common/definitions.json#/definitions/expression"
            }
          ],
          "description": "Name and value pairs that define the appliance parameters. It can be a JObject or a well formed JSON string."
        },
        "uiDefinitionUri": {
          "type": "string",
          "description": "The blob URI where the UI definition file is located."
        }
      },
      "required": [
        "managedResourceGroupId"
      ],
      "description": "The appliance properties."
    },
    "ApplianceProviderAuthorization": {
      "type": "object",
      "properties": {
        "principalId": {
          "type": "string",
          "description": "The provider's principal identifier. This is the identity that the provider will use to call ARM to manage the appliance resources."
        },
        "roleDefinitionId": {
          "type": "string",
          "description": "The provider's role definition identifier. This role will define all the permissions that the provider must have on the appliance's container resource group. This role definition cannot have permission to delete the resource group."
        }
      },
      "required": [
        "principalId",
        "roleDefinitionId"
      ],
      "description": "The appliance provider authorization."
    }
  }
}
