{
  "id": "https://schema.management.azure.com/schemas/2019-10-01/Microsoft.AppConfiguration.json#",
  "$schema": "http://json-schema.org/draft-04/schema#",
  "title": "Microsoft.AppConfiguration",
  "description": "Microsoft AppConfiguration Resource Types",
  "resourceDefinitions": {
    "configurationStores": {
      "type": "object",
      "properties": {
        "apiVersion": {
          "type": "string",
          "enum": [
            "2019-10-01"
          ]
        },
        "identity": {
          "oneOf": [
            {
              "$ref": "#/definitions/ResourceIdentity"
            },
            {
              "$ref": "https://schema.management.azure.com/schemas/common/definitions.json#/definitions/expression"
            }
          ]
        },
        "location": {
          "type": "string",
          "description": "The location of the resource. This cannot be changed after the resource is created."
        },
        "name": {
          "oneOf": [
            {
              "type": "string",
              "pattern": "^[a-zA-Z0-9_-]*$",
              "minLength": 5,
              "maxLength": 50
            },
            {
              "$ref": "https://schema.management.azure.com/schemas/common/definitions.json#/definitions/expression"
            }
          ],
          "description": "The name of the configuration store."
        },
        "properties": {
          "oneOf": [
            {
              "$ref": "#/definitions/ConfigurationStoreProperties"
            },
            {
              "$ref": "https://schema.management.azure.com/schemas/common/definitions.json#/definitions/expression"
            }
          ],
          "description": "The properties of a configuration store."
        },
        "sku": {
          "oneOf": [
            {
              "$ref": "#/definitions/Sku"
            },
            {
              "$ref": "https://schema.management.azure.com/schemas/common/definitions.json#/definitions/expression"
            }
          ],
          "description": "Describes a configuration store SKU."
        },
        "tags": {
          "oneOf": [
            {
              "type": "object",
              "additionalProperties": {
                "type": "string"
              },
              "properties": {}
            },
            {
              "$ref": "https://schema.management.azure.com/schemas/common/definitions.json#/definitions/expression"
            }
          ],
          "description": "The tags of the resource."
        },
        "type": {
          "type": "string",
          "enum": [
            "Microsoft.AppConfiguration/configurationStores"
          ]
        }
      },
      "required": [
        "apiVersion",
        "location",
        "name",
        "properties",
        "sku",
        "type"
      ],
      "description": "Microsoft.AppConfiguration/configurationStores"
    }
  },
  "definitions": {
    "ConfigurationStoreProperties": {
      "type": "object",
      "properties": {},
      "description": "The properties of a configuration store."
    },
    "ResourceIdentity": {
      "type": "object",
      "properties": {
        "type": {
          "oneOf": [
            {
              "type": "string",
              "enum": [
                "None",
                "SystemAssigned",
                "UserAssigned",
                "SystemAssigned, UserAssigned"
              ]
            },
            {
              "$ref": "https://schema.management.azure.com/schemas/common/definitions.json#/definitions/expression"
            }
          ],
          "description": "The type of managed identity used. The type 'SystemAssigned, UserAssigned' includes both an implicitly created identity and a set of user-assigned identities. The type 'None' will remove any identities."
        },
        "userAssignedIdentities": {
          "oneOf": [
            {
              "type": "object",
              "additionalProperties": {
                "$ref": "#/definitions/UserIdentity"
              },
              "properties": {}
            },
            {
              "$ref": "https://schema.management.azure.com/schemas/common/definitions.json#/definitions/expression"
            }
          ],
          "description": "The list of user-assigned identities associated with the resource. The user-assigned identity dictionary keys will be ARM resource ids in the form: '/subscriptions/{subscriptionId}/resourceGroups/{resourceGroupName}/providers/Microsoft.ManagedIdentity/userAssignedIdentities/{identityName}'."
        }
      }
    },
    "Sku": {
      "type": "object",
      "properties": {
        "name": {
          "type": "string",
          "description": "The SKU name of the configuration store."
        }
      },
      "required": [
        "name"
      ],
      "description": "Describes a configuration store SKU."
    },
    "UserIdentity": {
      "type": "object",
      "properties": {}
    }
  }
}