{
  "id": "https://schema.management.azure.com/schemas/2019-03-01/Microsoft.DataBoxEdge.json#",
  "$schema": "http://json-schema.org/draft-04/schema#",
  "title": "Microsoft.DataBoxEdge",
  "description": "Microsoft DataBoxEdge Resource Types",
  "resourceDefinitions": {
    "dataBoxEdgeDevices": {
      "type": "object",
      "properties": {
        "apiVersion": {
          "type": "string",
          "enum": [
            "2019-03-01"
          ]
        },
        "etag": {
          "type": "string",
          "description": "The etag for the devices."
        },
        "location": {
          "type": "string",
          "description": "The location of the device. This is a supported and registered Azure geographical region (for example, West US, East US, or Southeast Asia). The geographical region of a device cannot be changed once it is created, but if an identical geographical region is specified on update, the request will succeed."
        },
        "name": {
          "type": "string",
          "description": "The device name."
        },
        "properties": {
          "oneOf": [
            {
              "$ref": "#/definitions/DataBoxEdgeDeviceProperties"
            },
            {
              "$ref": "https://schema.management.azure.com/schemas/common/definitions.json#/definitions/expression"
            }
          ],
          "description": "The properties of the Data Box Edge/Gateway device."
        },
        "resources": {
          "type": "array",
          "items": {
            "oneOf": [
              {
                "$ref": "#/definitions/dataBoxEdgeDevices_bandwidthSchedules_childResource"
              },
              {
                "$ref": "#/definitions/dataBoxEdgeDevices_orders_childResource"
              },
              {
                "$ref": "#/definitions/dataBoxEdgeDevices_roles_childResource"
              },
              {
                "$ref": "#/definitions/dataBoxEdgeDevices_shares_childResource"
              },
              {
                "$ref": "#/definitions/dataBoxEdgeDevices_storageAccountCredentials_childResource"
              },
              {
                "$ref": "#/definitions/dataBoxEdgeDevices_triggers_childResource"
              },
              {
                "$ref": "#/definitions/dataBoxEdgeDevices_users_childResource"
              }
            ]
          }
        },
        "sku": {
          "oneOf": [
            {
              "$ref": "#/definitions/Sku"
            },
            {
              "$ref": "https://schema.management.azure.com/schemas/common/definitions.json#/definitions/expression"
            }
          ],
          "description": "The SKU type."
        },
        "tags": {
          "oneOf": [
            {
              "type": "object",
              "additionalProperties": {
                "type": "string"
              },
              "properties": {}
            },
            {
              "$ref": "https://schema.management.azure.com/schemas/common/definitions.json#/definitions/expression"
            }
          ],
          "description": "The list of tags that describe the device. These tags can be used to view and group this device (across resource groups)."
        },
        "type": {
          "type": "string",
          "enum": [
            "Microsoft.DataBoxEdge/dataBoxEdgeDevices"
          ]
        }
      },
      "required": [
        "apiVersion",
        "location",
        "name",
        "properties",
        "type"
      ],
      "description": "Microsoft.DataBoxEdge/dataBoxEdgeDevices"
    },
    "dataBoxEdgeDevices_bandwidthSchedules": {
      "type": "object",
      "properties": {
        "apiVersion": {
          "type": "string",
          "enum": [
            "2019-03-01"
          ]
        },
        "name": {
          "type": "string",
          "description": "The bandwidth schedule name which needs to be added/updated."
        },
        "properties": {
          "oneOf": [
            {
              "$ref": "#/definitions/BandwidthScheduleProperties"
            },
            {
              "$ref": "https://schema.management.azure.com/schemas/common/definitions.json#/definitions/expression"
            }
          ],
          "description": "The properties of the bandwidth schedule."
        },
        "type": {
          "type": "string",
          "enum": [
            "Microsoft.DataBoxEdge/dataBoxEdgeDevices/bandwidthSchedules"
          ]
        }
      },
      "required": [
        "apiVersion",
        "name",
        "properties",
        "type"
      ],
      "description": "Microsoft.DataBoxEdge/dataBoxEdgeDevices/bandwidthSchedules"
    },
    "dataBoxEdgeDevices_orders": {
      "type": "object",
      "properties": {
        "apiVersion": {
          "type": "string",
          "enum": [
            "2019-03-01"
          ]
        },
        "name": {
          "oneOf": [
            {
              "type": "string",
              "pattern": "^.*/default$"
            },
            {
              "$ref": "https://schema.management.azure.com/schemas/common/definitions.json#/definitions/expression"
            }
          ]
        },
        "properties": {
          "oneOf": [
            {
              "$ref": "#/definitions/OrderProperties"
            },
            {
              "$ref": "https://schema.management.azure.com/schemas/common/definitions.json#/definitions/expression"
            }
          ],
          "description": "Order properties."
        },
        "type": {
          "type": "string",
          "enum": [
            "Microsoft.DataBoxEdge/dataBoxEdgeDevices/orders"
          ]
        }
      },
      "required": [
        "apiVersion",
        "name",
        "properties",
        "type"
      ],
      "description": "Microsoft.DataBoxEdge/dataBoxEdgeDevices/orders"
    },
    "dataBoxEdgeDevices_roles": {
      "type": "object",
      "oneOf": [
        {
          "$ref": "#/definitions/IoTRole"
        }
      ],
      "properties": {
        "apiVersion": {
          "type": "string",
          "enum": [
            "2019-03-01"
          ]
        },
        "name": {
          "type": "string",
          "description": "The role name."
        },
        "type": {
          "type": "string",
          "enum": [
            "Microsoft.DataBoxEdge/dataBoxEdgeDevices/roles"
          ]
        }
      },
      "required": [
        "apiVersion",
        "name",
        "type"
      ],
      "description": "Microsoft.DataBoxEdge/dataBoxEdgeDevices/roles"
    },
    "dataBoxEdgeDevices_shares": {
      "type": "object",
      "properties": {
        "apiVersion": {
          "type": "string",
          "enum": [
            "2019-03-01"
          ]
        },
        "name": {
          "type": "string",
          "description": "The share name."
        },
        "properties": {
          "oneOf": [
            {
              "$ref": "#/definitions/ShareProperties"
            },
            {
              "$ref": "https://schema.management.azure.com/schemas/common/definitions.json#/definitions/expression"
            }
          ],
          "description": "The share properties."
        },
        "type": {
          "type": "string",
          "enum": [
            "Microsoft.DataBoxEdge/dataBoxEdgeDevices/shares"
          ]
        }
      },
      "required": [
        "apiVersion",
        "name",
        "properties",
        "type"
      ],
      "description": "Microsoft.DataBoxEdge/dataBoxEdgeDevices/shares"
    },
    "dataBoxEdgeDevices_storageAccountCredentials": {
      "type": "object",
      "properties": {
        "apiVersion": {
          "type": "string",
          "enum": [
            "2019-03-01"
          ]
        },
        "name": {
          "type": "string",
          "description": "The storage account credential name."
        },
        "properties": {
          "oneOf": [
            {
              "$ref": "#/definitions/StorageAccountCredentialProperties"
            },
            {
              "$ref": "https://schema.management.azure.com/schemas/common/definitions.json#/definitions/expression"
            }
          ],
          "description": "The storage account credential properties."
        },
        "type": {
          "type": "string",
          "enum": [
            "Microsoft.DataBoxEdge/dataBoxEdgeDevices/storageAccountCredentials"
          ]
        }
      },
      "required": [
        "apiVersion",
        "name",
        "properties",
        "type"
      ],
      "description": "Microsoft.DataBoxEdge/dataBoxEdgeDevices/storageAccountCredentials"
    },
    "dataBoxEdgeDevices_triggers": {
      "type": "object",
      "oneOf": [
        {
          "$ref": "#/definitions/FileEventTrigger"
        },
        {
          "$ref": "#/definitions/PeriodicTimerEventTrigger"
        }
      ],
      "properties": {
        "apiVersion": {
          "type": "string",
          "enum": [
            "2019-03-01"
          ]
        },
        "name": {
          "type": "string",
          "description": "The trigger name."
        },
        "type": {
          "type": "string",
          "enum": [
            "Microsoft.DataBoxEdge/dataBoxEdgeDevices/triggers"
          ]
        }
      },
      "required": [
        "apiVersion",
        "name",
        "type"
      ],
      "description": "Microsoft.DataBoxEdge/dataBoxEdgeDevices/triggers"
    },
    "dataBoxEdgeDevices_users": {
      "type": "object",
      "properties": {
        "apiVersion": {
          "type": "string",
          "enum": [
            "2019-03-01"
          ]
        },
        "name": {
          "type": "string",
          "description": "The user name."
        },
        "properties": {
          "oneOf": [
            {
              "$ref": "#/definitions/UserProperties"
            },
            {
              "$ref": "https://schema.management.azure.com/schemas/common/definitions.json#/definitions/expression"
            }
          ],
          "description": "The user properties."
        },
        "type": {
          "type": "string",
          "enum": [
            "Microsoft.DataBoxEdge/dataBoxEdgeDevices/users"
          ]
        }
      },
      "required": [
        "apiVersion",
        "name",
        "properties",
        "type"
      ],
      "description": "Microsoft.DataBoxEdge/dataBoxEdgeDevices/users"
    }
  },
  "definitions": {
    "Address": {
      "type": "object",
      "properties": {
        "addressLine1": {
          "type": "string",
          "description": "The address line1."
        },
        "addressLine2": {
          "type": "string",
          "description": "The address line1."
        },
        "addressLine3": {
          "type": "string",
          "description": "The address line1."
        },
        "city": {
          "type": "string",
          "description": "The city name."
        },
        "country": {
          "type": "string",
          "description": "The country name."
        },
        "postalCode": {
          "type": "string",
          "description": "The postal code."
        },
        "state": {
          "type": "string",
          "description": "The state name."
        }
      },
      "required": [
        "addressLine1",
        "city",
        "country",
        "postalCode",
        "state"
      ],
      "description": "The shipping address of the customer."
    },
    "AsymmetricEncryptedSecret": {
      "type": "object",
      "properties": {
        "encryptionAlgorithm": {
          "oneOf": [
            {
              "type": "string",
              "enum": [
                "None",
                "AES256",
                "RSAES_PKCS1_v_1_5"
              ]
            },
            {
              "$ref": "https://schema.management.azure.com/schemas/common/definitions.json#/definitions/expression"
            }
          ],
          "description": "The algorithm used to encrypt \"Value\"."
        },
        "encryptionCertThumbprint": {
          "type": "string",
          "description": "Thumbprint certificate used to encrypt \\\"Value\\\". If the value is unencrypted, it will be null."
        },
        "value": {
          "type": "string",
          "description": "The value of the secret."
        }
      },
      "required": [
        "encryptionAlgorithm",
        "value"
      ],
      "description": "Represent the secrets intended for encryption with asymmetric key pair."
    },
    "Authentication": {
      "type": "object",
      "properties": {
        "symmetricKey": {
          "oneOf": [
            {
              "$ref": "#/definitions/SymmetricKey"
            },
            {
              "$ref": "https://schema.management.azure.com/schemas/common/definitions.json#/definitions/expression"
            }
          ],
          "description": "Symmetric key for authentication."
        }
      },
      "description": "Authentication mechanism for IoT devices."
    },
    "AzureContainerInfo": {
      "type": "object",
      "properties": {
        "containerName": {
          "type": "string",
          "description": "Container name (Based on the data format specified, this represents the name of Azure Files/Page blob/Block blob)."
        },
        "dataFormat": {
          "oneOf": [
            {
              "type": "string",
              "enum": [
                "BlockBlob",
                "PageBlob",
                "AzureFile"
              ]
            },
            {
              "$ref": "https://schema.management.azure.com/schemas/common/definitions.json#/definitions/expression"
            }
          ],
          "description": "Storage format used for the file represented by the share."
        },
        "storageAccountCredentialId": {
          "type": "string",
          "description": "ID of the storage account credential used to access storage."
        }
      },
      "required": [
        "containerName",
        "dataFormat",
        "storageAccountCredentialId"
      ],
      "description": "Azure container mapping of the endpoint."
    },
    "BandwidthScheduleProperties": {
      "type": "object",
      "properties": {
        "days": {
          "oneOf": [
            {
              "type": "array",
              "items": {
                "type": "string",
                "enum": [
                  "Sunday",
                  "Monday",
                  "Tuesday",
                  "Wednesday",
                  "Thursday",
                  "Friday",
                  "Saturday"
                ]
              }
            },
            {
              "$ref": "https://schema.management.azure.com/schemas/common/definitions.json#/definitions/expression"
            }
          ],
          "description": "The days of the week when this schedule is applicable."
        },
        "rateInMbps": {
          "oneOf": [
            {
              "type": "integer"
            },
            {
              "$ref": "https://schema.management.azure.com/schemas/common/definitions.json#/definitions/expression"
            }
          ],
          "description": "The bandwidth rate in Mbps."
        },
        "start": {
          "type": "string",
          "description": "The start time of the schedule in UTC."
        },
        "stop": {
          "type": "string",
          "description": "The stop time of the schedule in UTC."
        }
      },
      "required": [
        "days",
        "rateInMbps",
        "start",
        "stop"
      ],
      "description": "The properties of the bandwidth schedule."
    },
    "ClientAccessRight": {
      "type": "object",
      "properties": {
        "accessPermission": {
          "oneOf": [
            {
              "type": "string",
              "enum": [
                "NoAccess",
                "ReadOnly",
                "ReadWrite"
              ]
            },
            {
              "$ref": "https://schema.management.azure.com/schemas/common/definitions.json#/definitions/expression"
            }
          ],
          "description": "Type of access to be allowed for the client."
        },
        "client": {
          "type": "string",
          "description": "IP of the client."
        }
      },
      "required": [
        "accessPermission",
        "client"
      ],
      "description": "The mapping between a particular client IP and the type of access client has on the NFS share."
    },
    "ContactDetails": {
      "type": "object",
      "properties": {
        "companyName": {
          "type": "string",
          "description": "The name of the company."
        },
        "contactPerson": {
          "type": "string",
          "description": "The contact person name."
        },
        "emailList": {
          "oneOf": [
            {
              "type": "array",
              "items": {
                "type": "string"
              }
            },
            {
              "$ref": "https://schema.management.azure.com/schemas/common/definitions.json#/definitions/expression"
            }
          ],
          "description": "The email list."
        },
        "phone": {
          "type": "string",
          "description": "The phone number."
        }
      },
      "required": [
        "companyName",
        "contactPerson",
        "emailList",
        "phone"
      ],
      "description": "Contains all the contact details of the customer."
    },
    "DataBoxEdgeDeviceProperties": {
      "type": "object",
      "properties": {
        "dataBoxEdgeDeviceStatus": {
          "oneOf": [
            {
              "type": "string",
              "enum": [
                "ReadyToSetup",
                "Online",
                "Offline",
                "NeedsAttention",
                "Disconnected",
                "PartiallyDisconnected"
              ]
            },
            {
              "$ref": "https://schema.management.azure.com/schemas/common/definitions.json#/definitions/expression"
            }
          ],
          "description": "The status of the Data Box Edge/Gateway device."
        },
        "description": {
          "type": "string",
          "description": "The Description of the Data Box Edge/Gateway device."
        },
        "friendlyName": {
          "type": "string",
          "description": "The Data Box Edge/Gateway device name."
        },
        "modelDescription": {
          "type": "string",
          "description": "The description of the Data Box Edge/Gateway device model."
        }
      },
      "description": "The properties of the Data Box Edge/Gateway device."
    },
    "dataBoxEdgeDevices_bandwidthSchedules_childResource": {
      "type": "object",
      "properties": {
        "apiVersion": {
          "type": "string",
          "enum": [
            "2019-03-01"
          ]
        },
        "name": {
          "type": "string",
          "description": "The bandwidth schedule name which needs to be added/updated."
        },
        "properties": {
          "oneOf": [
            {
              "$ref": "#/definitions/BandwidthScheduleProperties"
            },
            {
              "$ref": "https://schema.management.azure.com/schemas/common/definitions.json#/definitions/expression"
            }
          ],
          "description": "The properties of the bandwidth schedule."
        },
        "type": {
          "type": "string",
          "enum": [
            "bandwidthSchedules"
          ]
        }
      },
      "required": [
        "apiVersion",
        "name",
        "properties",
        "type"
      ],
      "description": "Microsoft.DataBoxEdge/dataBoxEdgeDevices/bandwidthSchedules"
    },
    "dataBoxEdgeDevices_orders_childResource": {
      "type": "object",
      "properties": {
        "apiVersion": {
          "type": "string",
          "enum": [
            "2019-03-01"
          ]
        },
        "name": {
          "type": "string",
          "enum": [
            "default"
          ]
        },
        "properties": {
          "oneOf": [
            {
              "$ref": "#/definitions/OrderProperties"
            },
            {
              "$ref": "https://schema.management.azure.com/schemas/common/definitions.json#/definitions/expression"
            }
          ],
          "description": "Order properties."
        },
        "type": {
          "type": "string",
          "enum": [
            "orders"
          ]
        }
      },
      "required": [
        "apiVersion",
        "name",
        "properties",
        "type"
      ],
      "description": "Microsoft.DataBoxEdge/dataBoxEdgeDevices/orders"
    },
    "dataBoxEdgeDevices_roles_childResource": {
      "type": "object",
      "oneOf": [
        {
          "$ref": "#/definitions/IoTRole"
        }
      ],
      "properties": {
        "apiVersion": {
          "type": "string",
          "enum": [
            "2019-03-01"
          ]
        },
        "name": {
          "type": "string",
          "description": "The role name."
        },
        "type": {
          "type": "string",
          "enum": [
            "roles"
          ]
        }
      },
      "required": [
        "apiVersion",
        "name",
        "type"
      ],
      "description": "Microsoft.DataBoxEdge/dataBoxEdgeDevices/roles"
    },
    "dataBoxEdgeDevices_shares_childResource": {
      "type": "object",
      "properties": {
        "apiVersion": {
          "type": "string",
          "enum": [
            "2019-03-01"
          ]
        },
        "name": {
          "type": "string",
          "description": "The share name."
        },
        "properties": {
          "oneOf": [
            {
              "$ref": "#/definitions/ShareProperties"
            },
            {
              "$ref": "https://schema.management.azure.com/schemas/common/definitions.json#/definitions/expression"
            }
          ],
          "description": "The share properties."
        },
        "type": {
          "type": "string",
          "enum": [
            "shares"
          ]
        }
      },
      "required": [
        "apiVersion",
        "name",
        "properties",
        "type"
      ],
      "description": "Microsoft.DataBoxEdge/dataBoxEdgeDevices/shares"
    },
    "dataBoxEdgeDevices_storageAccountCredentials_childResource": {
      "type": "object",
      "properties": {
        "apiVersion": {
          "type": "string",
          "enum": [
            "2019-03-01"
          ]
        },
        "name": {
          "type": "string",
          "description": "The storage account credential name."
        },
        "properties": {
          "oneOf": [
            {
              "$ref": "#/definitions/StorageAccountCredentialProperties"
            },
            {
              "$ref": "https://schema.management.azure.com/schemas/common/definitions.json#/definitions/expression"
            }
          ],
          "description": "The storage account credential properties."
        },
        "type": {
          "type": "string",
          "enum": [
            "storageAccountCredentials"
          ]
        }
      },
      "required": [
        "apiVersion",
        "name",
        "properties",
        "type"
      ],
      "description": "Microsoft.DataBoxEdge/dataBoxEdgeDevices/storageAccountCredentials"
    },
    "dataBoxEdgeDevices_triggers_childResource": {
      "type": "object",
      "oneOf": [
        {
          "$ref": "#/definitions/FileEventTrigger"
        },
        {
          "$ref": "#/definitions/PeriodicTimerEventTrigger"
        }
      ],
      "properties": {
        "apiVersion": {
          "type": "string",
          "enum": [
            "2019-03-01"
          ]
        },
        "name": {
          "type": "string",
          "description": "The trigger name."
        },
        "type": {
          "type": "string",
          "enum": [
            "triggers"
          ]
        }
      },
      "required": [
        "apiVersion",
        "name",
        "type"
      ],
      "description": "Microsoft.DataBoxEdge/dataBoxEdgeDevices/triggers"
    },
    "dataBoxEdgeDevices_users_childResource": {
      "type": "object",
      "properties": {
        "apiVersion": {
          "type": "string",
          "enum": [
            "2019-03-01"
          ]
        },
        "name": {
          "type": "string",
          "description": "The user name."
        },
        "properties": {
          "oneOf": [
            {
              "$ref": "#/definitions/UserProperties"
            },
            {
              "$ref": "https://schema.management.azure.com/schemas/common/definitions.json#/definitions/expression"
            }
          ],
          "description": "The user properties."
        },
        "type": {
          "type": "string",
          "enum": [
            "users"
          ]
        }
      },
      "required": [
        "apiVersion",
        "name",
        "properties",
        "type"
      ],
      "description": "Microsoft.DataBoxEdge/dataBoxEdgeDevices/users"
    },
    "FileEventTrigger": {
      "type": "object",
      "properties": {
        "kind": {
          "type": "string",
          "enum": [
            "FileEvent"
          ]
        },
        "properties": {
          "oneOf": [
            {
              "$ref": "#/definitions/FileTriggerProperties"
            },
            {
              "$ref": "https://schema.management.azure.com/schemas/common/definitions.json#/definitions/expression"
            }
          ],
          "description": "File trigger properties."
        }
      },
      "required": [
        "kind",
        "properties"
      ],
      "description": "Trigger details."
    },
    "FileSourceInfo": {
      "type": "object",
      "properties": {
        "shareId": {
          "type": "string",
          "description": "File share ID."
        }
      },
      "required": [
        "shareId"
      ],
      "description": "File source details."
    },
    "FileTriggerProperties": {
      "type": "object",
      "properties": {
        "customContextTag": {
          "type": "string",
          "description": "A custom context tag typically used to correlate the trigger against its usage. For example, if a periodic timer trigger is intended for certain specific IoT modules in the device, the tag can be the name or the image URL of the module."
        },
        "sinkInfo": {
          "oneOf": [
            {
              "$ref": "#/definitions/RoleSinkInfo"
            },
            {
              "$ref": "https://schema.management.azure.com/schemas/common/definitions.json#/definitions/expression"
            }
          ],
          "description": "Compute role against which events will be raised."
        },
        "sourceInfo": {
          "oneOf": [
            {
              "$ref": "#/definitions/FileSourceInfo"
            },
            {
              "$ref": "https://schema.management.azure.com/schemas/common/definitions.json#/definitions/expression"
            }
          ],
          "description": "File source details."
        }
      },
      "required": [
        "sinkInfo",
        "sourceInfo"
      ],
      "description": "File trigger properties."
    },
    "IoTDeviceInfo": {
      "type": "object",
      "properties": {
        "authentication": {
          "oneOf": [
            {
              "$ref": "#/definitions/Authentication"
            },
            {
              "$ref": "https://schema.management.azure.com/schemas/common/definitions.json#/definitions/expression"
            }
          ],
          "description": "Authentication mechanism for IoT devices."
        },
        "deviceId": {
          "type": "string",
          "description": "ID of the IoT device/edge device."
        },
        "ioTHostHub": {
          "type": "string",
          "description": "Host name for the IoT hub associated to the device."
        }
      },
      "required": [
        "deviceId",
        "ioTHostHub"
      ],
      "description": "Metadata of IoT device/IoT Edge device to be configured."
    },
    "IoTRole": {
      "type": "object",
      "properties": {
        "kind": {
          "type": "string",
          "enum": [
            "IOT"
          ]
        },
        "properties": {
          "oneOf": [
            {
              "$ref": "#/definitions/IoTRoleProperties"
            },
            {
              "$ref": "https://schema.management.azure.com/schemas/common/definitions.json#/definitions/expression"
            }
          ],
          "description": "IoT role properties."
        }
      },
      "required": [
        "kind"
      ],
      "description": "Compute role."
    },
    "IoTRoleProperties": {
      "type": "object",
      "properties": {
        "hostPlatform": {
          "oneOf": [
            {
              "type": "string",
              "enum": [
                "Windows",
                "Linux"
              ]
            },
            {
              "$ref": "https://schema.management.azure.com/schemas/common/definitions.json#/definitions/expression"
            }
          ],
          "description": "Host OS supported by the IoT role."
        },
        "ioTDeviceDetails": {
          "oneOf": [
            {
              "$ref": "#/definitions/IoTDeviceInfo"
            },
            {
              "$ref": "https://schema.management.azure.com/schemas/common/definitions.json#/definitions/expression"
            }
          ],
          "description": "Metadata of IoT device/IoT Edge device to be configured."
        },
        "ioTEdgeDeviceDetails": {
          "oneOf": [
            {
              "$ref": "#/definitions/IoTDeviceInfo"
            },
            {
              "$ref": "https://schema.management.azure.com/schemas/common/definitions.json#/definitions/expression"
            }
          ],
          "description": "Metadata of IoT device/IoT Edge device to be configured."
        },
        "roleStatus": {
          "oneOf": [
            {
              "type": "string",
              "enum": [
                "Enabled",
                "Disabled"
              ]
            },
            {
              "$ref": "https://schema.management.azure.com/schemas/common/definitions.json#/definitions/expression"
            }
          ],
          "description": "Role status."
        },
        "shareMappings": {
          "oneOf": [
            {
              "type": "array",
              "items": {
                "$ref": "#/definitions/MountPointMap"
              }
            },
            {
              "$ref": "https://schema.management.azure.com/schemas/common/definitions.json#/definitions/expression"
            }
          ],
          "description": "Mount points of shares in role(s)."
        }
      },
      "required": [
        "hostPlatform",
        "ioTDeviceDetails",
        "ioTEdgeDeviceDetails",
        "roleStatus"
      ],
      "description": "IoT role properties."
    },
    "MountPointMap": {
      "type": "object",
      "properties": {
        "shareId": {
          "type": "string",
          "description": "ID of the share mounted to the role VM."
        }
      },
      "required": [
        "shareId"
      ],
      "description": "The share mount point."
    },
    "OrderProperties": {
      "type": "object",
      "properties": {
        "contactInformation": {
          "oneOf": [
            {
              "$ref": "#/definitions/ContactDetails"
            },
            {
              "$ref": "https://schema.management.azure.com/schemas/common/definitions.json#/definitions/expression"
            }
          ],
          "description": "Contains all the contact details of the customer."
        },
        "currentStatus": {
          "oneOf": [
            {
              "$ref": "#/definitions/OrderStatus"
            },
            {
              "$ref": "https://schema.management.azure.com/schemas/common/definitions.json#/definitions/expression"
            }
          ],
          "description": "Represents a single status change."
        },
        "shippingAddress": {
          "oneOf": [
            {
              "$ref": "#/definitions/Address"
            },
            {
              "$ref": "https://schema.management.azure.com/schemas/common/definitions.json#/definitions/expression"
            }
          ],
          "description": "The shipping address of the customer."
        }
      },
      "required": [
        "contactInformation",
        "shippingAddress"
      ],
      "description": "Order properties."
    },
    "OrderStatus": {
      "type": "object",
      "properties": {
        "comments": {
          "type": "string",
          "description": "Comments related to this status change."
        },
        "status": {
          "oneOf": [
            {
              "type": "string",
              "enum": [
                "Untracked",
                "AwaitingFulfilment",
                "AwaitingPreparation",
                "AwaitingShipment",
                "Shipped",
                "Arriving",
                "Delivered",
                "ReplacementRequested",
                "LostDevice",
                "Declined",
                "ReturnInitiated",
                "AwaitingReturnShipment",
                "ShippedBack",
                "CollectedAtMicrosoft"
              ]
            },
            {
              "$ref": "https://schema.management.azure.com/schemas/common/definitions.json#/definitions/expression"
            }
          ],
          "description": "Status of the order as per the allowed status types."
        }
      },
      "required": [
        "status"
      ],
      "description": "Represents a single status change."
    },
    "PeriodicTimerEventTrigger": {
      "type": "object",
      "properties": {
        "kind": {
          "type": "string",
          "enum": [
            "PeriodicTimerEvent"
          ]
        },
        "properties": {
          "oneOf": [
            {
              "$ref": "#/definitions/PeriodicTimerProperties"
            },
            {
              "$ref": "https://schema.management.azure.com/schemas/common/definitions.json#/definitions/expression"
            }
          ],
          "description": "Periodic timer trigger properties."
        }
      },
      "required": [
        "kind",
        "properties"
      ],
      "description": "Trigger details."
    },
    "PeriodicTimerProperties": {
      "type": "object",
      "properties": {
        "customContextTag": {
          "type": "string",
          "description": "A custom context tag typically used to correlate the trigger against its usage. For example, if a periodic timer trigger is intended for certain specific IoT modules in the device, the tag can be the name or the image URL of the module."
        },
        "sinkInfo": {
          "oneOf": [
            {
              "$ref": "#/definitions/RoleSinkInfo"
            },
            {
              "$ref": "https://schema.management.azure.com/schemas/common/definitions.json#/definitions/expression"
            }
          ],
          "description": "Compute role against which events will be raised."
        },
        "sourceInfo": {
          "oneOf": [
            {
              "$ref": "#/definitions/PeriodicTimerSourceInfo"
            },
            {
              "$ref": "https://schema.management.azure.com/schemas/common/definitions.json#/definitions/expression"
            }
          ],
          "description": "Periodic timer event source."
        }
      },
      "required": [
        "sinkInfo",
        "sourceInfo"
      ],
      "description": "Periodic timer trigger properties."
    },
    "PeriodicTimerSourceInfo": {
      "type": "object",
      "properties": {
        "schedule": {
          "type": "string",
          "description": "Periodic frequency at which timer event needs to be raised. Supports daily, hourly, minutes, and seconds."
        },
        "startTime": {
          "type": "string",
          "format": "date-time",
          "description": "The time of the day that results in a valid trigger. Schedule is computed with reference to the time specified up to seconds. If timezone is not specified the time will considered to be in device timezone. The value will always be returned as UTC time."
        },
        "topic": {
          "type": "string",
          "description": "Topic where periodic events are published to IoT device."
        }
      },
      "required": [
        "schedule",
        "startTime"
      ],
      "description": "Periodic timer event source."
    },
    "RefreshDetails": {
      "type": "object",
      "properties": {
        "errorManifestFile": {
          "type": "string",
          "description": "Indicates the relative path of the error xml for the last refresh job on this particular share, if any. This could be a failed job or a successful job."
        },
        "inProgressRefreshJobId": {
          "type": "string",
          "description": "If a refresh share job is currently in progress on this share, this field indicates the ARM resource ID of that job. The field is empty if no job is in progress."
        },
        "lastCompletedRefreshJobTimeInUTC": {
          "type": "string",
          "format": "date-time",
          "description": "Indicates the completed time for the last refresh job on this particular share, if any.This could be a failed job or a successful job."
        },
        "lastJob": {
          "type": "string",
          "description": "Indicates the id of the last refresh job on this particular share,if any. This could be a failed job or a successful job."
        }
      },
      "description": "Fields for tracking refresh job on the share."
    },
    "RoleSinkInfo": {
      "type": "object",
      "properties": {
        "roleId": {
          "type": "string",
          "description": "Compute role ID."
        }
      },
      "required": [
        "roleId"
      ],
      "description": "Compute role against which events will be raised."
    },
    "ShareAccessRight": {
      "type": "object",
      "properties": {
        "accessType": {
          "oneOf": [
            {
              "type": "string",
              "enum": [
                "Change",
                "Read",
                "Custom"
              ]
            },
            {
              "$ref": "https://schema.management.azure.com/schemas/common/definitions.json#/definitions/expression"
            }
          ],
          "description": "Type of access to be allowed on the share for this user."
        },
        "shareId": {
          "type": "string",
          "description": "The share ID."
        }
      },
      "required": [
        "accessType",
        "shareId"
      ],
      "description": "Specifies the mapping between this particular user and the type of access he has on shares on this device."
    },
    "ShareProperties": {
      "type": "object",
      "properties": {
        "accessProtocol": {
          "oneOf": [
            {
              "type": "string",
              "enum": [
                "SMB",
                "NFS"
              ]
            },
            {
              "$ref": "https://schema.management.azure.com/schemas/common/definitions.json#/definitions/expression"
            }
          ],
          "description": "Access protocol to be used by the share."
        },
        "azureContainerInfo": {
          "oneOf": [
            {
              "$ref": "#/definitions/AzureContainerInfo"
            },
            {
              "$ref": "https://schema.management.azure.com/schemas/common/definitions.json#/definitions/expression"
            }
          ],
          "description": "Azure container mapping of the endpoint."
        },
        "clientAccessRights": {
          "oneOf": [
            {
              "type": "array",
              "items": {
                "$ref": "#/definitions/ClientAccessRight"
              }
            },
            {
              "$ref": "https://schema.management.azure.com/schemas/common/definitions.json#/definitions/expression"
            }
          ],
          "description": "List of IP addresses and corresponding access rights on the share(required for NFS protocol)."
        },
        "dataPolicy": {
          "oneOf": [
            {
              "type": "string",
              "enum": [
                "Cloud",
                "Local"
              ]
            },
            {
              "$ref": "https://schema.management.azure.com/schemas/common/definitions.json#/definitions/expression"
            }
          ],
          "description": "Data policy of the share."
        },
        "description": {
          "type": "string",
          "description": "Description for the share."
        },
        "monitoringStatus": {
          "oneOf": [
            {
              "type": "string",
              "enum": [
                "Enabled",
                "Disabled"
              ]
            },
            {
              "$ref": "https://schema.management.azure.com/schemas/common/definitions.json#/definitions/expression"
            }
          ],
          "description": "Current monitoring status of the share."
        },
        "refreshDetails": {
          "oneOf": [
            {
              "$ref": "#/definitions/RefreshDetails"
            },
            {
              "$ref": "https://schema.management.azure.com/schemas/common/definitions.json#/definitions/expression"
            }
          ],
          "description": "Fields for tracking refresh job on the share."
        },
        "shareStatus": {
          "oneOf": [
            {
              "type": "string",
              "enum": [
                "Online",
                "Offline"
              ]
            },
            {
              "$ref": "https://schema.management.azure.com/schemas/common/definitions.json#/definitions/expression"
            }
          ],
          "description": "Current status of the share."
        },
        "userAccessRights": {
          "oneOf": [
            {
              "type": "array",
              "items": {
                "$ref": "#/definitions/UserAccessRight"
              }
            },
            {
              "$ref": "https://schema.management.azure.com/schemas/common/definitions.json#/definitions/expression"
            }
          ],
          "description": "Mapping of users and corresponding access rights on the share (required for SMB protocol)."
        }
      },
      "required": [
        "accessProtocol",
        "monitoringStatus",
        "shareStatus"
      ],
      "description": "The share properties."
    },
    "Sku": {
      "type": "object",
      "properties": {
        "name": {
          "oneOf": [
            {
              "type": "string",
              "enum": [
                "Gateway",
                "Edge"
              ]
            },
            {
              "$ref": "https://schema.management.azure.com/schemas/common/definitions.json#/definitions/expression"
            }
          ],
          "description": "SKU name."
        },
        "tier": {
          "oneOf": [
            {
              "type": "string",
              "enum": [
                "Standard"
              ]
            },
            {
              "$ref": "https://schema.management.azure.com/schemas/common/definitions.json#/definitions/expression"
            }
          ],
          "description": "The SKU tier. This is based on the SKU name."
        }
      },
      "description": "The SKU type."
    },
    "StorageAccountCredentialProperties": {
      "type": "object",
      "properties": {
        "accountKey": {
          "oneOf": [
            {
              "$ref": "#/definitions/AsymmetricEncryptedSecret"
            },
            {
              "$ref": "https://schema.management.azure.com/schemas/common/definitions.json#/definitions/expression"
            }
          ],
          "description": "Represent the secrets intended for encryption with asymmetric key pair."
        },
        "accountType": {
          "oneOf": [
            {
              "type": "string",
              "enum": [
                "GeneralPurposeStorage",
                "BlobStorage"
              ]
            },
            {
              "$ref": "https://schema.management.azure.com/schemas/common/definitions.json#/definitions/expression"
            }
          ],
          "description": "Type of storage accessed on the storage account."
        },
        "alias": {
          "type": "string",
          "description": "Alias for the storage account."
        },
        "blobDomainName": {
          "type": "string",
          "description": "Blob end point for private clouds."
        },
        "connectionString": {
          "type": "string",
          "description": "Connection string for the storage account. Use this string if username and account key are not specified."
        },
        "sslStatus": {
          "oneOf": [
            {
              "type": "string",
              "enum": [
                "Enabled",
                "Disabled"
              ]
            },
            {
              "$ref": "https://schema.management.azure.com/schemas/common/definitions.json#/definitions/expression"
            }
          ],
          "description": "Signifies whether SSL needs to be enabled or not."
        },
        "userName": {
          "type": "string",
          "description": "Username for the storage account."
        }
      },
      "required": [
        "accountType",
        "alias",
        "sslStatus"
      ],
      "description": "The storage account credential properties."
    },
    "SymmetricKey": {
      "type": "object",
      "properties": {
        "connectionString": {
          "oneOf": [
            {
              "$ref": "#/definitions/AsymmetricEncryptedSecret"
            },
            {
              "$ref": "https://schema.management.azure.com/schemas/common/definitions.json#/definitions/expression"
            }
          ],
          "description": "Represent the secrets intended for encryption with asymmetric key pair."
        }
      },
      "description": "Symmetric key for authentication."
    },
    "UserAccessRight": {
      "type": "object",
      "properties": {
        "accessType": {
          "oneOf": [
            {
              "type": "string",
              "enum": [
                "Change",
                "Read",
                "Custom"
              ]
            },
            {
              "$ref": "https://schema.management.azure.com/schemas/common/definitions.json#/definitions/expression"
            }
          ],
          "description": "Type of access to be allowed for the user."
        },
        "userId": {
          "type": "string",
          "description": "User ID (already existing in the device)."
        }
      },
      "required": [
        "accessType",
        "userId"
      ],
      "description": "The mapping between a particular user and the access type on the SMB share."
    },
    "UserProperties": {
      "type": "object",
      "properties": {
        "encryptedPassword": {
          "oneOf": [
            {
              "$ref": "#/definitions/AsymmetricEncryptedSecret"
            },
            {
              "$ref": "https://schema.management.azure.com/schemas/common/definitions.json#/definitions/expression"
            }
          ],
          "description": "Represent the secrets intended for encryption with asymmetric key pair."
        },
        "shareAccessRights": {
          "oneOf": [
            {
              "type": "array",
              "items": {
                "$ref": "#/definitions/ShareAccessRight"
              }
            },
            {
              "$ref": "https://schema.management.azure.com/schemas/common/definitions.json#/definitions/expression"
            }
          ],
          "description": "List of shares that the user has rights on. This field should not be specified during user creation."
        }
      },
      "description": "The user properties."
    }
  }
}