{
  "id": "https://schema.management.azure.com/schemas/2017-05-01-preview/Microsoft.MachineLearningExperimentation.json#",
  "$schema": "http://json-schema.org/draft-04/schema#",
  "title": "Microsoft.MachineLearningExperimentation",
  "description": "Microsoft MachineLearningExperimentation Resource Types",
  "resourceDefinitions": {
    "accounts": {
      "type": "object",
      "properties": {
        "apiVersion": {
          "type": "string",
          "enum": [
            "2017-05-01-preview"
          ]
        },
        "location": {
          "type": "string",
          "description": "The location of the resource. This cannot be changed after the resource is created."
        },
        "name": {
          "oneOf": [
            {
              "type": "string",
              "pattern": "^[a-zA-Z0-9]*$",
              "minLength": 5,
              "maxLength": 50
            },
            {
              "$ref": "https://schema.management.azure.com/schemas/common/definitions.json#/definitions/expression"
            }
          ],
          "description": "The name of the machine learning team account."
        },
        "properties": {
          "oneOf": [
            {
              "$ref": "#/definitions/AccountProperties"
            },
            {
              "$ref": "https://schema.management.azure.com/schemas/common/definitions.json#/definitions/expression"
            }
          ],
          "description": "The properties of a machine learning team account."
        },
        "resources": {
          "type": "array",
          "items": {
            "oneOf": [
              {
                "$ref": "#/definitions/accounts_workspaces_childResource"
              }
            ]
          }
        },
        "tags": {
          "oneOf": [
            {
              "type": "object",
              "additionalProperties": {
                "type": "string"
              },
              "properties": {}
            },
            {
              "$ref": "https://schema.management.azure.com/schemas/common/definitions.json#/definitions/expression"
            }
          ],
          "description": "The tags of the resource."
        },
        "type": {
          "type": "string",
          "enum": [
            "Microsoft.MachineLearningExperimentation/accounts"
          ]
        }
      },
      "required": [
        "apiVersion",
        "location",
        "name",
        "properties",
        "type"
      ],
      "description": "Microsoft.MachineLearningExperimentation/accounts"
    },
    "accounts_workspaces": {
      "type": "object",
      "properties": {
        "apiVersion": {
          "type": "string",
          "enum": [
            "2017-05-01-preview"
          ]
        },
        "location": {
          "type": "string",
          "description": "The location of the resource. This cannot be changed after the resource is created."
        },
        "name": {
          "oneOf": [
            {
              "type": "string",
              "pattern": "^[a-zA-Z0-9]*$",
              "minLength": 5,
              "maxLength": 50
            },
            {
              "$ref": "https://schema.management.azure.com/schemas/common/definitions.json#/definitions/expression"
            }
          ],
          "description": "The name of the machine learning team account workspace."
        },
        "properties": {
          "oneOf": [
            {
              "$ref": "#/definitions/WorkspaceProperties"
            },
            {
              "$ref": "https://schema.management.azure.com/schemas/common/definitions.json#/definitions/expression"
            }
          ],
          "description": "The properties of a machine learning team account workspace."
        },
        "resources": {
          "type": "array",
          "items": {
            "oneOf": [
              {
                "$ref": "#/definitions/accounts_workspaces_projects_childResource"
              }
            ]
          }
        },
        "tags": {
          "oneOf": [
            {
              "type": "object",
              "additionalProperties": {
                "type": "string"
              },
              "properties": {}
            },
            {
              "$ref": "https://schema.management.azure.com/schemas/common/definitions.json#/definitions/expression"
            }
          ],
          "description": "The tags of the resource."
        },
        "type": {
          "type": "string",
          "enum": [
            "Microsoft.MachineLearningExperimentation/accounts/workspaces"
          ]
        }
      },
      "required": [
        "apiVersion",
        "location",
        "name",
        "properties",
        "type"
      ],
      "description": "Microsoft.MachineLearningExperimentation/accounts/workspaces"
    },
    "accounts_workspaces_projects": {
      "type": "object",
      "properties": {
        "apiVersion": {
          "type": "string",
          "enum": [
            "2017-05-01-preview"
          ]
        },
        "location": {
          "type": "string",
          "description": "The location of the resource. This cannot be changed after the resource is created."
        },
        "name": {
          "oneOf": [
            {
              "type": "string",
              "pattern": "^[a-zA-Z0-9]*$",
              "minLength": 5,
              "maxLength": 50
            },
            {
              "$ref": "https://schema.management.azure.com/schemas/common/definitions.json#/definitions/expression"
            }
          ],
          "description": "The name of the machine learning project under a team account workspace."
        },
        "properties": {
          "oneOf": [
            {
              "$ref": "#/definitions/ProjectProperties"
            },
            {
              "$ref": "https://schema.management.azure.com/schemas/common/definitions.json#/definitions/expression"
            }
          ],
          "description": "The properties of a machine learning project."
        },
        "tags": {
          "oneOf": [
            {
              "type": "object",
              "additionalProperties": {
                "type": "string"
              },
              "properties": {}
            },
            {
              "$ref": "https://schema.management.azure.com/schemas/common/definitions.json#/definitions/expression"
            }
          ],
          "description": "The tags of the resource."
        },
        "type": {
          "type": "string",
          "enum": [
            "Microsoft.MachineLearningExperimentation/accounts/workspaces/projects"
          ]
        }
      },
      "required": [
        "apiVersion",
        "location",
        "name",
        "properties",
        "type"
      ],
      "description": "Microsoft.MachineLearningExperimentation/accounts/workspaces/projects"
    }
  },
  "definitions": {
    "AccountProperties": {
      "type": "object",
      "properties": {
        "description": {
          "type": "string",
          "description": "The description of this workspace."
        },
        "friendlyName": {
          "type": "string",
          "description": "The friendly name for this workspace. This will be the workspace name in the arm id when the workspace object gets created"
        },
        "keyVaultId": {
          "type": "string",
          "description": "The fully qualified arm id of the user key vault."
        },
        "seats": {
          "type": "string",
          "description": "The no of users/seats who can access this team account. This property defines the charge on the team account."
        },
        "storageAccount": {
          "oneOf": [
            {
              "$ref": "#/definitions/StorageAccountProperties"
            },
            {
              "$ref": "https://schema.management.azure.com/schemas/common/definitions.json#/definitions/expression"
            }
          ],
          "description": "The properties of a storage account for a machine learning team account."
        },
        "vsoAccountId": {
          "type": "string",
          "description": "The fully qualified arm id of the vso account to be used for this team account."
        }
      },
      "required": [
        "keyVaultId",
        "storageAccount",
        "vsoAccountId"
      ],
      "description": "The properties of a machine learning team account."
    },
    "accounts_workspaces_childResource": {
      "type": "object",
      "properties": {
        "apiVersion": {
          "type": "string",
          "enum": [
            "2017-05-01-preview"
          ]
        },
        "location": {
          "type": "string",
          "description": "The location of the resource. This cannot be changed after the resource is created."
        },
        "name": {
          "oneOf": [
            {
              "type": "string",
              "pattern": "^[a-zA-Z0-9]*$",
              "minLength": 5,
              "maxLength": 50
            },
            {
              "$ref": "https://schema.management.azure.com/schemas/common/definitions.json#/definitions/expression"
            }
          ],
          "description": "The name of the machine learning team account workspace."
        },
        "properties": {
          "oneOf": [
            {
              "$ref": "#/definitions/WorkspaceProperties"
            },
            {
              "$ref": "https://schema.management.azure.com/schemas/common/definitions.json#/definitions/expression"
            }
          ],
          "description": "The properties of a machine learning team account workspace."
        },
        "tags": {
          "oneOf": [
            {
              "type": "object",
              "additionalProperties": {
                "type": "string"
              },
              "properties": {}
            },
            {
              "$ref": "https://schema.management.azure.com/schemas/common/definitions.json#/definitions/expression"
            }
          ],
          "description": "The tags of the resource."
        },
        "type": {
          "type": "string",
          "enum": [
            "workspaces"
          ]
        }
      },
      "required": [
        "apiVersion",
        "location",
        "name",
        "properties",
        "type"
      ],
      "description": "Microsoft.MachineLearningExperimentation/accounts/workspaces"
    },
    "accounts_workspaces_projects_childResource": {
      "type": "object",
      "properties": {
        "apiVersion": {
          "type": "string",
          "enum": [
            "2017-05-01-preview"
          ]
        },
        "location": {
          "type": "string",
          "description": "The location of the resource. This cannot be changed after the resource is created."
        },
        "name": {
          "oneOf": [
            {
              "type": "string",
              "pattern": "^[a-zA-Z0-9]*$",
              "minLength": 5,
              "maxLength": 50
            },
            {
              "$ref": "https://schema.management.azure.com/schemas/common/definitions.json#/definitions/expression"
            }
          ],
          "description": "The name of the machine learning project under a team account workspace."
        },
        "properties": {
          "oneOf": [
            {
              "$ref": "#/definitions/ProjectProperties"
            },
            {
              "$ref": "https://schema.management.azure.com/schemas/common/definitions.json#/definitions/expression"
            }
          ],
          "description": "The properties of a machine learning project."
        },
        "tags": {
          "oneOf": [
            {
              "type": "object",
              "additionalProperties": {
                "type": "string"
              },
              "properties": {}
            },
            {
              "$ref": "https://schema.management.azure.com/schemas/common/definitions.json#/definitions/expression"
            }
          ],
          "description": "The tags of the resource."
        },
        "type": {
          "type": "string",
          "enum": [
            "projects"
          ]
        }
      },
      "required": [
        "apiVersion",
        "location",
        "name",
        "properties",
        "type"
      ],
      "description": "Microsoft.MachineLearningExperimentation/accounts/workspaces/projects"
    },
    "ProjectProperties": {
      "type": "object",
      "properties": {
        "description": {
          "type": "string",
          "description": "The description of this project."
        },
        "friendlyName": {
          "type": "string",
          "description": "The friendly name for this project."
        },
        "gitrepo": {
          "type": "string",
          "description": "The reference to git repo for this project."
        }
      },
      "required": [
        "friendlyName"
      ],
      "description": "The properties of a machine learning project."
    },
    "StorageAccountProperties": {
      "type": "object",
      "properties": {
        "accessKey": {
          "type": "string",
          "description": "The access key to the storage account."
        },
        "storageAccountId": {
          "type": "string",
          "description": "The fully qualified arm Id of the storage account."
        }
      },
      "required": [
        "accessKey",
        "storageAccountId"
      ],
      "description": "The properties of a storage account for a machine learning team account."
    },
    "WorkspaceProperties": {
      "type": "object",
      "properties": {
        "description": {
          "type": "string",
          "description": "The description of this workspace."
        },
        "friendlyName": {
          "type": "string",
          "description": "The friendly name for this workspace. This will be the workspace name in the arm id when the workspace object gets created"
        }
      },
      "required": [
        "friendlyName"
      ],
      "description": "The properties of a machine learning team account workspace."
    }
  }
}