{
  "id": "https://schema.management.azure.com/schemas/2016-03-30/Microsoft.ContainerService.json#",
  "$schema": "http://json-schema.org/draft-04/schema#",
  "title": "Microsoft.ContainerService",
  "description": "Microsoft ContainerService Resource Types",
  "resourceDefinitions": {
    "containerServices": {
      "type": "object",
      "properties": {
        "apiVersion": {
          "type": "string",
          "enum": [
            "2016-03-30"
          ]
        },
        "location": {
          "type": "string",
          "description": "Resource location"
        },
        "name": {
          "type": "string",
          "description": "The name of the container service in the specified subscription and resource group."
        },
        "properties": {
          "oneOf": [
            {
              "$ref": "#/definitions/ContainerServiceProperties"
            },
            {
              "$ref": "https://schema.management.azure.com/schemas/common/definitions.json#/definitions/expression"
            }
          ],
          "description": "Properties of the container service."
        },
        "tags": {
          "oneOf": [
            {
              "type": "object",
              "additionalProperties": {
                "type": "string"
              },
              "properties": {}
            },
            {
              "$ref": "https://schema.management.azure.com/schemas/common/definitions.json#/definitions/expression"
            }
          ],
          "description": "Resource tags"
        },
        "type": {
          "type": "string",
          "enum": [
            "Microsoft.ContainerService/containerServices"
          ]
        }
      },
      "required": [
        "apiVersion",
        "location",
        "name",
        "properties",
        "type"
      ],
      "description": "Microsoft.ContainerService/containerServices"
    }
  },
  "definitions": {
    "ContainerServiceAgentPoolProfile": {
      "type": "object",
      "properties": {
        "count": {
          "oneOf": [
            {
              "type": "integer",
              "minimum": 1,
              "maximum": 100
            },
            {
              "$ref": "https://schema.management.azure.com/schemas/common/definitions.json#/definitions/expression"
            }
          ],
          "description": "Number of agents (VMs) to host docker containers. Allowed values must be in the range of 1 to 100 (inclusive). The default value is 1. "
        },
        "dnsPrefix": {
          "type": "string",
          "description": "DNS prefix to be used to create the FQDN for the agent pool."
        },
        "name": {
          "type": "string",
          "description": "Unique name of the agent pool profile in the context of the subscription and resource group."
        },
        "vmSize": {
          "oneOf": [
            {
              "type": "string",
              "enum": [
                "Standard_A0",
                "Standard_A1",
                "Standard_A2",
                "Standard_A3",
                "Standard_A4",
                "Standard_A5",
                "Standard_A6",
                "Standard_A7",
                "Standard_A8",
                "Standard_A9",
                "Standard_A10",
                "Standard_A11",
                "Standard_D1",
                "Standard_D2",
                "Standard_D3",
                "Standard_D4",
                "Standard_D11",
                "Standard_D12",
                "Standard_D13",
                "Standard_D14",
                "Standard_D1_v2",
                "Standard_D2_v2",
                "Standard_D3_v2",
                "Standard_D4_v2",
                "Standard_D5_v2",
                "Standard_D11_v2",
                "Standard_D12_v2",
                "Standard_D13_v2",
                "Standard_D14_v2",
                "Standard_G1",
                "Standard_G2",
                "Standard_G3",
                "Standard_G4",
                "Standard_G5",
                "Standard_DS1",
                "Standard_DS2",
                "Standard_DS3",
                "Standard_DS4",
                "Standard_DS11",
                "Standard_DS12",
                "Standard_DS13",
                "Standard_DS14",
                "Standard_GS1",
                "Standard_GS2",
                "Standard_GS3",
                "Standard_GS4",
                "Standard_GS5"
              ]
            },
            {
              "$ref": "https://schema.management.azure.com/schemas/common/definitions.json#/definitions/expression"
            }
          ],
          "description": "Size of agent VMs."
        }
      },
      "required": [
        "dnsPrefix",
        "name",
        "vmSize"
      ],
      "description": "Profile for the container service agent pool."
    },
    "ContainerServiceDiagnosticsProfile": {
      "type": "object",
      "properties": {
        "vmDiagnostics": {
          "oneOf": [
            {
              "$ref": "#/definitions/ContainerServiceVMDiagnostics"
            },
            {
              "$ref": "https://schema.management.azure.com/schemas/common/definitions.json#/definitions/expression"
            }
          ],
          "description": "Profile for diagnostics on the container service VMs."
        }
      },
      "required": [
        "vmDiagnostics"
      ]
    },
    "ContainerServiceLinuxProfile": {
      "type": "object",
      "properties": {
        "adminUsername": {
          "type": "string",
          "description": "The administrator username to use for all Linux VMs"
        },
        "ssh": {
          "oneOf": [
            {
              "$ref": "#/definitions/ContainerServiceSshConfiguration"
            },
            {
              "$ref": "https://schema.management.azure.com/schemas/common/definitions.json#/definitions/expression"
            }
          ],
          "description": "SSH configuration for Linux-based VMs running on Azure."
        }
      },
      "required": [
        "adminUsername",
        "ssh"
      ],
      "description": "Profile for Linux VMs in the container service cluster."
    },
    "ContainerServiceMasterProfile": {
      "type": "object",
      "properties": {
        "count": {
          "oneOf": [
            {
              "type": "integer",
              "default": "1"
            },
            {
              "$ref": "https://schema.management.azure.com/schemas/common/definitions.json#/definitions/expression"
            }
          ],
          "description": "Number of masters (VMs) in the container service cluster. Allowed values are 1, 3, and 5. The default value is 1."
        },
        "dnsPrefix": {
          "type": "string",
          "description": "DNS prefix to be used to create the FQDN for master."
        }
      },
      "required": [
        "dnsPrefix"
      ],
      "description": "Profile for the container service master."
    },
    "ContainerServiceOrchestratorProfile": {
      "type": "object",
      "properties": {
        "orchestratorType": {
          "oneOf": [
            {
              "type": "string",
              "enum": [
                "Swarm",
                "DCOS"
              ]
            },
            {
              "$ref": "https://schema.management.azure.com/schemas/common/definitions.json#/definitions/expression"
            }
          ],
          "description": "The orchestrator to use to manage container service cluster resources. Valid values are Swarm, DCOS, and Custom."
        }
      },
      "required": [
        "orchestratorType"
      ],
      "description": "Profile for the container service orchestrator."
    },
    "ContainerServiceProperties": {
      "type": "object",
      "properties": {
        "agentPoolProfiles": {
          "oneOf": [
            {
              "type": "array",
              "items": {
                "$ref": "#/definitions/ContainerServiceAgentPoolProfile"
              }
            },
            {
              "$ref": "https://schema.management.azure.com/schemas/common/definitions.json#/definitions/expression"
            }
          ],
          "description": "Properties of the agent pool."
        },
        "diagnosticsProfile": {
          "oneOf": [
            {
              "$ref": "#/definitions/ContainerServiceDiagnosticsProfile"
            },
            {
              "$ref": "https://schema.management.azure.com/schemas/common/definitions.json#/definitions/expression"
            }
          ]
        },
        "linuxProfile": {
          "oneOf": [
            {
              "$ref": "#/definitions/ContainerServiceLinuxProfile"
            },
            {
              "$ref": "https://schema.management.azure.com/schemas/common/definitions.json#/definitions/expression"
            }
          ],
          "description": "Profile for Linux VMs in the container service cluster."
        },
        "masterProfile": {
          "oneOf": [
            {
              "$ref": "#/definitions/ContainerServiceMasterProfile"
            },
            {
              "$ref": "https://schema.management.azure.com/schemas/common/definitions.json#/definitions/expression"
            }
          ],
          "description": "Profile for the container service master."
        },
        "orchestratorProfile": {
          "oneOf": [
            {
              "$ref": "#/definitions/ContainerServiceOrchestratorProfile"
            },
            {
              "$ref": "https://schema.management.azure.com/schemas/common/definitions.json#/definitions/expression"
            }
          ],
          "description": "Profile for the container service orchestrator."
        },
        "windowsProfile": {
          "oneOf": [
            {
              "$ref": "#/definitions/ContainerServiceWindowsProfile"
            },
            {
              "$ref": "https://schema.management.azure.com/schemas/common/definitions.json#/definitions/expression"
            }
          ],
          "description": "Profile for Windows VMs in the container service cluster."
        }
      },
      "required": [
        "agentPoolProfiles",
        "linuxProfile",
        "masterProfile"
      ],
      "description": "Properties of the container service."
    },
    "ContainerServiceSshConfiguration": {
      "type": "object",
      "properties": {
        "publicKeys": {
          "oneOf": [
            {
              "type": "array",
              "items": {
                "$ref": "#/definitions/ContainerServiceSshPublicKey"
              }
            },
            {
              "$ref": "https://schema.management.azure.com/schemas/common/definitions.json#/definitions/expression"
            }
          ],
          "description": "the list of SSH public keys used to authenticate with Linux-based VMs."
        }
      },
      "required": [
        "publicKeys"
      ],
      "description": "SSH configuration for Linux-based VMs running on Azure."
    },
    "ContainerServiceSshPublicKey": {
      "type": "object",
      "properties": {
        "keyData": {
          "type": "string",
          "description": "Certificate public key used to authenticate with VMs through SSH. The certificate must be in PEM format with or without headers."
        }
      },
      "required": [
        "keyData"
      ],
      "description": "Contains information about SSH certificate public key data."
    },
    "ContainerServiceVMDiagnostics": {
      "type": "object",
      "properties": {
        "enabled": {
          "oneOf": [
            {
              "type": "boolean"
            },
            {
              "$ref": "https://schema.management.azure.com/schemas/common/definitions.json#/definitions/expression"
            }
          ],
          "description": "Whether the VM diagnostic agent is provisioned on the VM."
        }
      },
      "required": [
        "enabled"
      ],
      "description": "Profile for diagnostics on the container service VMs."
    },
    "ContainerServiceWindowsProfile": {
      "type": "object",
      "properties": {
        "adminPassword": {
          "type": "string",
          "description": "The administrator password to use for Windows VMs"
        },
        "adminUsername": {
          "type": "string",
          "description": "The administrator username to use for Windows VMs"
        }
      },
      "required": [
        "adminPassword",
        "adminUsername"
      ],
      "description": "Profile for Windows VMs in the container service cluster."
    }
  }
}