{
  "id": "https://schema.management.azure.com/schemas/2019-05-01/Microsoft.MachineLearningServices.json#",
  "$schema": "http://json-schema.org/draft-04/schema#",
  "title": "Microsoft.MachineLearningServices",
  "description": "Microsoft MachineLearningServices Resource Types",
  "resourceDefinitions": {
    "workspaces": {
      "type": "object",
      "properties": {
        "apiVersion": {
          "type": "string",
          "enum": [
            "2019-05-01"
          ]
        },
        "location": {
          "type": "string",
          "description": "Specifies the location of the resource."
        },
        "name": {
          "type": "string",
          "description": "Name of Azure Machine Learning workspace."
        },
        "properties": {
          "oneOf": [
            {
              "$ref": "#/definitions/WorkspaceProperties"
            },
            {
              "$ref": "https://schema.management.azure.com/schemas/common/definitions.json#/definitions/expression"
            }
          ],
          "description": "The properties of a machine learning workspace."
        },
        "resources": {
          "type": "array",
          "items": {
            "oneOf": [
              {
                "$ref": "#/definitions/workspaces_computes_childResource"
              }
            ]
          }
        },
        "tags": {
          "oneOf": [
            {
              "type": "object",
              "additionalProperties": {
                "type": "string"
              },
              "properties": {}
            },
            {
              "$ref": "https://schema.management.azure.com/schemas/common/definitions.json#/definitions/expression"
            }
          ],
          "description": "Contains resource tags defined as key/value pairs."
        },
        "type": {
          "type": "string",
          "enum": [
            "Microsoft.MachineLearningServices/workspaces"
          ]
        }
      },
      "required": [
        "apiVersion",
        "name",
        "properties",
        "type"
      ],
      "description": "Microsoft.MachineLearningServices/workspaces"
    },
    "workspaces_computes": {
      "type": "object",
      "properties": {
        "apiVersion": {
          "type": "string",
          "enum": [
            "2019-05-01"
          ]
        },
        "location": {
          "type": "string",
          "description": "Specifies the location of the resource."
        },
        "name": {
          "type": "string",
          "description": "Name of the Azure Machine Learning compute."
        },
        "properties": {
          "oneOf": [
            {
              "$ref": "#/definitions/Compute"
            },
            {
              "$ref": "https://schema.management.azure.com/schemas/common/definitions.json#/definitions/expression"
            }
          ],
          "description": "Machine Learning compute object."
        },
        "tags": {
          "oneOf": [
            {
              "type": "object",
              "additionalProperties": {
                "type": "string"
              },
              "properties": {}
            },
            {
              "$ref": "https://schema.management.azure.com/schemas/common/definitions.json#/definitions/expression"
            }
          ],
          "description": "Contains resource tags defined as key/value pairs."
        },
        "type": {
          "type": "string",
          "enum": [
            "Microsoft.MachineLearningServices/workspaces/computes"
          ]
        }
      },
      "required": [
        "apiVersion",
        "name",
        "properties",
        "type"
      ],
      "description": "Microsoft.MachineLearningServices/workspaces/computes"
    }
  },
  "definitions": {
    "AKS": {
      "type": "object",
      "properties": {
        "computeType": {
          "type": "string",
          "enum": [
            "AKS"
          ]
        },
        "properties": {
          "oneOf": [
            {
              "$ref": "#/definitions/AKSProperties"
            },
            {
              "$ref": "https://schema.management.azure.com/schemas/common/definitions.json#/definitions/expression"
            }
          ],
          "description": "AKS properties"
        }
      },
      "required": [
        "computeType"
      ],
      "description": "A Machine Learning compute based on AKS."
    },
    "AksNetworkingConfiguration": {
      "type": "object",
      "properties": {
        "dnsServiceIP": {
          "oneOf": [
            {
              "type": "string",
              "pattern": "^(?:(?:25[0-5]|2[0-4][0-9]|[01]?[0-9][0-9]?)\\.){3}(?:25[0-5]|2[0-4][0-9]|[01]?[0-9][0-9]?)$"
            },
            {
              "$ref": "https://schema.management.azure.com/schemas/common/definitions.json#/definitions/expression"
            }
          ],
          "description": "An IP address assigned to the Kubernetes DNS service. It must be within the Kubernetes service address range specified in serviceCidr."
        },
        "dockerBridgeCidr": {
          "oneOf": [
            {
              "type": "string",
              "pattern": "^([0-9]{1,3}\\.){3}[0-9]{1,3}(\\/([0-9]|[1-2][0-9]|3[0-2]))?$"
            },
            {
              "$ref": "https://schema.management.azure.com/schemas/common/definitions.json#/definitions/expression"
            }
          ],
          "description": "A CIDR notation IP range assigned to the Docker bridge network. It must not overlap with any Subnet IP ranges or the Kubernetes service address range."
        },
        "serviceCidr": {
          "oneOf": [
            {
              "type": "string",
              "pattern": "^([0-9]{1,3}\\.){3}[0-9]{1,3}(\\/([0-9]|[1-2][0-9]|3[0-2]))?$"
            },
            {
              "$ref": "https://schema.management.azure.com/schemas/common/definitions.json#/definitions/expression"
            }
          ],
          "description": "A CIDR notation IP range from which to assign service cluster IPs. It must not overlap with any Subnet IP ranges."
        },
        "subnetId": {
          "type": "string",
          "description": "Virtual network subnet resource ID the compute nodes belong to"
        }
      },
      "description": "Advance configuration for AKS networking"
    },
    "AKSProperties": {
      "type": "object",
      "properties": {
        "agentCount": {
          "oneOf": [
            {
              "type": "integer",
              "minimum": 1
            },
            {
              "$ref": "https://schema.management.azure.com/schemas/common/definitions.json#/definitions/expression"
            }
          ],
          "description": "Number of agents"
        },
        "agentVMSize": {
          "type": "string",
          "description": "Agent virtual machine size"
        },
        "aksNetworkingConfiguration": {
          "oneOf": [
            {
              "$ref": "#/definitions/AksNetworkingConfiguration"
            },
            {
              "$ref": "https://schema.management.azure.com/schemas/common/definitions.json#/definitions/expression"
            }
          ],
          "description": "Advance configuration for AKS networking"
        },
        "clusterFqdn": {
          "type": "string",
          "description": "Cluster full qualified domain name"
        },
        "sslConfiguration": {
          "oneOf": [
            {
              "$ref": "#/definitions/SslConfiguration"
            },
            {
              "$ref": "https://schema.management.azure.com/schemas/common/definitions.json#/definitions/expression"
            }
          ],
          "description": "The ssl configuration for scoring"
        }
      },
      "description": "AKS properties"
    },
    "AmlCompute": {
      "type": "object",
      "properties": {
        "computeType": {
          "type": "string",
          "enum": [
            "AmlCompute"
          ]
        },
        "properties": {
          "oneOf": [
            {
              "$ref": "#/definitions/AmlComputeProperties"
            },
            {
              "$ref": "https://schema.management.azure.com/schemas/common/definitions.json#/definitions/expression"
            }
          ],
          "description": "AML Compute properties"
        }
      },
      "required": [
        "computeType"
      ],
      "description": "An Azure Machine Learning compute."
    },
    "AmlComputeProperties": {
      "type": "object",
      "properties": {
        "scaleSettings": {
          "oneOf": [
            {
              "$ref": "#/definitions/ScaleSettings"
            },
            {
              "$ref": "https://schema.management.azure.com/schemas/common/definitions.json#/definitions/expression"
            }
          ],
          "description": "scale settings for AML Compute"
        },
        "subnet": {
          "oneOf": [
            {
              "$ref": "#/definitions/ResourceId"
            },
            {
              "$ref": "https://schema.management.azure.com/schemas/common/definitions.json#/definitions/expression"
            }
          ],
          "description": "Represents a resource ID. For example, for a subnet, it is the resource URL for the subnet."
        },
        "userAccountCredentials": {
          "oneOf": [
            {
              "$ref": "#/definitions/UserAccountCredentials"
            },
            {
              "$ref": "https://schema.management.azure.com/schemas/common/definitions.json#/definitions/expression"
            }
          ],
          "description": "Settings for user account that gets created on each on the nodes of a compute."
        },
        "vmPriority": {
          "oneOf": [
            {
              "type": "string",
              "enum": [
                "Dedicated",
                "LowPriority"
              ]
            },
            {
              "$ref": "https://schema.management.azure.com/schemas/common/definitions.json#/definitions/expression"
            }
          ],
          "description": "Virtual Machine priority."
        },
        "vmSize": {
          "type": "string",
          "description": "Virtual Machine Size"
        }
      },
      "description": "AML Compute properties"
    },
    "Compute": {
      "type": "object",
      "oneOf": [
        {
          "$ref": "#/definitions/AKS"
        },
        {
          "$ref": "#/definitions/AmlCompute"
        },
        {
          "$ref": "#/definitions/VirtualMachine"
        },
        {
          "$ref": "#/definitions/HDInsight"
        },
        {
          "$ref": "#/definitions/DataFactory"
        },
        {
          "$ref": "#/definitions/Databricks"
        },
        {
          "$ref": "#/definitions/DataLakeAnalytics"
        }
      ],
      "properties": {
        "computeLocation": {
          "type": "string",
          "description": "Location for the underlying compute"
        },
        "description": {
          "type": "string",
          "description": "The description of the Machine Learning compute."
        },
        "resourceId": {
          "type": "string",
          "description": "ARM resource id of the underlying compute"
        }
      },
      "description": "Machine Learning compute object."
    },
    "Databricks": {
      "type": "object",
      "properties": {
        "computeType": {
          "type": "string",
          "enum": [
            "Databricks"
          ]
        },
        "properties": {
          "oneOf": [
            {
              "$ref": "#/definitions/DatabricksProperties"
            },
            {
              "$ref": "https://schema.management.azure.com/schemas/common/definitions.json#/definitions/expression"
            }
          ]
        }
      },
      "required": [
        "computeType"
      ],
      "description": "A DataFactory compute."
    },
    "DatabricksProperties": {
      "type": "object",
      "properties": {
        "databricksAccessToken": {
          "type": "string",
          "description": "Databricks access token"
        }
      }
    },
    "DataFactory": {
      "type": "object",
      "properties": {
        "computeType": {
          "type": "string",
          "enum": [
            "DataFactory"
          ]
        }
      },
      "required": [
        "computeType"
      ],
      "description": "A DataFactory compute."
    },
    "DataLakeAnalytics": {
      "type": "object",
      "properties": {
        "computeType": {
          "type": "string",
          "enum": [
            "DataLakeAnalytics"
          ]
        },
        "properties": {
          "oneOf": [
            {
              "$ref": "#/definitions/DataLakeAnalyticsProperties"
            },
            {
              "$ref": "https://schema.management.azure.com/schemas/common/definitions.json#/definitions/expression"
            }
          ]
        }
      },
      "required": [
        "computeType"
      ],
      "description": "A DataLakeAnalytics compute."
    },
    "DataLakeAnalyticsProperties": {
      "type": "object",
      "properties": {
        "dataLakeStoreAccountName": {
          "type": "string",
          "description": "DataLake Store Account Name"
        }
      }
    },
    "HDInsight": {
      "type": "object",
      "properties": {
        "computeType": {
          "type": "string",
          "enum": [
            "HDInsight"
          ]
        },
        "properties": {
          "oneOf": [
            {
              "$ref": "#/definitions/HDInsightProperties"
            },
            {
              "$ref": "https://schema.management.azure.com/schemas/common/definitions.json#/definitions/expression"
            }
          ]
        }
      },
      "required": [
        "computeType"
      ],
      "description": "A HDInsight compute."
    },
    "HDInsightProperties": {
      "type": "object",
      "properties": {
        "address": {
          "type": "string",
          "description": "Public IP address of the master node of the cluster."
        },
        "administratorAccount": {
          "oneOf": [
            {
              "$ref": "#/definitions/VirtualMachineSshCredentials"
            },
            {
              "$ref": "https://schema.management.azure.com/schemas/common/definitions.json#/definitions/expression"
            }
          ],
          "description": "Admin credentials for virtual machine"
        },
        "sshPort": {
          "oneOf": [
            {
              "type": "integer"
            },
            {
              "$ref": "https://schema.management.azure.com/schemas/common/definitions.json#/definitions/expression"
            }
          ],
          "description": "Port open for ssh connections on the master node of the cluster."
        }
      }
    },
    "ResourceId": {
      "type": "object",
      "properties": {
        "id": {
          "type": "string",
          "description": "The ID of the resource"
        }
      },
      "required": [
        "id"
      ],
      "description": "Represents a resource ID. For example, for a subnet, it is the resource URL for the subnet."
    },
    "ScaleSettings": {
      "type": "object",
      "properties": {
        "maxNodeCount": {
          "oneOf": [
            {
              "type": "integer"
            },
            {
              "$ref": "https://schema.management.azure.com/schemas/common/definitions.json#/definitions/expression"
            }
          ],
          "description": "Max number of nodes to use"
        },
        "minNodeCount": {
          "oneOf": [
            {
              "type": "integer",
              "default": "0"
            },
            {
              "$ref": "https://schema.management.azure.com/schemas/common/definitions.json#/definitions/expression"
            }
          ],
          "description": "Min number of nodes to use"
        },
        "nodeIdleTimeBeforeScaleDown": {
          "type": "string",
          "format": "duration",
          "description": "Node Idle Time before scaling down amlCompute"
        }
      },
      "required": [
        "maxNodeCount"
      ],
      "description": "scale settings for AML Compute"
    },
    "SslConfiguration": {
      "type": "object",
      "properties": {
        "cert": {
          "type": "string",
          "description": "Cert data"
        },
        "cname": {
          "type": "string",
          "description": "CNAME of the cert"
        },
        "key": {
          "type": "string",
          "description": "Key data"
        },
        "status": {
          "oneOf": [
            {
              "type": "string",
              "enum": [
                "Disabled",
                "Enabled"
              ]
            },
            {
              "$ref": "https://schema.management.azure.com/schemas/common/definitions.json#/definitions/expression"
            }
          ],
          "description": "Enable or disable ssl for scoring."
        }
      },
      "description": "The ssl configuration for scoring"
    },
    "UserAccountCredentials": {
      "type": "object",
      "properties": {
        "adminUserName": {
          "type": "string",
          "description": "Name of the administrator user account which can be used to SSH to nodes."
        },
        "adminUserPassword": {
          "type": "string",
          "description": "Password of the administrator user account."
        },
        "adminUserSshPublicKey": {
          "type": "string",
          "description": "SSH public key of the administrator user account."
        }
      },
      "required": [
        "adminUserName"
      ],
      "description": "Settings for user account that gets created on each on the nodes of a compute."
    },
    "VirtualMachine": {
      "type": "object",
      "properties": {
        "computeType": {
          "type": "string",
          "enum": [
            "VirtualMachine"
          ]
        },
        "properties": {
          "oneOf": [
            {
              "$ref": "#/definitions/VirtualMachineProperties"
            },
            {
              "$ref": "https://schema.management.azure.com/schemas/common/definitions.json#/definitions/expression"
            }
          ]
        }
      },
      "required": [
        "computeType"
      ],
      "description": "A Machine Learning compute based on Azure Virtual Machines."
    },
    "VirtualMachineProperties": {
      "type": "object",
      "properties": {
        "address": {
          "type": "string",
          "description": "Public IP address of the virtual machine."
        },
        "administratorAccount": {
          "oneOf": [
            {
              "$ref": "#/definitions/VirtualMachineSshCredentials"
            },
            {
              "$ref": "https://schema.management.azure.com/schemas/common/definitions.json#/definitions/expression"
            }
          ],
          "description": "Admin credentials for virtual machine"
        },
        "sshPort": {
          "oneOf": [
            {
              "type": "integer"
            },
            {
              "$ref": "https://schema.management.azure.com/schemas/common/definitions.json#/definitions/expression"
            }
          ],
          "description": "Port open for ssh connections."
        },
        "virtualMachineSize": {
          "type": "string",
          "description": "Virtual Machine size"
        }
      }
    },
    "VirtualMachineSshCredentials": {
      "type": "object",
      "properties": {
        "password": {
          "type": "string",
          "description": "Password of admin account"
        },
        "privateKeyData": {
          "type": "string",
          "description": "Private key data"
        },
        "publicKeyData": {
          "type": "string",
          "description": "Public key data"
        },
        "username": {
          "type": "string",
          "description": "Username of admin account"
        }
      },
      "description": "Admin credentials for virtual machine"
    },
    "WorkspaceProperties": {
      "type": "object",
      "properties": {
        "applicationInsights": {
          "type": "string",
          "description": "ARM id of the application insights associated with this workspace. This cannot be changed once the workspace has been created"
        },
        "containerRegistry": {
          "type": "string",
          "description": "ARM id of the container registry associated with this workspace. This cannot be changed once the workspace has been created"
        },
        "description": {
          "type": "string",
          "description": "The description of this workspace."
        },
        "discoveryUrl": {
          "type": "string",
          "description": "Url for the discovery service to identify regional endpoints for machine learning experimentation services"
        },
        "friendlyName": {
          "type": "string",
          "description": "The friendly name for this workspace. This name in mutable"
        },
        "keyVault": {
          "type": "string",
          "description": "ARM id of the key vault associated with this workspace. This cannot be changed once the workspace has been created"
        },
        "storageAccount": {
          "type": "string",
          "description": "ARM id of the storage account associated with this workspace. This cannot be changed once the workspace has been created"
        }
      },
      "description": "The properties of a machine learning workspace."
    },
    "workspaces_computes_childResource": {
      "type": "object",
      "properties": {
        "apiVersion": {
          "type": "string",
          "enum": [
            "2019-05-01"
          ]
        },
        "location": {
          "type": "string",
          "description": "Specifies the location of the resource."
        },
        "name": {
          "type": "string",
          "description": "Name of the Azure Machine Learning compute."
        },
        "properties": {
          "oneOf": [
            {
              "$ref": "#/definitions/Compute"
            },
            {
              "$ref": "https://schema.management.azure.com/schemas/common/definitions.json#/definitions/expression"
            }
          ],
          "description": "Machine Learning compute object."
        },
        "tags": {
          "oneOf": [
            {
              "type": "object",
              "additionalProperties": {
                "type": "string"
              },
              "properties": {}
            },
            {
              "$ref": "https://schema.management.azure.com/schemas/common/definitions.json#/definitions/expression"
            }
          ],
          "description": "Contains resource tags defined as key/value pairs."
        },
        "type": {
          "type": "string",
          "enum": [
            "computes"
          ]
        }
      },
      "required": [
        "apiVersion",
        "name",
        "properties",
        "type"
      ],
      "description": "Microsoft.MachineLearningServices/workspaces/computes"
    }
  }
}