{
  "id": "https://schema.management.azure.com/schemas/2019-11-01-preview/Microsoft.DeploymentManager.json#",
  "$schema": "http://json-schema.org/draft-04/schema#",
  "title": "Microsoft.DeploymentManager",
  "description": "Microsoft DeploymentManager Resource Types",
  "resourceDefinitions": {
    "artifactSources": {
      "type": "object",
      "properties": {
        "apiVersion": {
          "type": "string",
          "enum": [
            "2019-11-01-preview"
          ]
        },
        "location": {
          "type": "string",
          "description": "The geo-location where the resource lives"
        },
        "name": {
          "type": "string",
          "description": "The name of the artifact source."
        },
        "properties": {
          "oneOf": [
            {
              "$ref": "#/definitions/ArtifactSourceProperties"
            },
            {
              "$ref": "https://schema.management.azure.com/schemas/common/definitions.json#/definitions/expression"
            }
          ],
          "description": "The properties that define the artifact source."
        },
        "tags": {
          "oneOf": [
            {
              "type": "object",
              "additionalProperties": {
                "type": "string"
              },
              "properties": {}
            },
            {
              "$ref": "https://schema.management.azure.com/schemas/common/definitions.json#/definitions/expression"
            }
          ],
          "description": "Resource tags."
        },
        "type": {
          "type": "string",
          "enum": [
            "Microsoft.DeploymentManager/artifactSources"
          ]
        }
      },
      "required": [
        "apiVersion",
        "location",
        "name",
        "properties",
        "type"
      ],
      "description": "Microsoft.DeploymentManager/artifactSources"
    },
    "rollouts": {
      "type": "object",
      "properties": {
        "apiVersion": {
          "type": "string",
          "enum": [
            "2019-11-01-preview"
          ]
        },
        "identity": {
          "oneOf": [
            {
              "$ref": "#/definitions/Identity"
            },
            {
              "$ref": "https://schema.management.azure.com/schemas/common/definitions.json#/definitions/expression"
            }
          ],
          "description": "Identity for the resource."
        },
        "location": {
          "type": "string",
          "description": "The geo-location where the resource lives"
        },
        "name": {
          "type": "string",
          "description": "The rollout name."
        },
        "properties": {
          "oneOf": [
            {
              "$ref": "#/definitions/RolloutRequestProperties"
            },
            {
              "$ref": "https://schema.management.azure.com/schemas/common/definitions.json#/definitions/expression"
            }
          ],
          "description": "The properties for defining a rollout."
        },
        "tags": {
          "oneOf": [
            {
              "type": "object",
              "additionalProperties": {
                "type": "string"
              },
              "properties": {}
            },
            {
              "$ref": "https://schema.management.azure.com/schemas/common/definitions.json#/definitions/expression"
            }
          ],
          "description": "Resource tags."
        },
        "type": {
          "type": "string",
          "enum": [
            "Microsoft.DeploymentManager/rollouts"
          ]
        }
      },
      "required": [
        "apiVersion",
        "identity",
        "location",
        "name",
        "properties",
        "type"
      ],
      "description": "Microsoft.DeploymentManager/rollouts"
    },
    "serviceTopologies": {
      "type": "object",
      "properties": {
        "apiVersion": {
          "type": "string",
          "enum": [
            "2019-11-01-preview"
          ]
        },
        "location": {
          "type": "string",
          "description": "The geo-location where the resource lives"
        },
        "name": {
          "type": "string",
          "description": "The name of the service topology ."
        },
        "properties": {
          "oneOf": [
            {
              "$ref": "#/definitions/ServiceTopologyResourceProperties"
            },
            {
              "$ref": "https://schema.management.azure.com/schemas/common/definitions.json#/definitions/expression"
            }
          ],
          "description": "The properties that define the service topology."
        },
        "resources": {
          "type": "array",
          "items": {
            "oneOf": [
              {
                "$ref": "#/definitions/serviceTopologies_services_childResource"
              }
            ]
          }
        },
        "tags": {
          "oneOf": [
            {
              "type": "object",
              "additionalProperties": {
                "type": "string"
              },
              "properties": {}
            },
            {
              "$ref": "https://schema.management.azure.com/schemas/common/definitions.json#/definitions/expression"
            }
          ],
          "description": "Resource tags."
        },
        "type": {
          "type": "string",
          "enum": [
            "Microsoft.DeploymentManager/serviceTopologies"
          ]
        }
      },
      "required": [
        "apiVersion",
        "location",
        "name",
        "properties",
        "type"
      ],
      "description": "Microsoft.DeploymentManager/serviceTopologies"
    },
    "serviceTopologies_services": {
      "type": "object",
      "properties": {
        "apiVersion": {
          "type": "string",
          "enum": [
            "2019-11-01-preview"
          ]
        },
        "location": {
          "type": "string",
          "description": "The geo-location where the resource lives"
        },
        "name": {
          "type": "string",
          "description": "The name of the service resource."
        },
        "properties": {
          "oneOf": [
            {
              "$ref": "#/definitions/ServiceResourceProperties"
            },
            {
              "$ref": "https://schema.management.azure.com/schemas/common/definitions.json#/definitions/expression"
            }
          ],
          "description": "The properties that define a service in a service topology."
        },
        "resources": {
          "type": "array",
          "items": {
            "oneOf": [
              {
                "$ref": "#/definitions/serviceTopologies_services_serviceUnits_childResource"
              }
            ]
          }
        },
        "tags": {
          "oneOf": [
            {
              "type": "object",
              "additionalProperties": {
                "type": "string"
              },
              "properties": {}
            },
            {
              "$ref": "https://schema.management.azure.com/schemas/common/definitions.json#/definitions/expression"
            }
          ],
          "description": "Resource tags."
        },
        "type": {
          "type": "string",
          "enum": [
            "Microsoft.DeploymentManager/serviceTopologies/services"
          ]
        }
      },
      "required": [
        "apiVersion",
        "location",
        "name",
        "properties",
        "type"
      ],
      "description": "Microsoft.DeploymentManager/serviceTopologies/services"
    },
    "serviceTopologies_services_serviceUnits": {
      "type": "object",
      "properties": {
        "apiVersion": {
          "type": "string",
          "enum": [
            "2019-11-01-preview"
          ]
        },
        "location": {
          "type": "string",
          "description": "The geo-location where the resource lives"
        },
        "name": {
          "type": "string",
          "description": "The name of the service unit resource."
        },
        "properties": {
          "oneOf": [
            {
              "$ref": "#/definitions/ServiceUnitResourceProperties"
            },
            {
              "$ref": "https://schema.management.azure.com/schemas/common/definitions.json#/definitions/expression"
            }
          ],
          "description": "The properties that define the service unit."
        },
        "tags": {
          "oneOf": [
            {
              "type": "object",
              "additionalProperties": {
                "type": "string"
              },
              "properties": {}
            },
            {
              "$ref": "https://schema.management.azure.com/schemas/common/definitions.json#/definitions/expression"
            }
          ],
          "description": "Resource tags."
        },
        "type": {
          "type": "string",
          "enum": [
            "Microsoft.DeploymentManager/serviceTopologies/services/serviceUnits"
          ]
        }
      },
      "required": [
        "apiVersion",
        "location",
        "name",
        "properties",
        "type"
      ],
      "description": "Microsoft.DeploymentManager/serviceTopologies/services/serviceUnits"
    },
    "steps": {
      "type": "object",
      "properties": {
        "apiVersion": {
          "type": "string",
          "enum": [
            "2019-11-01-preview"
          ]
        },
        "location": {
          "type": "string",
          "description": "The geo-location where the resource lives"
        },
        "name": {
          "type": "string",
          "description": "The name of the deployment step."
        },
        "properties": {
          "oneOf": [
            {
              "$ref": "#/definitions/StepProperties"
            },
            {
              "$ref": "https://schema.management.azure.com/schemas/common/definitions.json#/definitions/expression"
            }
          ],
          "description": "The properties of a step resource."
        },
        "tags": {
          "oneOf": [
            {
              "type": "object",
              "additionalProperties": {
                "type": "string"
              },
              "properties": {}
            },
            {
              "$ref": "https://schema.management.azure.com/schemas/common/definitions.json#/definitions/expression"
            }
          ],
          "description": "Resource tags."
        },
        "type": {
          "type": "string",
          "enum": [
            "Microsoft.DeploymentManager/steps"
          ]
        }
      },
      "required": [
        "apiVersion",
        "location",
        "name",
        "properties",
        "type"
      ],
      "description": "Microsoft.DeploymentManager/steps"
    }
  },
  "definitions": {
    "ApiKeyAuthentication": {
      "type": "object",
      "properties": {
        "in": {
          "oneOf": [
            {
              "type": "string",
              "enum": [
                "Query",
                "Header"
              ]
            },
            {
              "$ref": "https://schema.management.azure.com/schemas/common/definitions.json#/definitions/expression"
            }
          ],
          "description": "The location of the authentication key/value pair in the request."
        },
        "name": {
          "type": "string",
          "description": "The key name of the authentication key/value pair."
        },
        "type": {
          "type": "string",
          "enum": [
            "ApiKey"
          ]
        },
        "value": {
          "type": "string",
          "description": "The value of the authentication key/value pair."
        }
      },
      "required": [
        "in",
        "name",
        "type",
        "value"
      ],
      "description": "ApiKey authentication gives a name and a value that can be included in either the request header or query parameters."
    },
    "ArtifactSourceProperties": {
      "type": "object",
      "properties": {
        "artifactRoot": {
          "type": "string",
          "description": "The path from the location that the 'authentication' property [say, a SAS URI to the blob container] refers to, to the location of the artifacts. This can be used to differentiate different versions of the artifacts. Or, different types of artifacts like binaries or templates. The location referenced by the authentication property concatenated with this optional artifactRoot path forms the artifact source location where the artifacts are expected to be found."
        },
        "authentication": {
          "oneOf": [
            {
              "$ref": "#/definitions/Authentication"
            },
            {
              "$ref": "https://schema.management.azure.com/schemas/common/definitions.json#/definitions/expression"
            }
          ],
          "description": "Defines the authentication method and properties to access the artifacts."
        },
        "sourceType": {
          "type": "string",
          "description": "The type of artifact source used."
        }
      },
      "required": [
        "authentication",
        "sourceType"
      ],
      "description": "The properties that define the artifact source."
    },
    "Authentication": {
      "type": "object",
      "oneOf": [
        {
          "$ref": "#/definitions/SasAuthentication"
        }
      ],
      "properties": {},
      "description": "Defines the authentication method and properties to access the artifacts."
    },
    "HealthCheckStepAttributes": {
      "type": "object",
      "oneOf": [
        {
          "$ref": "#/definitions/RestHealthCheckStepAttributes"
        }
      ],
      "properties": {
        "healthyStateDuration": {
          "type": "string",
          "description": "The duration in ISO 8601 format for which the resource is expected to be continuously healthy. If maxElasticDuration is specified, healthy state duration is enforced after the detection of first healthy signal."
        },
        "maxElasticDuration": {
          "type": "string",
          "description": "The duration in ISO 8601 format for which the health check waits for the resource to become healthy. Health check fails if it doesn't. Health check starts to enforce healthyStateDuration once resource becomes healthy."
        },
        "waitDuration": {
          "type": "string",
          "description": "The duration in ISO 8601 format for which health check waits idly without any checks."
        }
      },
      "required": [
        "healthyStateDuration"
      ],
      "description": "The attributes for the health check step."
    },
    "HealthCheckStepProperties": {
      "type": "object",
      "properties": {
        "attributes": {
          "oneOf": [
            {
              "$ref": "#/definitions/HealthCheckStepAttributes"
            },
            {
              "$ref": "https://schema.management.azure.com/schemas/common/definitions.json#/definitions/expression"
            }
          ],
          "description": "The attributes for the health check step."
        },
        "stepType": {
          "type": "string",
          "enum": [
            "HealthCheck"
          ]
        }
      },
      "required": [
        "attributes",
        "stepType"
      ],
      "description": "Defines the properties of a health check step."
    },
    "Identity": {
      "type": "object",
      "properties": {
        "identityIds": {
          "oneOf": [
            {
              "type": "array",
              "items": {
                "type": "string"
              }
            },
            {
              "$ref": "https://schema.management.azure.com/schemas/common/definitions.json#/definitions/expression"
            }
          ],
          "description": "The list of identities."
        },
        "type": {
          "type": "string",
          "description": "The identity type."
        }
      },
      "required": [
        "identityIds",
        "type"
      ],
      "description": "Identity for the resource."
    },
    "PrePostStep": {
      "type": "object",
      "properties": {
        "stepId": {
          "type": "string",
          "description": "The resource Id of the step to be run."
        }
      },
      "required": [
        "stepId"
      ],
      "description": "The properties that define a step."
    },
    "RestHealthCheck": {
      "type": "object",
      "properties": {
        "name": {
          "type": "string",
          "description": "A unique name for this check."
        },
        "request": {
          "oneOf": [
            {
              "$ref": "#/definitions/RestRequest"
            },
            {
              "$ref": "https://schema.management.azure.com/schemas/common/definitions.json#/definitions/expression"
            }
          ],
          "description": "The properties that make up a REST request"
        },
        "response": {
          "oneOf": [
            {
              "$ref": "#/definitions/RestResponse"
            },
            {
              "$ref": "https://schema.management.azure.com/schemas/common/definitions.json#/definitions/expression"
            }
          ],
          "description": "The properties that make up the expected REST response"
        }
      },
      "required": [
        "name",
        "request"
      ],
      "description": "A REST based health check"
    },
    "RestHealthCheckStepAttributes": {
      "type": "object",
      "properties": {
        "properties": {
          "oneOf": [
            {
              "$ref": "#/definitions/RestParameters"
            },
            {
              "$ref": "https://schema.management.azure.com/schemas/common/definitions.json#/definitions/expression"
            }
          ],
          "description": "The parameters for the REST health check."
        },
        "type": {
          "type": "string",
          "enum": [
            "REST"
          ]
        }
      },
      "required": [
        "type"
      ],
      "description": "Defines the REST health check step properties."
    },
    "RestParameters": {
      "type": "object",
      "properties": {
        "healthChecks": {
          "oneOf": [
            {
              "type": "array",
              "items": {
                "$ref": "#/definitions/RestHealthCheck"
              }
            },
            {
              "$ref": "https://schema.management.azure.com/schemas/common/definitions.json#/definitions/expression"
            }
          ],
          "description": "The list of checks that form the health check step."
        }
      },
      "required": [
        "healthChecks"
      ],
      "description": "The parameters for the REST health check."
    },
    "RestRequest": {
      "type": "object",
      "properties": {
        "authentication": {
          "oneOf": [
            {
              "$ref": "#/definitions/RestRequestAuthentication"
            },
            {
              "$ref": "https://schema.management.azure.com/schemas/common/definitions.json#/definitions/expression"
            }
          ],
          "description": "The authentication information required in the REST health check request to the health provider."
        },
        "method": {
          "oneOf": [
            {
              "type": "string",
              "enum": [
                "GET",
                "POST"
              ]
            },
            {
              "$ref": "https://schema.management.azure.com/schemas/common/definitions.json#/definitions/expression"
            }
          ],
          "description": "The HTTP method to use for the request."
        },
        "uri": {
          "type": "string",
          "description": "The HTTP URI to use for the request."
        }
      },
      "required": [
        "authentication",
        "method",
        "uri"
      ],
      "description": "The properties that make up a REST request"
    },
    "RestRequestAuthentication": {
      "type": "object",
      "oneOf": [
        {
          "$ref": "#/definitions/RolloutIdentityAuthentication"
        },
        {
          "$ref": "#/definitions/ApiKeyAuthentication"
        }
      ],
      "properties": {},
      "description": "The authentication information required in the REST health check request to the health provider."
    },
    "RestResponse": {
      "type": "object",
      "properties": {
        "regex": {
          "oneOf": [
            {
              "$ref": "#/definitions/RestResponseRegex"
            },
            {
              "$ref": "https://schema.management.azure.com/schemas/common/definitions.json#/definitions/expression"
            }
          ],
          "description": "The regular expressions to match the response content with."
        },
        "successStatusCodes": {
          "oneOf": [
            {
              "type": "array",
              "items": {
                "type": "string"
              }
            },
            {
              "$ref": "https://schema.management.azure.com/schemas/common/definitions.json#/definitions/expression"
            }
          ],
          "description": "The HTTP status codes expected in a successful health check response. The response is expected to match one of the given status codes. If no expected status codes are provided, default expected status code is 200 OK."
        }
      },
      "description": "The properties that make up the expected REST response"
    },
    "RestResponseRegex": {
      "type": "object",
      "properties": {
        "matches": {
          "oneOf": [
            {
              "type": "array",
              "items": {
                "type": "string"
              }
            },
            {
              "$ref": "https://schema.management.azure.com/schemas/common/definitions.json#/definitions/expression"
            }
          ],
          "description": "The list of regular expressions."
        },
        "matchQuantifier": {
          "oneOf": [
            {
              "type": "string",
              "enum": [
                "All",
                "Any"
              ]
            },
            {
              "$ref": "https://schema.management.azure.com/schemas/common/definitions.json#/definitions/expression"
            }
          ],
          "description": "Indicates whether any or all of the expressions should match with the response content."
        }
      },
      "description": "The regular expressions to match the response content with."
    },
    "RolloutIdentityAuthentication": {
      "type": "object",
      "properties": {
        "type": {
          "type": "string",
          "enum": [
            "RolloutIdentity"
          ]
        }
      },
      "required": [
        "type"
      ],
      "description": "RolloutIdentity uses the user-assigned managed identity authentication context specified in the Identity property during rollout creation."
    },
    "RolloutRequestProperties": {
      "type": "object",
      "properties": {
        "artifactSourceId": {
          "type": "string",
          "description": "The reference to the artifact source resource Id where the payload is located."
        },
        "buildVersion": {
          "type": "string",
          "description": "The version of the build being deployed."
        },
        "stepGroups": {
          "oneOf": [
            {
              "type": "array",
              "items": {
                "$ref": "#/definitions/StepGroup"
              }
            },
            {
              "$ref": "https://schema.management.azure.com/schemas/common/definitions.json#/definitions/expression"
            }
          ],
          "description": "The list of step groups that define the orchestration."
        },
        "targetServiceTopologyId": {
          "type": "string",
          "description": "The resource Id of the service topology from which service units are being referenced in step groups to be deployed."
        }
      },
      "required": [
        "buildVersion",
        "stepGroups",
        "targetServiceTopologyId"
      ],
      "description": "The properties for defining a rollout."
    },
    "SasAuthentication": {
      "type": "object",
      "properties": {
        "properties": {
          "oneOf": [
            {
              "$ref": "#/definitions/SasProperties"
            },
            {
              "$ref": "https://schema.management.azure.com/schemas/common/definitions.json#/definitions/expression"
            }
          ],
          "description": "The properties that define SAS authentication."
        },
        "type": {
          "type": "string",
          "enum": [
            "Sas"
          ]
        }
      },
      "required": [
        "type"
      ],
      "description": "Defines the properties to access the artifacts using an Azure Storage SAS URI."
    },
    "SasProperties": {
      "type": "object",
      "properties": {
        "sasUri": {
          "type": "string",
          "description": "The SAS URI to the Azure Storage blob container. Any offset from the root of the container to where the artifacts are located can be defined in the artifactRoot."
        }
      },
      "required": [
        "sasUri"
      ],
      "description": "The properties that define SAS authentication."
    },
    "ServiceResourceProperties": {
      "type": "object",
      "properties": {
        "targetLocation": {
          "type": "string",
          "description": "The Azure location to which the resources in the service belong to or should be deployed to."
        },
        "targetSubscriptionId": {
          "type": "string",
          "description": "The subscription to which the resources in the service belong to or should be deployed to."
        }
      },
      "required": [
        "targetLocation",
        "targetSubscriptionId"
      ],
      "description": "The properties that define a service in a service topology."
    },
    "serviceTopologies_services_childResource": {
      "type": "object",
      "properties": {
        "apiVersion": {
          "type": "string",
          "enum": [
            "2019-11-01-preview"
          ]
        },
        "location": {
          "type": "string",
          "description": "The geo-location where the resource lives"
        },
        "name": {
          "type": "string",
          "description": "The name of the service resource."
        },
        "properties": {
          "oneOf": [
            {
              "$ref": "#/definitions/ServiceResourceProperties"
            },
            {
              "$ref": "https://schema.management.azure.com/schemas/common/definitions.json#/definitions/expression"
            }
          ],
          "description": "The properties that define a service in a service topology."
        },
        "tags": {
          "oneOf": [
            {
              "type": "object",
              "additionalProperties": {
                "type": "string"
              },
              "properties": {}
            },
            {
              "$ref": "https://schema.management.azure.com/schemas/common/definitions.json#/definitions/expression"
            }
          ],
          "description": "Resource tags."
        },
        "type": {
          "type": "string",
          "enum": [
            "services"
          ]
        }
      },
      "required": [
        "apiVersion",
        "location",
        "name",
        "properties",
        "type"
      ],
      "description": "Microsoft.DeploymentManager/serviceTopologies/services"
    },
    "serviceTopologies_services_serviceUnits_childResource": {
      "type": "object",
      "properties": {
        "apiVersion": {
          "type": "string",
          "enum": [
            "2019-11-01-preview"
          ]
        },
        "location": {
          "type": "string",
          "description": "The geo-location where the resource lives"
        },
        "name": {
          "type": "string",
          "description": "The name of the service unit resource."
        },
        "properties": {
          "oneOf": [
            {
              "$ref": "#/definitions/ServiceUnitResourceProperties"
            },
            {
              "$ref": "https://schema.management.azure.com/schemas/common/definitions.json#/definitions/expression"
            }
          ],
          "description": "The properties that define the service unit."
        },
        "tags": {
          "oneOf": [
            {
              "type": "object",
              "additionalProperties": {
                "type": "string"
              },
              "properties": {}
            },
            {
              "$ref": "https://schema.management.azure.com/schemas/common/definitions.json#/definitions/expression"
            }
          ],
          "description": "Resource tags."
        },
        "type": {
          "type": "string",
          "enum": [
            "serviceUnits"
          ]
        }
      },
      "required": [
        "apiVersion",
        "location",
        "name",
        "properties",
        "type"
      ],
      "description": "Microsoft.DeploymentManager/serviceTopologies/services/serviceUnits"
    },
    "ServiceTopologyResourceProperties": {
      "type": "object",
      "properties": {
        "artifactSourceId": {
          "type": "string",
          "description": "The resource Id of the artifact source that contains the artifacts that can be referenced in the service units."
        }
      },
      "description": "The properties that define the service topology."
    },
    "ServiceUnitArtifacts": {
      "type": "object",
      "properties": {
        "parametersArtifactSourceRelativePath": {
          "type": "string",
          "description": "The path to the ARM parameters file relative to the artifact source."
        },
        "parametersUri": {
          "type": "string",
          "description": "The full URI of the ARM parameters file with the SAS token."
        },
        "templateArtifactSourceRelativePath": {
          "type": "string",
          "description": "The path to the ARM template file relative to the artifact source."
        },
        "templateUri": {
          "type": "string",
          "description": "The full URI of the ARM template file with the SAS token."
        }
      },
      "description": "Defines the artifacts of a service unit."
    },
    "ServiceUnitResourceProperties": {
      "type": "object",
      "properties": {
        "artifacts": {
          "oneOf": [
            {
              "$ref": "#/definitions/ServiceUnitArtifacts"
            },
            {
              "$ref": "https://schema.management.azure.com/schemas/common/definitions.json#/definitions/expression"
            }
          ],
          "description": "Defines the artifacts of a service unit."
        },
        "deploymentMode": {
          "oneOf": [
            {
              "type": "string",
              "enum": [
                "Incremental",
                "Complete"
              ]
            },
            {
              "$ref": "https://schema.management.azure.com/schemas/common/definitions.json#/definitions/expression"
            }
          ],
          "description": "Describes the type of ARM deployment to be performed on the resource."
        },
        "targetResourceGroup": {
          "type": "string",
          "description": "The Azure Resource Group to which the resources in the service unit belong to or should be deployed to."
        }
      },
      "required": [
        "deploymentMode",
        "targetResourceGroup"
      ],
      "description": "The properties that define the service unit."
    },
    "StepGroup": {
      "type": "object",
      "properties": {
        "dependsOnStepGroups": {
          "oneOf": [
            {
              "type": "array",
              "items": {
                "type": "string"
              }
            },
            {
              "$ref": "https://schema.management.azure.com/schemas/common/definitions.json#/definitions/expression"
            }
          ],
          "description": "The list of step group names on which this step group depends on."
        },
        "deploymentTargetId": {
          "type": "string",
          "description": "The resource Id of service unit to be deployed. The service unit should be from the service topology referenced in targetServiceTopologyId"
        },
        "name": {
          "type": "string",
          "description": "The name of the step group."
        },
        "postDeploymentSteps": {
          "oneOf": [
            {
              "type": "array",
              "items": {
                "$ref": "#/definitions/PrePostStep"
              }
            },
            {
              "$ref": "https://schema.management.azure.com/schemas/common/definitions.json#/definitions/expression"
            }
          ],
          "description": "The list of steps to be run after deploying the target."
        },
        "preDeploymentSteps": {
          "oneOf": [
            {
              "type": "array",
              "items": {
                "$ref": "#/definitions/PrePostStep"
              }
            },
            {
              "$ref": "https://schema.management.azure.com/schemas/common/definitions.json#/definitions/expression"
            }
          ],
          "description": "The list of steps to be run before deploying the target."
        }
      },
      "required": [
        "deploymentTargetId",
        "name"
      ],
      "description": "The properties that define a Step group in a rollout."
    },
    "StepProperties": {
      "type": "object",
      "oneOf": [
        {
          "$ref": "#/definitions/HealthCheckStepProperties"
        },
        {
          "$ref": "#/definitions/WaitStepProperties"
        }
      ],
      "properties": {},
      "description": "The properties of a step resource."
    },
    "WaitStepAttributes": {
      "type": "object",
      "properties": {
        "duration": {
          "type": "string",
          "description": "The duration in ISO 8601 format of how long the wait should be."
        }
      },
      "required": [
        "duration"
      ],
      "description": "The parameters for the wait step."
    },
    "WaitStepProperties": {
      "type": "object",
      "properties": {
        "attributes": {
          "oneOf": [
            {
              "$ref": "#/definitions/WaitStepAttributes"
            },
            {
              "$ref": "https://schema.management.azure.com/schemas/common/definitions.json#/definitions/expression"
            }
          ],
          "description": "The parameters for the wait step."
        },
        "stepType": {
          "type": "string",
          "enum": [
            "Wait"
          ]
        }
      },
      "required": [
        "attributes",
        "stepType"
      ],
      "description": "Defines the properties of a Wait step."
    }
  }
}