{
  "id": "https://schema.management.azure.com/schemas/2019-09-07/Microsoft.Kusto.json#",
  "$schema": "http://json-schema.org/draft-04/schema#",
  "title": "Microsoft.Kusto",
  "description": "Microsoft Kusto Resource Types",
  "resourceDefinitions": {
    "clusters": {
      "type": "object",
      "properties": {
        "name": {
          "type": "string",
          "description": "The name of the Kusto cluster."
        },
        "type": {
          "type": "string",
          "enum": [
            "Microsoft.Kusto/clusters"
          ]
        },
        "apiVersion": {
          "type": "string",
          "enum": [
            "2019-09-07"
          ]
        },
        "tags": {
          "oneOf": [
            {
              "type": "object",
              "additionalProperties": {
                "type": "string"
              }
            },
            {
              "$ref": "https://schema.management.azure.com/schemas/common/definitions.json#/definitions/expression"
            }
          ],
          "description": "Resource tags."
        },
        "location": {
          "type": "string",
          "description": "The geo-location where the resource lives"
        },
        "sku": {
          "oneOf": [
            {
              "$ref": "#/definitions/AzureSku"
            },
            {
              "$ref": "https://schema.management.azure.com/schemas/common/definitions.json#/definitions/expression"
            }
          ],
          "description": "The SKU of the Kusto cluster."
        },
        "zones": {
          "oneOf": [
            {
              "type": "array",
              "items": {
                "type": "string"
              }
            },
            {
              "$ref": "https://schema.management.azure.com/schemas/common/definitions.json#/definitions/expression"
            }
          ],
          "description": "An array represents the  availability zones of the cluster."
        },
        "identity": {
          "oneOf": [
            {
              "$ref": "#/definitions/Identity"
            },
            {
              "$ref": "https://schema.management.azure.com/schemas/common/definitions.json#/definitions/expression"
            }
          ],
          "description": "Identity for the resource."
        },
        "properties": {
          "oneOf": [
            {
              "$ref": "#/definitions/ClusterProperties"
            },
            {
              "$ref": "https://schema.management.azure.com/schemas/common/definitions.json#/definitions/expression"
            }
          ]
        },
        "resources": {
          "type": "array",
          "items": {
            "oneOf": [
              {
                "$ref": "#/resourceDefinitions/clusters_databases"
              },
              {
                "$ref": "#/resourceDefinitions/clusters_attacheddatabaseconfigurations"
              }
            ]
          }
        }
      },
      "required": [
        "name",
        "type",
        "apiVersion",
        "location",
        "sku"
      ],
      "description": "Microsoft.Kusto/clusters"
    },
    "clusters_databases": {
      "type": "object",
      "oneOf": [
        {
          "$ref": "#/definitions/ReadWriteDatabase"
        }
      ],
      "properties": {
        "name": {
          "type": "string",
          "description": "The name of the database in the Kusto cluster."
        },
        "type": {
          "type": "string",
          "enum": [
            "Microsoft.Kusto/clusters/databases"
          ]
        },
        "apiVersion": {
          "type": "string",
          "enum": [
            "2019-09-07"
          ]
        },
        "location": {
          "type": "string",
          "description": "Resource location."
        },
        "resources": {
          "type": "array",
          "items": {
            "oneOf": [
              {
                "$ref": "#/resourceDefinitions/clusters_databases_dataconnections"
              }
            ]
          }
        }
      },
      "required": [
        "name",
        "type",
        "apiVersion",
        "properties"
      ],
      "description": "Microsoft.Kusto/clusters/databases"
    },
    "clusters_databases_dataconnections": {
      "type": "object",
      "properties": {
        "name": {
          "type": "string",
          "description": "The data connection name"
        },
        "type": {
          "enum": [
            "Microsoft.Kusto/clusters/databases/dataConnections"
          ]
        },
        "apiVersion": {
          "type": "string",
          "enum": [
            "2019-09-07"
          ]
        },
        "properties": {
          "oneOf": [
            {
              "$ref": "#/definitions/EventHubDataConnection"
            },
            {
              "$ref": "#/definitions/EventGridDataConnection"
            },
            {
              "$ref": "#/definitions/IotHubDataConnection"
            }
          ],
          "description": "Properties supplied to the Data Connection Create Or Update Kusto operation."
        }
      },
      "required": [
        "name",
        "type",
        "apiVersion",
        "properties"
      ],
      "description": "Microsoft.Kusto/clusters/databases/dataConnections"
    },
    "clusters_attacheddatabaseconfigurations": {
      "type": "object",
      "properties": {
        "name": {
          "type": "string",
          "description": "The name of the attached database configurations."
        },
        "type": {
          "type": "string",
          "enum": [
            "Microsoft.Kusto/clusters/AttachedDatabaseConfigurations"
          ]
        },
        "apiVersion": {
          "type": "string",
          "enum": [
            "2019-09-07"
          ]
        },
        "location": {
          "type": "string",
          "description": "Resource location."
        },
        "properties": {
          "oneOf": [
            {
              "$ref": "#/definitions/AttachedDatabaseConfigurationsProperties"
            },
            {
              "$ref": "https://schema.management.azure.com/schemas/common/definitions.json#/definitions/expression"
            }
          ]
        }
      },
      "required": [
        "name",
        "type",
        "apiVersion",
        "properties"
      ],
      "description": "Class representing an attached database configurations."
    }
  },
  "definitions": {
    "AzureSku": {
      "type": "object",
      "properties": {
        "name": {
          "oneOf": [
            {
              "type": "string",
              "enum": [
                "KC8",
                "KC16",
                "KS8",
                "KS16",
                "D13_v2",
                "D14_v2",
                "L8",
                "L16",
                "Standard_DS13_v2+1TB_PS",
                "Standard_DS13_v2+2TB_PS",
                "Standard_DS14_v2+3TB_PS",
                "Standard_DS14_v2+4TB_PS",
                "Standard_D13_v2",
                "Standard_D14_v2",
                "Standard_L8s",
                "Standard_L16s",
                "Standard_D11_v2",
                "Standard_D12_v2",
                "Standard_L4s",
                "Dev(No SLA)_Standard_D11_v2"
              ],
              "x-ms-enum": {
                "name": "AzureSkuName",
                "modelAsString": true
              }
            },
            {
              "$ref": "https://schema.management.azure.com/schemas/common/definitions.json#/definitions/expression"
            }
          ],
          "description": "SKU name. Possible values include: 'D14_v2', 'D13_v2', 'L16', 'L8', 'Standard_DS13_v2+1TB_PS', 'Standard_DS13_v2+2TB_PS', 'Standard_DS14_v2+3TB_PS', 'Standard_DS14_v2+4TB_PS', 'Dev(No SLA)_Standard_D11_v2'"
        },
        "capacity": {
          "oneOf": [
            {
              "type": "integer"
            },
            {
              "$ref": "https://schema.management.azure.com/schemas/common/definitions.json#/definitions/expression"
            }
          ],
          "description": "The number of instances of the cluster."
        },
        "tier": {
          "oneOf": [
            {
              "type": "string",
              "enum": [
                "Standard",
                "Basic"
              ],
              "x-ms-enum": {
                "name": "AzureSkuTier",
                "modelAsString": true
              }
            },
            {
              "$ref": "https://schema.management.azure.com/schemas/common/definitions.json#/definitions/expression"
            }
          ],
          "description": "SKU tier."
        }
      },
      "required": [
        "name",
        "tier"
      ],
      "description": "Azure SKU definition."
    },
    "ClusterProperties": {
      "type": "object",
      "properties": {
        "trustedExternalTenants": {
          "oneOf": [
            {
              "type": "array",
              "items": {
                "$ref": "#/definitions/TrustedExternalTenant"
              }
            },
            {
              "$ref": "https://schema.management.azure.com/schemas/common/definitions.json#/definitions/expression"
            }
          ],
          "description": "The cluster's external tenants."
        },
        "optimizedAutoscale": {
          "oneOf": [
            {
              "$ref": "#/definitions/OptimizedAutoscale"
            },
            {
              "$ref": "https://schema.management.azure.com/schemas/common/definitions.json#/definitions/expression"
            }
          ],
          "description": "A class that contains the optimized auto scale definition."
        },
        "enableDiskEncryption": {
          "oneOf": [
            {
              "type": "boolean"
            },
            {
              "$ref": "https://schema.management.azure.com/schemas/common/definitions.json#/definitions/expression"
            }
          ],
          "description": "A boolean value that indicates if the cluster's disks are encrypted."
        },
        "enableStreamingIngest": {
          "oneOf": [
            {
              "type": "boolean",
              "default": false
            },
            {
              "$ref": "https://schema.management.azure.com/schemas/common/definitions.json#/definitions/expression"
            }
          ],
          "description": "A boolean value that indicates if the streaming ingest is enabled."
        },
        "virtualNetworkConfiguration": {
          "oneOf": [
            {
              "$ref": "#/definitions/VirtualNetworkConfiguration"
            },
            {
              "$ref": "https://schema.management.azure.com/schemas/common/definitions.json#/definitions/expression"
            }
          ],
          "description": "A class that contains virtual network definition."
        },
        "keyVaultProperties": {
          "oneOf": [
            {
              "$ref": "#/definitions/KeyVaultProperties"
            },
            {
              "$ref": "https://schema.management.azure.com/schemas/common/definitions.json#/definitions/expression"
            }
          ],
          "description": "KeyVault properties for the cluster encryption."
        }
      }
    },
    "ReadWriteDatabaseProperties": {
      "type": "object",
      "properties": {
        "softDeletePeriod": {
          "type": "string",
          "format": "duration",
          "description": "The time the data should be kept before it stops being accessible to queries in TimeSpan."
        },
        "hotCachePeriod": {
          "type": "string",
          "format": "duration",
          "description": "The time the data should be kept in cache for fast queries in TimeSpan."
        }
      }
    },
    "ReadWriteDatabase": {
      "type": "object",
      "properties": {
        "properties": {
          "oneOf": [
            {
              "$ref": "#/definitions/ReadWriteDatabaseProperties"
            },
            {
              "$ref": "https://schema.management.azure.com/schemas/common/definitions.json#/definitions/expression"
            }
          ],
          "description": "Read write database properties"
        },
        "kind": {
          "type": "string",
          "enum": [
            "ReadWrite"
          ],
          "description": "Kind of the database"
        }
      },
      "required": [
        "kind",
        "properties"
      ],
      "description": "Information about the readWrite database"
    },
    "AttachedDatabaseConfigurationsProperties": {
      "type": "object",
      "properties": {
        "databaseName": {
          "type": "string",
          "description": "The name of the database which you would like to attach, use * if you want to follow all current and future databases."
        },
        "clusterResourceId": {
          "type": "string",
          "description": "The resource id of the cluster where the databases you would like to attach reside."
        },
        "defaultPrincipalsModificationKind": {
          "type": "string",
          "enum": [
            "Union",
            "Replace",
            "None"
          ],
          "description": "The default principals modification kind"
        }
      }
    },
    "EventGridDataConnectionProperties": {
      "type": "object",
      "properties": {
        "storageAccountResourceId": {
          "type": "string",
          "description": "The resource ID of the storage account where the data resides."
        },
        "eventHubResourceId": {
          "type": "string",
          "description": "The resource ID where the event grid is configured to send events."
        },
        "consumerGroup": {
          "type": "string",
          "description": "The event hub consumer group."
        },
        "tableName": {
          "type": "string",
          "description": "The table where the data should be ingested. Optionally the table information can be added to each message."
        },
        "mappingRuleName": {
          "type": "string",
          "description": "The mapping rule to be used to ingest the data. Optionally the mapping information can be added to each message."
        },
        "dataFormat": {
          "oneOf": [
            {
              "$ref": "#/definitions/DataFormat"
            },
            {
              "$ref": "https://schema.management.azure.com/schemas/common/definitions.json#/definitions/expression"
            }
          ],
          "description": "The data format of the message. Optionally the data format can be added to each message."
        }
      },
      "required": [
        "storageAccountResourceId",
        "eventHubResourceId",
        "consumerGroup",
        "tableName",
        "dataFormat"
      ],
      "description": "Class representing the Kusto event grid connection properties."
    },
    "EventGridDataConnection": {
      "type": "object",
      "properties": {
        "properties": {
          "oneOf": [
            {
              "$ref": "#/definitions/EventGridDataConnectionProperties"
            },
            {
              "$ref": "https://schema.management.azure.com/schemas/common/definitions.json#/definitions/expression"
            }
          ],
          "description": "Class representing the Kusto event grid connection properties."
        },
        "kind": {
          "type": "string",
          "enum": [
            "EventGrid"
          ]
        }
      },
      "required": [
        "kind"
      ],
      "description": "Class representing an Event Grid data connection."
    },
    "EventHubDataConnectionProperties": {
      "type": "object",
      "properties": {
        "eventHubResourceId": {
          "type": "string",
          "description": "The resource ID of the event hub to be used to create a data connection."
        },
        "consumerGroup": {
          "type": "string",
          "description": "The event hub consumer group."
        },
        "tableName": {
          "type": "string",
          "description": "The table where the data should be ingested. Optionally the table information can be added to each message."
        },
        "mappingRuleName": {
          "type": "string",
          "description": "The mapping rule to be used to ingest the data. Optionally the mapping information can be added to each message."
        },
        "dataFormat": {
          "oneOf": [
            {
              "$ref": "#/definitions/DataFormat"
            },
            {
              "$ref": "https://schema.management.azure.com/schemas/common/definitions.json#/definitions/expression"
            }
          ],
          "description": "The data format of the message. Optionally the data format can be added to each message."
        },
        "eventSystemProperties": {
          "oneOf": [
            {
              "$ref": "#/definitions/EventSystemProperties"
            },
            {
              "$ref": "https://schema.management.azure.com/schemas/common/definitions.json#/definitions/expression"
            }
          ],
          "description": "System properties of the event hub"
        }
      },
      "required": [
        "eventHubResourceId",
        "consumerGroup"
      ],
      "description": "Class representing the Kusto event hub connection properties."
    },
    "EventHubDataConnection": {
      "type": "object",
      "properties": {
        "properties": {
          "oneOf": [
            {
              "$ref": "#/definitions/EventHubDataConnectionProperties"
            },
            {
              "$ref": "https://schema.management.azure.com/schemas/common/definitions.json#/definitions/expression"
            }
          ],
          "description": "Event hub data connection properties"
        },
        "kind": {
          "type": "string",
          "enum": [
            "EventHub"
          ]
        }
      },
      "required": [
        "kind"
      ],
      "description": "Information about the event hub data connection"
    },
    "Identity": {
      "type": "object",
      "properties": {
        "type": {
          "oneOf": [
            {
              "type": "string",
              "enum": [
                "None",
                "SystemAssigned"
              ]
            },
            {
              "$ref": "https://schema.management.azure.com/schemas/common/definitions.json#/definitions/expression"
            }
          ],
          "description": "The identity type."
        }
      },
      "required": [
        "type"
      ],
      "description": "Identity for the resource."
    },
    "IotHubDataConnectionProperties": {
      "type": "object",
      "properties": {
        "iotHubResourceId": {
          "type": "string",
          "description": "The resource ID of the iot hub to be used to create a data connection."
        },
        "consumerGroup": {
          "type": "string",
          "description": "The iot hub consumer group."
        },
        "tableName": {
          "type": "string",
          "description": "The table where the data should be ingested. Optionally the table information can be added to each message."
        },
        "mappingRuleName": {
          "type": "string",
          "description": "The mapping rule to be used to ingest the data. Optionally the mapping information can be added to each message."
        },
        "dataFormat": {
          "oneOf": [
            {
              "$ref": "#/definitions/DataFormat"
            },
            {
              "$ref": "https://schema.management.azure.com/schemas/common/definitions.json#/definitions/expression"
            }
          ],
          "description": "The data format of the message. Optionally the data format can be added to each message."
        },
        "eventSystemProperties": {
          "oneOf": [
            {
              "$ref": "#/definitions/EventSystemProperties"
            },
            {
              "$ref": "https://schema.management.azure.com/schemas/common/definitions.json#/definitions/expression"
            }
          ],
          "description": "The iot hub system properties."
        },
        "sharedAccessPolicyName": {
          "type": "string",
          "description": "The name of the shared access policy."
        }
      },
      "required": [
        "iotHubResourceId",
        "consumerGroup",
        "sharedAccessPolicyName"
      ],
      "description": "Class representing the Kusto Iot hub connection properties."
    },
    "IotHubDataConnection": {
      "type": "object",
      "properties": {
        "properties": {
          "oneOf": [
            {
              "$ref": "#/definitions/IotHubDataConnectionProperties"
            },
            {
              "$ref": "https://schema.management.azure.com/schemas/common/definitions.json#/definitions/expression"
            }
          ],
          "description": "Iot hub data connection properties"
        },
        "kind": {
          "type": "string",
          "enum": [
            "IotHub"
          ]
        }
      },
      "required": [
        "kind"
      ],
      "description": "Information about the Iot hub data connection"
    },
    "KeyVaultProperties": {
      "type": "object",
      "properties": {
        "keyName": {
          "type": "string",
          "description": "The name of the key vault key.",
          "x-ms-client-name": "KeyName"
        },
        "keyVersion": {
          "type": "string",
          "description": "The version of the key vault key.",
          "x-ms-client-name": "KeyVersion"
        },
        "keyVaultUri": {
          "type": "string",
          "description": "The Uri of the key vault.",
          "x-ms-client-name": "KeyVaultUri"
        }
      },
      "required": [
        "keyName",
        "keyVersion",
        "keyVaultUri"
      ],
      "description": "Properties of the key vault."
    },
    "OptimizedAutoscale": {
      "type": "object",
      "properties": {
        "version": {
          "oneOf": [
            {
              "type": "integer"
            },
            {
              "$ref": "https://schema.management.azure.com/schemas/common/definitions.json#/definitions/expression"
            }
          ],
          "description": "The version of the template defined, for instance 1."
        },
        "isEnabled": {
          "oneOf": [
            {
              "type": "boolean"
            },
            {
              "$ref": "https://schema.management.azure.com/schemas/common/definitions.json#/definitions/expression"
            }
          ],
          "description": "A boolean value that indicate if the optimized autoscale feature is enabled or not."
        },
        "minimum": {
          "oneOf": [
            {
              "type": "integer"
            },
            {
              "$ref": "https://schema.management.azure.com/schemas/common/definitions.json#/definitions/expression"
            }
          ],
          "description": "Minimum allowed instances count."
        },
        "maximum": {
          "oneOf": [
            {
              "type": "integer"
            },
            {
              "$ref": "https://schema.management.azure.com/schemas/common/definitions.json#/definitions/expression"
            }
          ],
          "description": "Maximum allowed instances count."
        }
      },
      "required": [
        "version",
        "isEnabled",
        "minimum",
        "maximum"
      ],
      "description": "A class that contains the optimized auto scale definition."
    },
    "TrustedExternalTenant": {
      "type": "object",
      "properties": {
        "value": {
          "type": "string",
          "description": "GUID representing an external tenant."
        }
      },
      "description": "Represents a tenant ID that is trusted by the cluster."
    },
    "VirtualNetworkConfiguration": {
      "type": "object",
      "properties": {
        "subnetId": {
          "type": "string",
          "description": "The subnet resource id."
        },
        "enginePublicIpId": {
          "type": "string",
          "description": "Engine service's public IP address resource id."
        },
        "dataManagementPublicIpId": {
          "type": "string",
          "description": "Data management's service public IP address resource id."
        }
      },
      "required": [
        "subnetId",
        "enginePublicIpId",
        "dataManagementPublicIpId"
      ],
      "description": "A class that contains virtual network definition."
    },
    "DataFormat": {
      "type": "string",
      "enum": [
        "MULTIJSON",
        "JSON",
        "CSV",
        "TSV",
        "SCSV",
        "SOHSV",
        "PSV",
        "TXT",
        "RAW",
        "SINGLEJSON",
        "AVRO",
        "TSVE"
      ],
      "description": "The data format of the message. Optionally the data format can be added to each message.",
      "x-ms-enum": {
        "name": "dataFormat",
        "modelAsString": true
      }
    },
    "EventSystemProperties": {
      "type": "array",
      "items": {
        "type": "string"
      },
      "description": "The resource system properties."
    }
  }
}