{
  "id": "https://schema.management.azure.com/schemas/2015-10-31/Microsoft.Automation.json#",
  "$schema": "http://json-schema.org/draft-04/schema#",
  "title": "Microsoft.Automation",
  "description": "Microsoft Automation Resource Types",
  "resourceDefinitions": {
    "automationAccounts": {
      "type": "object",
      "properties": {
        "apiVersion": {
          "type": "string",
          "enum": [
            "2015-10-31"
          ]
        },
        "location": {
          "type": "string",
          "description": "Gets or sets the location of the resource."
        },
        "name": {
          "type": "string",
          "description": "The name of the automation account."
        },
        "properties": {
          "oneOf": [
            {
              "$ref": "#/definitions/AutomationAccountCreateOrUpdateProperties"
            },
            {
              "$ref": "https://schema.management.azure.com/schemas/common/definitions.json#/definitions/expression"
            }
          ],
          "description": "The parameters supplied to the create or update account properties."
        },
        "resources": {
          "type": "array",
          "items": {
            "oneOf": [
              {
                "$ref": "#/definitions/automationAccounts_certificates_childResource"
              },
              {
                "$ref": "#/definitions/automationAccounts_connections_childResource"
              },
              {
                "$ref": "#/definitions/automationAccounts_connectionTypes_childResource"
              },
              {
                "$ref": "#/definitions/automationAccounts_credentials_childResource"
              },
              {
                "$ref": "#/definitions/automationAccounts_compilationjobs_childResource"
              },
              {
                "$ref": "#/definitions/automationAccounts_configurations_childResource"
              },
              {
                "$ref": "#/definitions/automationAccounts_nodeConfigurations_childResource"
              },
              {
                "$ref": "#/definitions/automationAccounts_jobs_childResource"
              },
              {
                "$ref": "#/definitions/automationAccounts_jobSchedules_childResource"
              },
              {
                "$ref": "#/definitions/automationAccounts_modules_childResource"
              },
              {
                "$ref": "#/definitions/automationAccounts_runbooks_childResource"
              },
              {
                "$ref": "#/definitions/automationAccounts_schedules_childResource"
              },
              {
                "$ref": "#/definitions/automationAccounts_variables_childResource"
              },
              {
                "$ref": "#/definitions/automationAccounts_webhooks_childResource"
              },
              {
                "$ref": "#/definitions/automationAccounts_watchers_childResource"
              }
            ]
          }
        },
        "tags": {
          "oneOf": [
            {
              "type": "object",
              "additionalProperties": {
                "type": "string"
              },
              "properties": {}
            },
            {
              "$ref": "https://schema.management.azure.com/schemas/common/definitions.json#/definitions/expression"
            }
          ],
          "description": "Gets or sets the tags attached to the resource."
        },
        "type": {
          "type": "string",
          "enum": [
            "Microsoft.Automation/automationAccounts"
          ]
        }
      },
      "required": [
        "apiVersion",
        "name",
        "properties",
        "type"
      ],
      "description": "Microsoft.Automation/automationAccounts"
    },
    "automationAccounts_certificates": {
      "type": "object",
      "properties": {
        "apiVersion": {
          "type": "string",
          "enum": [
            "2015-10-31"
          ]
        },
        "name": {
          "type": "string",
          "description": "The parameters supplied to the create or update certificate operation."
        },
        "properties": {
          "oneOf": [
            {
              "$ref": "#/definitions/CertificateCreateOrUpdateProperties"
            },
            {
              "$ref": "https://schema.management.azure.com/schemas/common/definitions.json#/definitions/expression"
            }
          ],
          "description": "The properties of the create certificate operation."
        },
        "type": {
          "type": "string",
          "enum": [
            "Microsoft.Automation/automationAccounts/certificates"
          ]
        }
      },
      "required": [
        "apiVersion",
        "name",
        "properties",
        "type"
      ],
      "description": "Microsoft.Automation/automationAccounts/certificates"
    },
    "automationAccounts_compilationjobs": {
      "type": "object",
      "properties": {
        "apiVersion": {
          "type": "string",
          "enum": [
            "2015-10-31"
          ]
        },
        "location": {
          "type": "string",
          "description": "Gets or sets the location of the resource."
        },
        "name": {
          "oneOf": [
            {
              "type": "string",
              "pattern": "^[0-9a-fA-F]{8}(-[0-9a-fA-F]{4}){3}-[0-9a-fA-F]{12}$"
            },
            {
              "$ref": "https://schema.management.azure.com/schemas/common/definitions.json#/definitions/expression"
            }
          ],
          "description": "The DSC configuration Id."
        },
        "properties": {
          "oneOf": [
            {
              "$ref": "#/definitions/DscCompilationJobCreateProperties"
            },
            {
              "$ref": "https://schema.management.azure.com/schemas/common/definitions.json#/definitions/expression"
            }
          ],
          "description": "The parameters supplied to the create compilation job operation."
        },
        "tags": {
          "oneOf": [
            {
              "type": "object",
              "additionalProperties": {
                "type": "string"
              },
              "properties": {}
            },
            {
              "$ref": "https://schema.management.azure.com/schemas/common/definitions.json#/definitions/expression"
            }
          ],
          "description": "Gets or sets the tags attached to the resource."
        },
        "type": {
          "type": "string",
          "enum": [
            "Microsoft.Automation/automationAccounts/compilationjobs"
          ]
        }
      },
      "required": [
        "apiVersion",
        "name",
        "properties",
        "type"
      ],
      "description": "Microsoft.Automation/automationAccounts/compilationjobs"
    },
    "automationAccounts_configurations": {
      "type": "object",
      "properties": {
        "apiVersion": {
          "type": "string",
          "enum": [
            "2015-10-31"
          ]
        },
        "location": {
          "type": "string",
          "description": "Gets or sets the location of the resource."
        },
        "name": {
          "type": "string",
          "description": "The create or update parameters for configuration."
        },
        "properties": {
          "oneOf": [
            {
              "$ref": "#/definitions/DscConfigurationCreateOrUpdateProperties"
            },
            {
              "$ref": "https://schema.management.azure.com/schemas/common/definitions.json#/definitions/expression"
            }
          ],
          "description": "The properties to create or update configuration."
        },
        "tags": {
          "oneOf": [
            {
              "type": "object",
              "additionalProperties": {
                "type": "string"
              },
              "properties": {}
            },
            {
              "$ref": "https://schema.management.azure.com/schemas/common/definitions.json#/definitions/expression"
            }
          ],
          "description": "Gets or sets the tags attached to the resource."
        },
        "type": {
          "type": "string",
          "enum": [
            "Microsoft.Automation/automationAccounts/configurations"
          ]
        }
      },
      "required": [
        "apiVersion",
        "name",
        "properties",
        "type"
      ],
      "description": "Microsoft.Automation/automationAccounts/configurations"
    },
    "automationAccounts_connections": {
      "type": "object",
      "properties": {
        "apiVersion": {
          "type": "string",
          "enum": [
            "2015-10-31"
          ]
        },
        "name": {
          "type": "string",
          "description": "The parameters supplied to the create or update connection operation."
        },
        "properties": {
          "oneOf": [
            {
              "$ref": "#/definitions/ConnectionCreateOrUpdateProperties"
            },
            {
              "$ref": "https://schema.management.azure.com/schemas/common/definitions.json#/definitions/expression"
            }
          ],
          "description": "The properties of the create connection properties"
        },
        "type": {
          "type": "string",
          "enum": [
            "Microsoft.Automation/automationAccounts/connections"
          ]
        }
      },
      "required": [
        "apiVersion",
        "name",
        "properties",
        "type"
      ],
      "description": "Microsoft.Automation/automationAccounts/connections"
    },
    "automationAccounts_connectionTypes": {
      "type": "object",
      "properties": {
        "apiVersion": {
          "type": "string",
          "enum": [
            "2015-10-31"
          ]
        },
        "name": {
          "type": "string",
          "description": "The parameters supplied to the create or update connection type operation."
        },
        "properties": {
          "oneOf": [
            {
              "$ref": "#/definitions/ConnectionTypeCreateOrUpdateProperties"
            },
            {
              "$ref": "https://schema.management.azure.com/schemas/common/definitions.json#/definitions/expression"
            }
          ],
          "description": "The properties of the create connection type."
        },
        "type": {
          "type": "string",
          "enum": [
            "Microsoft.Automation/automationAccounts/connectionTypes"
          ]
        }
      },
      "required": [
        "apiVersion",
        "name",
        "properties",
        "type"
      ],
      "description": "Microsoft.Automation/automationAccounts/connectionTypes"
    },
    "automationAccounts_credentials": {
      "type": "object",
      "properties": {
        "apiVersion": {
          "type": "string",
          "enum": [
            "2015-10-31"
          ]
        },
        "name": {
          "type": "string",
          "description": "The parameters supplied to the create or update credential operation."
        },
        "properties": {
          "oneOf": [
            {
              "$ref": "#/definitions/CredentialCreateOrUpdateProperties"
            },
            {
              "$ref": "https://schema.management.azure.com/schemas/common/definitions.json#/definitions/expression"
            }
          ],
          "description": "The properties of the create credential operation."
        },
        "type": {
          "type": "string",
          "enum": [
            "Microsoft.Automation/automationAccounts/credentials"
          ]
        }
      },
      "required": [
        "apiVersion",
        "name",
        "properties",
        "type"
      ],
      "description": "Microsoft.Automation/automationAccounts/credentials"
    },
    "automationAccounts_jobs": {
      "type": "object",
      "properties": {
        "apiVersion": {
          "type": "string",
          "enum": [
            "2015-10-31"
          ]
        },
        "name": {
          "oneOf": [
            {
              "type": "string",
              "pattern": "^[0-9a-fA-F]{8}(-[0-9a-fA-F]{4}){3}-[0-9a-fA-F]{12}$"
            },
            {
              "$ref": "https://schema.management.azure.com/schemas/common/definitions.json#/definitions/expression"
            }
          ],
          "description": "The job id."
        },
        "properties": {
          "oneOf": [
            {
              "$ref": "#/definitions/JobCreateProperties"
            },
            {
              "$ref": "https://schema.management.azure.com/schemas/common/definitions.json#/definitions/expression"
            }
          ],
          "description": "The parameters supplied to the create job operation."
        },
        "type": {
          "type": "string",
          "enum": [
            "Microsoft.Automation/automationAccounts/jobs"
          ]
        }
      },
      "required": [
        "apiVersion",
        "name",
        "properties",
        "type"
      ],
      "description": "Microsoft.Automation/automationAccounts/jobs"
    },
    "automationAccounts_jobSchedules": {
      "type": "object",
      "properties": {
        "apiVersion": {
          "type": "string",
          "enum": [
            "2015-10-31"
          ]
        },
        "name": {
          "oneOf": [
            {
              "type": "string",
              "pattern": "^[0-9a-fA-F]{8}(-[0-9a-fA-F]{4}){3}-[0-9a-fA-F]{12}$"
            },
            {
              "$ref": "https://schema.management.azure.com/schemas/common/definitions.json#/definitions/expression"
            }
          ],
          "description": "The job schedule name."
        },
        "properties": {
          "oneOf": [
            {
              "$ref": "#/definitions/JobScheduleCreateProperties"
            },
            {
              "$ref": "https://schema.management.azure.com/schemas/common/definitions.json#/definitions/expression"
            }
          ],
          "description": "The parameters supplied to the create job schedule operation."
        },
        "type": {
          "type": "string",
          "enum": [
            "Microsoft.Automation/automationAccounts/jobSchedules"
          ]
        }
      },
      "required": [
        "apiVersion",
        "name",
        "properties",
        "type"
      ],
      "description": "Microsoft.Automation/automationAccounts/jobSchedules"
    },
    "automationAccounts_modules": {
      "type": "object",
      "properties": {
        "apiVersion": {
          "type": "string",
          "enum": [
            "2015-10-31"
          ]
        },
        "location": {
          "type": "string",
          "description": "Gets or sets the location of the resource."
        },
        "name": {
          "type": "string",
          "description": "The name of module."
        },
        "properties": {
          "oneOf": [
            {
              "$ref": "#/definitions/ModuleCreateOrUpdateProperties"
            },
            {
              "$ref": "https://schema.management.azure.com/schemas/common/definitions.json#/definitions/expression"
            }
          ],
          "description": "The parameters supplied to the create or update module properties."
        },
        "tags": {
          "oneOf": [
            {
              "type": "object",
              "additionalProperties": {
                "type": "string"
              },
              "properties": {}
            },
            {
              "$ref": "https://schema.management.azure.com/schemas/common/definitions.json#/definitions/expression"
            }
          ],
          "description": "Gets or sets the tags attached to the resource."
        },
        "type": {
          "type": "string",
          "enum": [
            "Microsoft.Automation/automationAccounts/modules"
          ]
        }
      },
      "required": [
        "apiVersion",
        "name",
        "properties",
        "type"
      ],
      "description": "Microsoft.Automation/automationAccounts/modules"
    },
    "automationAccounts_nodeConfigurations": {
      "type": "object",
      "properties": {
        "apiVersion": {
          "type": "string",
          "enum": [
            "2015-10-31"
          ]
        },
        "configuration": {
          "oneOf": [
            {
              "$ref": "#/definitions/DscConfigurationAssociationProperty"
            },
            {
              "$ref": "https://schema.management.azure.com/schemas/common/definitions.json#/definitions/expression"
            }
          ],
          "description": "The Dsc configuration property associated with the entity."
        },
        "incrementNodeConfigurationBuild": {
          "oneOf": [
            {
              "type": "boolean"
            },
            {
              "$ref": "https://schema.management.azure.com/schemas/common/definitions.json#/definitions/expression"
            }
          ],
          "description": "If a new build version of NodeConfiguration is required."
        },
        "name": {
          "type": "string",
          "description": "The create or update parameters for configuration."
        },
        "source": {
          "oneOf": [
            {
              "$ref": "#/definitions/ContentSource"
            },
            {
              "$ref": "https://schema.management.azure.com/schemas/common/definitions.json#/definitions/expression"
            }
          ],
          "description": "Definition of the content source."
        },
        "type": {
          "type": "string",
          "enum": [
            "Microsoft.Automation/automationAccounts/nodeConfigurations"
          ]
        }
      },
      "required": [
        "apiVersion",
        "configuration",
        "name",
        "source",
        "type"
      ],
      "description": "Microsoft.Automation/automationAccounts/nodeConfigurations"
    },
    "automationAccounts_runbooks": {
      "type": "object",
      "properties": {
        "apiVersion": {
          "type": "string",
          "enum": [
            "2015-10-31"
          ]
        },
        "location": {
          "type": "string",
          "description": "Gets or sets the location of the resource."
        },
        "name": {
          "type": "string",
          "description": "The runbook name."
        },
        "properties": {
          "oneOf": [
            {
              "$ref": "#/definitions/RunbookCreateOrUpdateProperties"
            },
            {
              "$ref": "https://schema.management.azure.com/schemas/common/definitions.json#/definitions/expression"
            }
          ],
          "description": "The parameters supplied to the create or update runbook properties."
        },
        "resources": {
          "type": "array",
          "items": {
            "oneOf": [
              {
                "$ref": "#/definitions/automationAccounts_runbooks_draft_childResource"
              }
            ]
          }
        },
        "tags": {
          "oneOf": [
            {
              "type": "object",
              "additionalProperties": {
                "type": "string"
              },
              "properties": {}
            },
            {
              "$ref": "https://schema.management.azure.com/schemas/common/definitions.json#/definitions/expression"
            }
          ],
          "description": "Gets or sets the tags attached to the resource."
        },
        "type": {
          "type": "string",
          "enum": [
            "Microsoft.Automation/automationAccounts/runbooks"
          ]
        }
      },
      "required": [
        "apiVersion",
        "name",
        "properties",
        "type"
      ],
      "description": "Microsoft.Automation/automationAccounts/runbooks"
    },
    "automationAccounts_runbooks_draft": {
      "type": "object",
      "oneOf": [
        {
          "type": "object",
          "properties": {
            "name": {
              "oneOf": [
                {
                  "type": "string",
                  "pattern": "^.*/content$"
                },
                {
                  "$ref": "https://schema.management.azure.com/schemas/common/definitions.json#/definitions/expression"
                }
              ]
            }
          },
          "required": [
            "name"
          ],
          "description": "Microsoft.Automation/automationAccounts/runbooks/draft"
        },
        {
          "type": "object",
          "properties": {
            "name": {
              "oneOf": [
                {
                  "type": "string",
                  "pattern": "^.*/testJob$"
                },
                {
                  "$ref": "https://schema.management.azure.com/schemas/common/definitions.json#/definitions/expression"
                }
              ]
            },
            "parameters": {
              "oneOf": [
                {
                  "type": "object",
                  "additionalProperties": {
                    "type": "string"
                  },
                  "properties": {}
                },
                {
                  "$ref": "https://schema.management.azure.com/schemas/common/definitions.json#/definitions/expression"
                }
              ],
              "description": "Gets or sets the parameters of the test job."
            },
            "runOn": {
              "type": "string",
              "description": "Gets or sets the runOn which specifies the group name where the job is to be executed."
            }
          },
          "required": [
            "name"
          ],
          "description": "Microsoft.Automation/automationAccounts/runbooks/draft"
        }
      ],
      "properties": {
        "apiVersion": {
          "type": "string",
          "enum": [
            "2015-10-31"
          ]
        },
        "type": {
          "type": "string",
          "enum": [
            "Microsoft.Automation/automationAccounts/runbooks/draft"
          ]
        }
      },
      "required": [
        "apiVersion",
        "type"
      ],
      "description": "Microsoft.Automation/automationAccounts/runbooks/draft"
    },
    "automationAccounts_schedules": {
      "type": "object",
      "properties": {
        "apiVersion": {
          "type": "string",
          "enum": [
            "2015-10-31"
          ]
        },
        "name": {
          "type": "string",
          "description": "The schedule name."
        },
        "properties": {
          "oneOf": [
            {
              "$ref": "#/definitions/ScheduleCreateOrUpdateProperties"
            },
            {
              "$ref": "https://schema.management.azure.com/schemas/common/definitions.json#/definitions/expression"
            }
          ],
          "description": "The parameters supplied to the create or update schedule operation."
        },
        "type": {
          "type": "string",
          "enum": [
            "Microsoft.Automation/automationAccounts/schedules"
          ]
        }
      },
      "required": [
        "apiVersion",
        "name",
        "properties",
        "type"
      ],
      "description": "Microsoft.Automation/automationAccounts/schedules"
    },
    "automationAccounts_variables": {
      "type": "object",
      "properties": {
        "apiVersion": {
          "type": "string",
          "enum": [
            "2015-10-31"
          ]
        },
        "name": {
          "type": "string",
          "description": "The variable name."
        },
        "properties": {
          "oneOf": [
            {
              "$ref": "#/definitions/VariableCreateOrUpdateProperties"
            },
            {
              "$ref": "https://schema.management.azure.com/schemas/common/definitions.json#/definitions/expression"
            }
          ],
          "description": "The properties of the create variable operation."
        },
        "type": {
          "type": "string",
          "enum": [
            "Microsoft.Automation/automationAccounts/variables"
          ]
        }
      },
      "required": [
        "apiVersion",
        "name",
        "properties",
        "type"
      ],
      "description": "Microsoft.Automation/automationAccounts/variables"
    },
    "automationAccounts_watchers": {
      "type": "object",
      "properties": {
        "apiVersion": {
          "type": "string",
          "enum": [
            "2015-10-31"
          ]
        },
        "etag": {
          "type": "string",
          "description": "Gets or sets the etag of the resource."
        },
        "location": {
          "type": "string",
          "description": "The Azure Region where the resource lives"
        },
        "name": {
          "type": "string",
          "description": "The watcher name."
        },
        "properties": {
          "oneOf": [
            {
              "$ref": "#/definitions/WatcherProperties"
            },
            {
              "$ref": "https://schema.management.azure.com/schemas/common/definitions.json#/definitions/expression"
            }
          ],
          "description": "Definition of the watcher properties"
        },
        "tags": {
          "oneOf": [
            {
              "type": "object",
              "additionalProperties": {
                "type": "string"
              },
              "properties": {}
            },
            {
              "$ref": "https://schema.management.azure.com/schemas/common/definitions.json#/definitions/expression"
            }
          ],
          "description": "Resource tags."
        },
        "type": {
          "type": "string",
          "enum": [
            "Microsoft.Automation/automationAccounts/watchers"
          ]
        }
      },
      "required": [
        "apiVersion",
        "name",
        "properties",
        "type"
      ],
      "description": "Microsoft.Automation/automationAccounts/watchers"
    },
    "automationAccounts_webhooks": {
      "type": "object",
      "properties": {
        "apiVersion": {
          "type": "string",
          "enum": [
            "2015-10-31"
          ]
        },
        "name": {
          "type": "string",
          "description": "The webhook name."
        },
        "properties": {
          "oneOf": [
            {
              "$ref": "#/definitions/WebhookCreateOrUpdateProperties"
            },
            {
              "$ref": "https://schema.management.azure.com/schemas/common/definitions.json#/definitions/expression"
            }
          ],
          "description": "The properties of the create webhook operation."
        },
        "type": {
          "type": "string",
          "enum": [
            "Microsoft.Automation/automationAccounts/webhooks"
          ]
        }
      },
      "required": [
        "apiVersion",
        "name",
        "properties",
        "type"
      ],
      "description": "Microsoft.Automation/automationAccounts/webhooks"
    }
  },
  "definitions": {
    "AdvancedSchedule": {
      "type": "object",
      "properties": {
        "monthDays": {
          "oneOf": [
            {
              "type": "array",
              "items": {
                "type": "integer"
              }
            },
            {
              "$ref": "https://schema.management.azure.com/schemas/common/definitions.json#/definitions/expression"
            }
          ],
          "description": "Days of the month that the job should execute on. Must be between 1 and 31."
        },
        "monthlyOccurrences": {
          "oneOf": [
            {
              "type": "array",
              "items": {
                "$ref": "#/definitions/AdvancedScheduleMonthlyOccurrence"
              }
            },
            {
              "$ref": "https://schema.management.azure.com/schemas/common/definitions.json#/definitions/expression"
            }
          ],
          "description": "Occurrences of days within a month."
        },
        "weekDays": {
          "oneOf": [
            {
              "type": "array",
              "items": {
                "type": "string"
              }
            },
            {
              "$ref": "https://schema.management.azure.com/schemas/common/definitions.json#/definitions/expression"
            }
          ],
          "description": "Days of the week that the job should execute on."
        }
      },
      "description": "The properties of the create Advanced Schedule."
    },
    "AdvancedScheduleMonthlyOccurrence": {
      "type": "object",
      "properties": {
        "day": {
          "oneOf": [
            {
              "type": "string",
              "enum": [
                "Monday",
                "Tuesday",
                "Wednesday",
                "Thursday",
                "Friday",
                "Saturday",
                "Sunday"
              ]
            },
            {
              "$ref": "https://schema.management.azure.com/schemas/common/definitions.json#/definitions/expression"
            }
          ],
          "description": "Day of the occurrence. Must be one of monday, tuesday, wednesday, thursday, friday, saturday, sunday."
        },
        "occurrence": {
          "oneOf": [
            {
              "type": "integer"
            },
            {
              "$ref": "https://schema.management.azure.com/schemas/common/definitions.json#/definitions/expression"
            }
          ],
          "description": "Occurrence of the week within the month. Must be between 1 and 5"
        }
      },
      "description": "The properties of the create advanced schedule monthly occurrence."
    },
    "AutomationAccountCreateOrUpdateProperties": {
      "type": "object",
      "properties": {
        "sku": {
          "oneOf": [
            {
              "$ref": "#/definitions/Sku"
            },
            {
              "$ref": "https://schema.management.azure.com/schemas/common/definitions.json#/definitions/expression"
            }
          ],
          "description": "The account SKU."
        }
      },
      "description": "The parameters supplied to the create or update account properties."
    },
    "automationAccounts_certificates_childResource": {
      "type": "object",
      "properties": {
        "apiVersion": {
          "type": "string",
          "enum": [
            "2015-10-31"
          ]
        },
        "name": {
          "type": "string",
          "description": "The parameters supplied to the create or update certificate operation."
        },
        "properties": {
          "oneOf": [
            {
              "$ref": "#/definitions/CertificateCreateOrUpdateProperties"
            },
            {
              "$ref": "https://schema.management.azure.com/schemas/common/definitions.json#/definitions/expression"
            }
          ],
          "description": "The properties of the create certificate operation."
        },
        "type": {
          "type": "string",
          "enum": [
            "certificates"
          ]
        }
      },
      "required": [
        "apiVersion",
        "name",
        "properties",
        "type"
      ],
      "description": "Microsoft.Automation/automationAccounts/certificates"
    },
    "automationAccounts_compilationjobs_childResource": {
      "type": "object",
      "properties": {
        "apiVersion": {
          "type": "string",
          "enum": [
            "2015-10-31"
          ]
        },
        "location": {
          "type": "string",
          "description": "Gets or sets the location of the resource."
        },
        "name": {
          "oneOf": [
            {
              "type": "string",
              "pattern": "^[0-9a-fA-F]{8}(-[0-9a-fA-F]{4}){3}-[0-9a-fA-F]{12}$"
            },
            {
              "$ref": "https://schema.management.azure.com/schemas/common/definitions.json#/definitions/expression"
            }
          ],
          "description": "The DSC configuration Id."
        },
        "properties": {
          "oneOf": [
            {
              "$ref": "#/definitions/DscCompilationJobCreateProperties"
            },
            {
              "$ref": "https://schema.management.azure.com/schemas/common/definitions.json#/definitions/expression"
            }
          ],
          "description": "The parameters supplied to the create compilation job operation."
        },
        "tags": {
          "oneOf": [
            {
              "type": "object",
              "additionalProperties": {
                "type": "string"
              },
              "properties": {}
            },
            {
              "$ref": "https://schema.management.azure.com/schemas/common/definitions.json#/definitions/expression"
            }
          ],
          "description": "Gets or sets the tags attached to the resource."
        },
        "type": {
          "type": "string",
          "enum": [
            "compilationjobs"
          ]
        }
      },
      "required": [
        "apiVersion",
        "name",
        "properties",
        "type"
      ],
      "description": "Microsoft.Automation/automationAccounts/compilationjobs"
    },
    "automationAccounts_configurations_childResource": {
      "type": "object",
      "properties": {
        "apiVersion": {
          "type": "string",
          "enum": [
            "2015-10-31"
          ]
        },
        "location": {
          "type": "string",
          "description": "Gets or sets the location of the resource."
        },
        "name": {
          "type": "string",
          "description": "The create or update parameters for configuration."
        },
        "properties": {
          "oneOf": [
            {
              "$ref": "#/definitions/DscConfigurationCreateOrUpdateProperties"
            },
            {
              "$ref": "https://schema.management.azure.com/schemas/common/definitions.json#/definitions/expression"
            }
          ],
          "description": "The properties to create or update configuration."
        },
        "tags": {
          "oneOf": [
            {
              "type": "object",
              "additionalProperties": {
                "type": "string"
              },
              "properties": {}
            },
            {
              "$ref": "https://schema.management.azure.com/schemas/common/definitions.json#/definitions/expression"
            }
          ],
          "description": "Gets or sets the tags attached to the resource."
        },
        "type": {
          "type": "string",
          "enum": [
            "configurations"
          ]
        }
      },
      "required": [
        "apiVersion",
        "name",
        "properties",
        "type"
      ],
      "description": "Microsoft.Automation/automationAccounts/configurations"
    },
    "automationAccounts_connections_childResource": {
      "type": "object",
      "properties": {
        "apiVersion": {
          "type": "string",
          "enum": [
            "2015-10-31"
          ]
        },
        "name": {
          "type": "string",
          "description": "The parameters supplied to the create or update connection operation."
        },
        "properties": {
          "oneOf": [
            {
              "$ref": "#/definitions/ConnectionCreateOrUpdateProperties"
            },
            {
              "$ref": "https://schema.management.azure.com/schemas/common/definitions.json#/definitions/expression"
            }
          ],
          "description": "The properties of the create connection properties"
        },
        "type": {
          "type": "string",
          "enum": [
            "connections"
          ]
        }
      },
      "required": [
        "apiVersion",
        "name",
        "properties",
        "type"
      ],
      "description": "Microsoft.Automation/automationAccounts/connections"
    },
    "automationAccounts_connectionTypes_childResource": {
      "type": "object",
      "properties": {
        "apiVersion": {
          "type": "string",
          "enum": [
            "2015-10-31"
          ]
        },
        "name": {
          "type": "string",
          "description": "The parameters supplied to the create or update connection type operation."
        },
        "properties": {
          "oneOf": [
            {
              "$ref": "#/definitions/ConnectionTypeCreateOrUpdateProperties"
            },
            {
              "$ref": "https://schema.management.azure.com/schemas/common/definitions.json#/definitions/expression"
            }
          ],
          "description": "The properties of the create connection type."
        },
        "type": {
          "type": "string",
          "enum": [
            "connectionTypes"
          ]
        }
      },
      "required": [
        "apiVersion",
        "name",
        "properties",
        "type"
      ],
      "description": "Microsoft.Automation/automationAccounts/connectionTypes"
    },
    "automationAccounts_credentials_childResource": {
      "type": "object",
      "properties": {
        "apiVersion": {
          "type": "string",
          "enum": [
            "2015-10-31"
          ]
        },
        "name": {
          "type": "string",
          "description": "The parameters supplied to the create or update credential operation."
        },
        "properties": {
          "oneOf": [
            {
              "$ref": "#/definitions/CredentialCreateOrUpdateProperties"
            },
            {
              "$ref": "https://schema.management.azure.com/schemas/common/definitions.json#/definitions/expression"
            }
          ],
          "description": "The properties of the create credential operation."
        },
        "type": {
          "type": "string",
          "enum": [
            "credentials"
          ]
        }
      },
      "required": [
        "apiVersion",
        "name",
        "properties",
        "type"
      ],
      "description": "Microsoft.Automation/automationAccounts/credentials"
    },
    "automationAccounts_jobSchedules_childResource": {
      "type": "object",
      "properties": {
        "apiVersion": {
          "type": "string",
          "enum": [
            "2015-10-31"
          ]
        },
        "name": {
          "oneOf": [
            {
              "type": "string",
              "pattern": "^[0-9a-fA-F]{8}(-[0-9a-fA-F]{4}){3}-[0-9a-fA-F]{12}$"
            },
            {
              "$ref": "https://schema.management.azure.com/schemas/common/definitions.json#/definitions/expression"
            }
          ],
          "description": "The job schedule name."
        },
        "properties": {
          "oneOf": [
            {
              "$ref": "#/definitions/JobScheduleCreateProperties"
            },
            {
              "$ref": "https://schema.management.azure.com/schemas/common/definitions.json#/definitions/expression"
            }
          ],
          "description": "The parameters supplied to the create job schedule operation."
        },
        "type": {
          "type": "string",
          "enum": [
            "jobSchedules"
          ]
        }
      },
      "required": [
        "apiVersion",
        "name",
        "properties",
        "type"
      ],
      "description": "Microsoft.Automation/automationAccounts/jobSchedules"
    },
    "automationAccounts_jobs_childResource": {
      "type": "object",
      "properties": {
        "apiVersion": {
          "type": "string",
          "enum": [
            "2015-10-31"
          ]
        },
        "name": {
          "oneOf": [
            {
              "type": "string",
              "pattern": "^[0-9a-fA-F]{8}(-[0-9a-fA-F]{4}){3}-[0-9a-fA-F]{12}$"
            },
            {
              "$ref": "https://schema.management.azure.com/schemas/common/definitions.json#/definitions/expression"
            }
          ],
          "description": "The job id."
        },
        "properties": {
          "oneOf": [
            {
              "$ref": "#/definitions/JobCreateProperties"
            },
            {
              "$ref": "https://schema.management.azure.com/schemas/common/definitions.json#/definitions/expression"
            }
          ],
          "description": "The parameters supplied to the create job operation."
        },
        "type": {
          "type": "string",
          "enum": [
            "jobs"
          ]
        }
      },
      "required": [
        "apiVersion",
        "name",
        "properties",
        "type"
      ],
      "description": "Microsoft.Automation/automationAccounts/jobs"
    },
    "automationAccounts_modules_childResource": {
      "type": "object",
      "properties": {
        "apiVersion": {
          "type": "string",
          "enum": [
            "2015-10-31"
          ]
        },
        "location": {
          "type": "string",
          "description": "Gets or sets the location of the resource."
        },
        "name": {
          "type": "string",
          "description": "The name of module."
        },
        "properties": {
          "oneOf": [
            {
              "$ref": "#/definitions/ModuleCreateOrUpdateProperties"
            },
            {
              "$ref": "https://schema.management.azure.com/schemas/common/definitions.json#/definitions/expression"
            }
          ],
          "description": "The parameters supplied to the create or update module properties."
        },
        "tags": {
          "oneOf": [
            {
              "type": "object",
              "additionalProperties": {
                "type": "string"
              },
              "properties": {}
            },
            {
              "$ref": "https://schema.management.azure.com/schemas/common/definitions.json#/definitions/expression"
            }
          ],
          "description": "Gets or sets the tags attached to the resource."
        },
        "type": {
          "type": "string",
          "enum": [
            "modules"
          ]
        }
      },
      "required": [
        "apiVersion",
        "name",
        "properties",
        "type"
      ],
      "description": "Microsoft.Automation/automationAccounts/modules"
    },
    "automationAccounts_nodeConfigurations_childResource": {
      "type": "object",
      "properties": {
        "apiVersion": {
          "type": "string",
          "enum": [
            "2015-10-31"
          ]
        },
        "configuration": {
          "oneOf": [
            {
              "$ref": "#/definitions/DscConfigurationAssociationProperty"
            },
            {
              "$ref": "https://schema.management.azure.com/schemas/common/definitions.json#/definitions/expression"
            }
          ],
          "description": "The Dsc configuration property associated with the entity."
        },
        "incrementNodeConfigurationBuild": {
          "oneOf": [
            {
              "type": "boolean"
            },
            {
              "$ref": "https://schema.management.azure.com/schemas/common/definitions.json#/definitions/expression"
            }
          ],
          "description": "If a new build version of NodeConfiguration is required."
        },
        "name": {
          "type": "string",
          "description": "The create or update parameters for configuration."
        },
        "source": {
          "oneOf": [
            {
              "$ref": "#/definitions/ContentSource"
            },
            {
              "$ref": "https://schema.management.azure.com/schemas/common/definitions.json#/definitions/expression"
            }
          ],
          "description": "Definition of the content source."
        },
        "type": {
          "type": "string",
          "enum": [
            "nodeConfigurations"
          ]
        }
      },
      "required": [
        "apiVersion",
        "configuration",
        "name",
        "source",
        "type"
      ],
      "description": "Microsoft.Automation/automationAccounts/nodeConfigurations"
    },
    "automationAccounts_runbooks_childResource": {
      "type": "object",
      "properties": {
        "apiVersion": {
          "type": "string",
          "enum": [
            "2015-10-31"
          ]
        },
        "location": {
          "type": "string",
          "description": "Gets or sets the location of the resource."
        },
        "name": {
          "type": "string",
          "description": "The runbook name."
        },
        "properties": {
          "oneOf": [
            {
              "$ref": "#/definitions/RunbookCreateOrUpdateProperties"
            },
            {
              "$ref": "https://schema.management.azure.com/schemas/common/definitions.json#/definitions/expression"
            }
          ],
          "description": "The parameters supplied to the create or update runbook properties."
        },
        "tags": {
          "oneOf": [
            {
              "type": "object",
              "additionalProperties": {
                "type": "string"
              },
              "properties": {}
            },
            {
              "$ref": "https://schema.management.azure.com/schemas/common/definitions.json#/definitions/expression"
            }
          ],
          "description": "Gets or sets the tags attached to the resource."
        },
        "type": {
          "type": "string",
          "enum": [
            "runbooks"
          ]
        }
      },
      "required": [
        "apiVersion",
        "name",
        "properties",
        "type"
      ],
      "description": "Microsoft.Automation/automationAccounts/runbooks"
    },
    "automationAccounts_runbooks_draft_childResource": {
      "type": "object",
      "oneOf": [
        {
          "type": "object",
          "properties": {
            "name": {
              "type": "string",
              "enum": [
                "content"
              ]
            }
          },
          "required": [
            "name"
          ],
          "description": "Microsoft.Automation/automationAccounts/runbooks/draft"
        },
        {
          "type": "object",
          "properties": {
            "name": {
              "type": "string",
              "enum": [
                "testJob"
              ]
            },
            "parameters": {
              "oneOf": [
                {
                  "type": "object",
                  "additionalProperties": {
                    "type": "string"
                  },
                  "properties": {}
                },
                {
                  "$ref": "https://schema.management.azure.com/schemas/common/definitions.json#/definitions/expression"
                }
              ],
              "description": "Gets or sets the parameters of the test job."
            },
            "runOn": {
              "type": "string",
              "description": "Gets or sets the runOn which specifies the group name where the job is to be executed."
            }
          },
          "required": [
            "name"
          ],
          "description": "Microsoft.Automation/automationAccounts/runbooks/draft"
        }
      ],
      "properties": {
        "apiVersion": {
          "type": "string",
          "enum": [
            "2015-10-31"
          ]
        },
        "type": {
          "type": "string",
          "enum": [
            "draft"
          ]
        }
      },
      "required": [
        "apiVersion",
        "type"
      ],
      "description": "Microsoft.Automation/automationAccounts/runbooks/draft"
    },
    "automationAccounts_schedules_childResource": {
      "type": "object",
      "properties": {
        "apiVersion": {
          "type": "string",
          "enum": [
            "2015-10-31"
          ]
        },
        "name": {
          "type": "string",
          "description": "The schedule name."
        },
        "properties": {
          "oneOf": [
            {
              "$ref": "#/definitions/ScheduleCreateOrUpdateProperties"
            },
            {
              "$ref": "https://schema.management.azure.com/schemas/common/definitions.json#/definitions/expression"
            }
          ],
          "description": "The parameters supplied to the create or update schedule operation."
        },
        "type": {
          "type": "string",
          "enum": [
            "schedules"
          ]
        }
      },
      "required": [
        "apiVersion",
        "name",
        "properties",
        "type"
      ],
      "description": "Microsoft.Automation/automationAccounts/schedules"
    },
    "automationAccounts_variables_childResource": {
      "type": "object",
      "properties": {
        "apiVersion": {
          "type": "string",
          "enum": [
            "2015-10-31"
          ]
        },
        "name": {
          "type": "string",
          "description": "The variable name."
        },
        "properties": {
          "oneOf": [
            {
              "$ref": "#/definitions/VariableCreateOrUpdateProperties"
            },
            {
              "$ref": "https://schema.management.azure.com/schemas/common/definitions.json#/definitions/expression"
            }
          ],
          "description": "The properties of the create variable operation."
        },
        "type": {
          "type": "string",
          "enum": [
            "variables"
          ]
        }
      },
      "required": [
        "apiVersion",
        "name",
        "properties",
        "type"
      ],
      "description": "Microsoft.Automation/automationAccounts/variables"
    },
    "automationAccounts_watchers_childResource": {
      "type": "object",
      "properties": {
        "apiVersion": {
          "type": "string",
          "enum": [
            "2015-10-31"
          ]
        },
        "etag": {
          "type": "string",
          "description": "Gets or sets the etag of the resource."
        },
        "location": {
          "type": "string",
          "description": "The Azure Region where the resource lives"
        },
        "name": {
          "type": "string",
          "description": "The watcher name."
        },
        "properties": {
          "oneOf": [
            {
              "$ref": "#/definitions/WatcherProperties"
            },
            {
              "$ref": "https://schema.management.azure.com/schemas/common/definitions.json#/definitions/expression"
            }
          ],
          "description": "Definition of the watcher properties"
        },
        "tags": {
          "oneOf": [
            {
              "type": "object",
              "additionalProperties": {
                "type": "string"
              },
              "properties": {}
            },
            {
              "$ref": "https://schema.management.azure.com/schemas/common/definitions.json#/definitions/expression"
            }
          ],
          "description": "Resource tags."
        },
        "type": {
          "type": "string",
          "enum": [
            "watchers"
          ]
        }
      },
      "required": [
        "apiVersion",
        "name",
        "properties",
        "type"
      ],
      "description": "Microsoft.Automation/automationAccounts/watchers"
    },
    "automationAccounts_webhooks_childResource": {
      "type": "object",
      "properties": {
        "apiVersion": {
          "type": "string",
          "enum": [
            "2015-10-31"
          ]
        },
        "name": {
          "type": "string",
          "description": "The webhook name."
        },
        "properties": {
          "oneOf": [
            {
              "$ref": "#/definitions/WebhookCreateOrUpdateProperties"
            },
            {
              "$ref": "https://schema.management.azure.com/schemas/common/definitions.json#/definitions/expression"
            }
          ],
          "description": "The properties of the create webhook operation."
        },
        "type": {
          "type": "string",
          "enum": [
            "webhooks"
          ]
        }
      },
      "required": [
        "apiVersion",
        "name",
        "properties",
        "type"
      ],
      "description": "Microsoft.Automation/automationAccounts/webhooks"
    },
    "CertificateCreateOrUpdateProperties": {
      "type": "object",
      "properties": {
        "base64Value": {
          "type": "string",
          "description": "Gets or sets the base64 encoded value of the certificate."
        },
        "description": {
          "type": "string",
          "description": "Gets or sets the description of the certificate."
        },
        "isExportable": {
          "oneOf": [
            {
              "type": "boolean"
            },
            {
              "$ref": "https://schema.management.azure.com/schemas/common/definitions.json#/definitions/expression"
            }
          ],
          "description": "Gets or sets the is exportable flag of the certificate."
        },
        "thumbprint": {
          "type": "string",
          "description": "Gets or sets the thumbprint of the certificate."
        }
      },
      "required": [
        "base64Value"
      ],
      "description": "The properties of the create certificate operation."
    },
    "ConnectionCreateOrUpdateProperties": {
      "type": "object",
      "properties": {
        "connectionType": {
          "oneOf": [
            {
              "$ref": "#/definitions/ConnectionTypeAssociationProperty"
            },
            {
              "$ref": "https://schema.management.azure.com/schemas/common/definitions.json#/definitions/expression"
            }
          ],
          "description": "The connection type property associated with the entity."
        },
        "description": {
          "type": "string",
          "description": "Gets or sets the description of the connection."
        },
        "fieldDefinitionValues": {
          "oneOf": [
            {
              "type": "object",
              "additionalProperties": {
                "type": "string"
              },
              "properties": {}
            },
            {
              "$ref": "https://schema.management.azure.com/schemas/common/definitions.json#/definitions/expression"
            }
          ],
          "description": "Gets or sets the field definition properties of the connection."
        }
      },
      "required": [
        "connectionType"
      ],
      "description": "The properties of the create connection properties"
    },
    "ConnectionTypeAssociationProperty": {
      "type": "object",
      "properties": {
        "name": {
          "type": "string",
          "description": "Gets or sets the name of the connection type."
        }
      },
      "description": "The connection type property associated with the entity."
    },
    "ConnectionTypeCreateOrUpdateProperties": {
      "type": "object",
      "properties": {
        "fieldDefinitions": {
          "oneOf": [
            {
              "type": "object",
              "additionalProperties": {
                "$ref": "#/definitions/FieldDefinition"
              },
              "properties": {}
            },
            {
              "$ref": "https://schema.management.azure.com/schemas/common/definitions.json#/definitions/expression"
            }
          ],
          "description": "Gets or sets the field definitions of the connection type."
        },
        "isGlobal": {
          "oneOf": [
            {
              "type": "boolean"
            },
            {
              "$ref": "https://schema.management.azure.com/schemas/common/definitions.json#/definitions/expression"
            }
          ],
          "description": "Gets or sets a Boolean value to indicate if the connection type is global."
        }
      },
      "required": [
        "fieldDefinitions"
      ],
      "description": "The properties of the create connection type."
    },
    "ContentHash": {
      "type": "object",
      "properties": {
        "algorithm": {
          "type": "string",
          "description": "Gets or sets the content hash algorithm used to hash the content."
        },
        "value": {
          "type": "string",
          "description": "Gets or sets expected hash value of the content."
        }
      },
      "required": [
        "algorithm",
        "value"
      ],
      "description": "Definition of the runbook property type."
    },
    "ContentLink": {
      "type": "object",
      "properties": {
        "contentHash": {
          "oneOf": [
            {
              "$ref": "#/definitions/ContentHash"
            },
            {
              "$ref": "https://schema.management.azure.com/schemas/common/definitions.json#/definitions/expression"
            }
          ],
          "description": "Definition of the runbook property type."
        },
        "uri": {
          "type": "string",
          "description": "Gets or sets the uri of the runbook content."
        },
        "version": {
          "type": "string",
          "description": "Gets or sets the version of the content."
        }
      },
      "description": "Definition of the content link."
    },
    "ContentSource": {
      "type": "object",
      "properties": {
        "hash": {
          "oneOf": [
            {
              "$ref": "#/definitions/ContentHash"
            },
            {
              "$ref": "https://schema.management.azure.com/schemas/common/definitions.json#/definitions/expression"
            }
          ],
          "description": "Definition of the runbook property type."
        },
        "type": {
          "oneOf": [
            {
              "type": "string",
              "enum": [
                "embeddedContent",
                "uri"
              ]
            },
            {
              "$ref": "https://schema.management.azure.com/schemas/common/definitions.json#/definitions/expression"
            }
          ],
          "description": "Gets or sets the content source type."
        },
        "value": {
          "type": "string",
          "description": "Gets or sets the value of the content. This is based on the content source type."
        },
        "version": {
          "type": "string",
          "description": "Gets or sets the version of the content."
        }
      },
      "description": "Definition of the content source."
    },
    "CredentialCreateOrUpdateProperties": {
      "type": "object",
      "properties": {
        "description": {
          "type": "string",
          "description": "Gets or sets the description of the credential."
        },
        "password": {
          "type": "string",
          "description": "Gets or sets the password of the credential."
        },
        "userName": {
          "type": "string",
          "description": "Gets or sets the user name of the credential."
        }
      },
      "required": [
        "password",
        "userName"
      ],
      "description": "The properties of the create credential operation."
    },
    "DscCompilationJobCreateProperties": {
      "type": "object",
      "properties": {
        "configuration": {
          "oneOf": [
            {
              "$ref": "#/definitions/DscConfigurationAssociationProperty"
            },
            {
              "$ref": "https://schema.management.azure.com/schemas/common/definitions.json#/definitions/expression"
            }
          ],
          "description": "The Dsc configuration property associated with the entity."
        },
        "incrementNodeConfigurationBuild": {
          "oneOf": [
            {
              "type": "boolean"
            },
            {
              "$ref": "https://schema.management.azure.com/schemas/common/definitions.json#/definitions/expression"
            }
          ],
          "description": "If a new build version of NodeConfiguration is required."
        },
        "parameters": {
          "oneOf": [
            {
              "type": "object",
              "additionalProperties": {
                "type": "string"
              },
              "properties": {}
            },
            {
              "$ref": "https://schema.management.azure.com/schemas/common/definitions.json#/definitions/expression"
            }
          ],
          "description": "Gets or sets the parameters of the job."
        }
      },
      "required": [
        "configuration"
      ],
      "description": "The parameters supplied to the create compilation job operation."
    },
    "DscConfigurationAssociationProperty": {
      "type": "object",
      "properties": {
        "name": {
          "type": "string",
          "description": "Gets or sets the name of the Dsc configuration."
        }
      },
      "description": "The Dsc configuration property associated with the entity."
    },
    "DscConfigurationCreateOrUpdateProperties": {
      "type": "object",
      "properties": {
        "description": {
          "type": "string",
          "description": "Gets or sets the description of the configuration."
        },
        "logProgress": {
          "oneOf": [
            {
              "type": "boolean"
            },
            {
              "$ref": "https://schema.management.azure.com/schemas/common/definitions.json#/definitions/expression"
            }
          ],
          "description": "Gets or sets progress log option."
        },
        "logVerbose": {
          "oneOf": [
            {
              "type": "boolean"
            },
            {
              "$ref": "https://schema.management.azure.com/schemas/common/definitions.json#/definitions/expression"
            }
          ],
          "description": "Gets or sets verbose log option."
        },
        "parameters": {
          "oneOf": [
            {
              "type": "object",
              "additionalProperties": {
                "$ref": "#/definitions/DscConfigurationParameter"
              },
              "properties": {}
            },
            {
              "$ref": "https://schema.management.azure.com/schemas/common/definitions.json#/definitions/expression"
            }
          ],
          "description": "Gets or sets the configuration parameters."
        },
        "source": {
          "oneOf": [
            {
              "$ref": "#/definitions/ContentSource"
            },
            {
              "$ref": "https://schema.management.azure.com/schemas/common/definitions.json#/definitions/expression"
            }
          ],
          "description": "Definition of the content source."
        }
      },
      "required": [
        "source"
      ],
      "description": "The properties to create or update configuration."
    },
    "DscConfigurationParameter": {
      "type": "object",
      "properties": {
        "defaultValue": {
          "type": "string",
          "description": "Gets or sets the default value of parameter."
        },
        "isMandatory": {
          "oneOf": [
            {
              "type": "boolean"
            },
            {
              "$ref": "https://schema.management.azure.com/schemas/common/definitions.json#/definitions/expression"
            }
          ],
          "description": "Gets or sets a Boolean value to indicate whether the parameter is mandatory or not."
        },
        "position": {
          "oneOf": [
            {
              "type": "integer"
            },
            {
              "$ref": "https://schema.management.azure.com/schemas/common/definitions.json#/definitions/expression"
            }
          ],
          "description": "Get or sets the position of the parameter."
        },
        "type": {
          "type": "string",
          "description": "Gets or sets the type of the parameter."
        }
      },
      "description": "Definition of the configuration parameter type."
    },
    "FieldDefinition": {
      "type": "object",
      "properties": {
        "isEncrypted": {
          "oneOf": [
            {
              "type": "boolean"
            },
            {
              "$ref": "https://schema.management.azure.com/schemas/common/definitions.json#/definitions/expression"
            }
          ],
          "description": "Gets or sets the isEncrypted flag of the connection field definition."
        },
        "isOptional": {
          "oneOf": [
            {
              "type": "boolean"
            },
            {
              "$ref": "https://schema.management.azure.com/schemas/common/definitions.json#/definitions/expression"
            }
          ],
          "description": "Gets or sets the isOptional flag of the connection field definition."
        },
        "type": {
          "type": "string",
          "description": "Gets or sets the type of the connection field definition."
        }
      },
      "required": [
        "type"
      ],
      "description": "Definition of the connection fields."
    },
    "JobCreateProperties": {
      "type": "object",
      "properties": {
        "parameters": {
          "oneOf": [
            {
              "type": "object",
              "additionalProperties": {
                "type": "string"
              },
              "properties": {}
            },
            {
              "$ref": "https://schema.management.azure.com/schemas/common/definitions.json#/definitions/expression"
            }
          ],
          "description": "Gets or sets the parameters of the job."
        },
        "runbook": {
          "oneOf": [
            {
              "$ref": "#/definitions/RunbookAssociationProperty"
            },
            {
              "$ref": "https://schema.management.azure.com/schemas/common/definitions.json#/definitions/expression"
            }
          ],
          "description": "The runbook property associated with the entity."
        },
        "runOn": {
          "type": "string",
          "description": "Gets or sets the runOn which specifies the group name where the job is to be executed."
        }
      },
      "required": [
        "runbook"
      ],
      "description": "The parameters supplied to the create job operation."
    },
    "JobScheduleCreateProperties": {
      "type": "object",
      "properties": {
        "parameters": {
          "oneOf": [
            {
              "type": "object",
              "additionalProperties": {
                "type": "string"
              },
              "properties": {}
            },
            {
              "$ref": "https://schema.management.azure.com/schemas/common/definitions.json#/definitions/expression"
            }
          ],
          "description": "Gets or sets a list of job properties."
        },
        "runbook": {
          "oneOf": [
            {
              "$ref": "#/definitions/RunbookAssociationProperty"
            },
            {
              "$ref": "https://schema.management.azure.com/schemas/common/definitions.json#/definitions/expression"
            }
          ],
          "description": "The runbook property associated with the entity."
        },
        "runOn": {
          "type": "string",
          "description": "Gets or sets the hybrid worker group that the scheduled job should run on."
        },
        "schedule": {
          "oneOf": [
            {
              "$ref": "#/definitions/ScheduleAssociationProperty"
            },
            {
              "$ref": "https://schema.management.azure.com/schemas/common/definitions.json#/definitions/expression"
            }
          ],
          "description": "The schedule property associated with the entity."
        }
      },
      "required": [
        "runbook",
        "schedule"
      ],
      "description": "The parameters supplied to the create job schedule operation."
    },
    "ModuleCreateOrUpdateProperties": {
      "type": "object",
      "properties": {
        "contentLink": {
          "oneOf": [
            {
              "$ref": "#/definitions/ContentLink"
            },
            {
              "$ref": "https://schema.management.azure.com/schemas/common/definitions.json#/definitions/expression"
            }
          ],
          "description": "Definition of the content link."
        }
      },
      "required": [
        "contentLink"
      ],
      "description": "The parameters supplied to the create or update module properties."
    },
    "RunbookAssociationProperty": {
      "type": "object",
      "properties": {
        "name": {
          "type": "string",
          "description": "Gets or sets the name of the runbook."
        }
      },
      "description": "The runbook property associated with the entity."
    },
    "RunbookCreateOrUpdateProperties": {
      "type": "object",
      "properties": {
        "description": {
          "type": "string",
          "description": "Gets or sets the description of the runbook."
        },
        "draft": {
          "oneOf": [
            {
              "$ref": "#/definitions/RunbookDraft"
            },
            {
              "$ref": "https://schema.management.azure.com/schemas/common/definitions.json#/definitions/expression"
            }
          ]
        },
        "logActivityTrace": {
          "oneOf": [
            {
              "type": "integer"
            },
            {
              "$ref": "https://schema.management.azure.com/schemas/common/definitions.json#/definitions/expression"
            }
          ],
          "description": "Gets or sets the activity-level tracing options of the runbook."
        },
        "logProgress": {
          "oneOf": [
            {
              "type": "boolean"
            },
            {
              "$ref": "https://schema.management.azure.com/schemas/common/definitions.json#/definitions/expression"
            }
          ],
          "description": "Gets or sets progress log option."
        },
        "logVerbose": {
          "oneOf": [
            {
              "type": "boolean"
            },
            {
              "$ref": "https://schema.management.azure.com/schemas/common/definitions.json#/definitions/expression"
            }
          ],
          "description": "Gets or sets verbose log option."
        },
        "publishContentLink": {
          "oneOf": [
            {
              "$ref": "#/definitions/ContentLink"
            },
            {
              "$ref": "https://schema.management.azure.com/schemas/common/definitions.json#/definitions/expression"
            }
          ],
          "description": "Definition of the content link."
        },
        "runbookType": {
          "oneOf": [
            {
              "type": "string",
              "enum": [
                "Script",
                "Graph",
                "PowerShellWorkflow",
                "PowerShell",
                "GraphPowerShellWorkflow",
                "GraphPowerShell"
              ]
            },
            {
              "$ref": "https://schema.management.azure.com/schemas/common/definitions.json#/definitions/expression"
            }
          ],
          "description": "Gets or sets the type of the runbook."
        }
      },
      "required": [
        "runbookType"
      ],
      "description": "The parameters supplied to the create or update runbook properties."
    },
    "RunbookDraft": {
      "type": "object",
      "properties": {
        "creationTime": {
          "type": "string",
          "format": "date-time",
          "description": "Gets or sets the creation time of the runbook draft."
        },
        "draftContentLink": {
          "oneOf": [
            {
              "$ref": "#/definitions/ContentLink"
            },
            {
              "$ref": "https://schema.management.azure.com/schemas/common/definitions.json#/definitions/expression"
            }
          ],
          "description": "Definition of the content link."
        },
        "inEdit": {
          "oneOf": [
            {
              "type": "boolean"
            },
            {
              "$ref": "https://schema.management.azure.com/schemas/common/definitions.json#/definitions/expression"
            }
          ],
          "description": "Gets or sets whether runbook is in edit mode."
        },
        "lastModifiedTime": {
          "type": "string",
          "format": "date-time",
          "description": "Gets or sets the last modified time of the runbook draft."
        },
        "outputTypes": {
          "oneOf": [
            {
              "type": "array",
              "items": {
                "type": "string"
              }
            },
            {
              "$ref": "https://schema.management.azure.com/schemas/common/definitions.json#/definitions/expression"
            }
          ],
          "description": "Gets or sets the runbook output types."
        },
        "parameters": {
          "oneOf": [
            {
              "type": "object",
              "additionalProperties": {
                "$ref": "#/definitions/RunbookParameter"
              },
              "properties": {}
            },
            {
              "$ref": "https://schema.management.azure.com/schemas/common/definitions.json#/definitions/expression"
            }
          ],
          "description": "Gets or sets the runbook draft parameters."
        }
      }
    },
    "RunbookParameter": {
      "type": "object",
      "properties": {
        "defaultValue": {
          "type": "string",
          "description": "Gets or sets the default value of parameter."
        },
        "isMandatory": {
          "oneOf": [
            {
              "type": "boolean"
            },
            {
              "$ref": "https://schema.management.azure.com/schemas/common/definitions.json#/definitions/expression"
            }
          ],
          "description": "Gets or sets a Boolean value to indicate whether the parameter is mandatory or not."
        },
        "position": {
          "oneOf": [
            {
              "type": "integer"
            },
            {
              "$ref": "https://schema.management.azure.com/schemas/common/definitions.json#/definitions/expression"
            }
          ],
          "description": "Get or sets the position of the parameter."
        },
        "type": {
          "type": "string",
          "description": "Gets or sets the type of the parameter."
        }
      },
      "description": "Definition of the runbook parameter type."
    },
    "ScheduleAssociationProperty": {
      "type": "object",
      "properties": {
        "name": {
          "type": "string",
          "description": "Gets or sets the name of the Schedule."
        }
      },
      "description": "The schedule property associated with the entity."
    },
    "ScheduleCreateOrUpdateProperties": {
      "type": "object",
      "properties": {
        "advancedSchedule": {
          "oneOf": [
            {
              "$ref": "#/definitions/AdvancedSchedule"
            },
            {
              "$ref": "https://schema.management.azure.com/schemas/common/definitions.json#/definitions/expression"
            }
          ],
          "description": "The properties of the create Advanced Schedule."
        },
        "description": {
          "type": "string",
          "description": "Gets or sets the description of the schedule."
        },
        "expiryTime": {
          "type": "string",
          "format": "date-time",
          "description": "Gets or sets the end time of the schedule."
        },
        "frequency": {
          "oneOf": [
            {
              "type": "string",
              "enum": [
                "OneTime",
                "Day",
                "Hour",
                "Week",
                "Month",
                "Minute"
              ]
            },
            {
              "$ref": "https://schema.management.azure.com/schemas/common/definitions.json#/definitions/expression"
            }
          ],
          "description": "Gets or sets the frequency of the schedule."
        },
        "interval": {
          "type": "object",
          "properties": {},
          "description": "Gets or sets the interval of the schedule."
        },
        "startTime": {
          "type": "string",
          "format": "date-time",
          "description": "Gets or sets the start time of the schedule."
        },
        "timeZone": {
          "type": "string",
          "description": "Gets or sets the time zone of the schedule."
        }
      },
      "required": [
        "frequency",
        "startTime"
      ],
      "description": "The parameters supplied to the create or update schedule operation."
    },
    "Sku": {
      "type": "object",
      "properties": {
        "capacity": {
          "oneOf": [
            {
              "type": "integer"
            },
            {
              "$ref": "https://schema.management.azure.com/schemas/common/definitions.json#/definitions/expression"
            }
          ],
          "description": "Gets or sets the SKU capacity."
        },
        "family": {
          "type": "string",
          "description": "Gets or sets the SKU family."
        },
        "name": {
          "oneOf": [
            {
              "type": "string",
              "enum": [
                "Free",
                "Basic"
              ]
            },
            {
              "$ref": "https://schema.management.azure.com/schemas/common/definitions.json#/definitions/expression"
            }
          ],
          "description": "Gets or sets the SKU name of the account."
        }
      },
      "required": [
        "name"
      ],
      "description": "The account SKU."
    },
    "VariableCreateOrUpdateProperties": {
      "type": "object",
      "properties": {
        "description": {
          "type": "string",
          "description": "Gets or sets the description of the variable."
        },
        "isEncrypted": {
          "oneOf": [
            {
              "type": "boolean"
            },
            {
              "$ref": "https://schema.management.azure.com/schemas/common/definitions.json#/definitions/expression"
            }
          ],
          "description": "Gets or sets the encrypted flag of the variable."
        },
        "value": {
          "type": "string",
          "description": "Gets or sets the value of the variable."
        }
      },
      "description": "The properties of the create variable operation."
    },
    "WatcherProperties": {
      "type": "object",
      "properties": {
        "description": {
          "type": "string",
          "description": "Gets or sets the description."
        },
        "executionFrequencyInSeconds": {
          "oneOf": [
            {
              "type": "integer"
            },
            {
              "$ref": "https://schema.management.azure.com/schemas/common/definitions.json#/definitions/expression"
            }
          ],
          "description": "Gets or sets the frequency at which the watcher is invoked."
        },
        "scriptName": {
          "type": "string",
          "description": "Gets or sets the name of the script the watcher is attached to, i.e. the name of an existing runbook."
        },
        "scriptParameters": {
          "oneOf": [
            {
              "type": "object",
              "additionalProperties": {
                "type": "string"
              },
              "properties": {}
            },
            {
              "$ref": "https://schema.management.azure.com/schemas/common/definitions.json#/definitions/expression"
            }
          ],
          "description": "Gets or sets the parameters of the script."
        },
        "scriptRunOn": {
          "type": "string",
          "description": "Gets or sets the name of the hybrid worker group the watcher will run on."
        }
      },
      "description": "Definition of the watcher properties"
    },
    "WebhookCreateOrUpdateProperties": {
      "type": "object",
      "properties": {
        "expiryTime": {
          "type": "string",
          "format": "date-time",
          "description": "Gets or sets the expiry time."
        },
        "isEnabled": {
          "oneOf": [
            {
              "type": "boolean"
            },
            {
              "$ref": "https://schema.management.azure.com/schemas/common/definitions.json#/definitions/expression"
            }
          ],
          "description": "Gets or sets the value of the enabled flag of webhook."
        },
        "parameters": {
          "oneOf": [
            {
              "type": "object",
              "additionalProperties": {
                "type": "string"
              },
              "properties": {}
            },
            {
              "$ref": "https://schema.management.azure.com/schemas/common/definitions.json#/definitions/expression"
            }
          ],
          "description": "Gets or sets the parameters of the job."
        },
        "runbook": {
          "oneOf": [
            {
              "$ref": "#/definitions/RunbookAssociationProperty"
            },
            {
              "$ref": "https://schema.management.azure.com/schemas/common/definitions.json#/definitions/expression"
            }
          ],
          "description": "The runbook property associated with the entity."
        },
        "runOn": {
          "type": "string",
          "description": "Gets or sets the name of the hybrid worker group the webhook job will run on."
        },
        "uri": {
          "type": "string",
          "description": "Gets or sets the uri."
        }
      },
      "description": "The properties of the create webhook operation."
    }
  }
}