{
  "id": "https://schema.management.azure.com/schemas/2019-08-01/Microsoft.Batch.json#",
  "$schema": "http://json-schema.org/draft-04/schema#",
  "title": "Microsoft.Batch",
  "description": "Microsoft Batch Resource Types",
  "resourceDefinitions": {
    "batchAccounts": {
      "type": "object",
      "properties": {
        "apiVersion": {
          "type": "string",
          "enum": [
            "2019-08-01"
          ]
        },
        "location": {
          "type": "string",
          "description": "The region in which to create the account."
        },
        "name": {
          "oneOf": [
            {
              "type": "string",
              "pattern": "^[-\\w\\._]+$",
              "minLength": 3,
              "maxLength": 24
            },
            {
              "$ref": "https://schema.management.azure.com/schemas/common/definitions.json#/definitions/expression"
            }
          ],
          "description": "A name for the Batch account which must be unique within the region. Batch account names must be between 3 and 24 characters in length and must use only numbers and lowercase letters. This name is used as part of the DNS name that is used to access the Batch service in the region in which the account is created. For example: http://accountname.region.batch.azure.com/."
        },
        "properties": {
          "oneOf": [
            {
              "$ref": "#/definitions/BatchAccountCreateProperties"
            },
            {
              "$ref": "https://schema.management.azure.com/schemas/common/definitions.json#/definitions/expression"
            }
          ],
          "description": "The properties of a Batch account."
        },
        "resources": {
          "type": "array",
          "items": {
            "oneOf": [
              {
                "$ref": "#/definitions/batchAccounts_applications_childResource"
              },
              {
                "$ref": "#/definitions/batchAccounts_certificates_childResource"
              },
              {
                "$ref": "#/definitions/batchAccounts_pools_childResource"
              }
            ]
          }
        },
        "tags": {
          "oneOf": [
            {
              "type": "object",
              "additionalProperties": {
                "type": "string"
              },
              "properties": {}
            },
            {
              "$ref": "https://schema.management.azure.com/schemas/common/definitions.json#/definitions/expression"
            }
          ],
          "description": "The user-specified tags associated with the account."
        },
        "type": {
          "type": "string",
          "enum": [
            "Microsoft.Batch/batchAccounts"
          ]
        }
      },
      "required": [
        "apiVersion",
        "location",
        "name",
        "properties",
        "type"
      ],
      "description": "Microsoft.Batch/batchAccounts"
    },
    "batchAccounts_applications": {
      "type": "object",
      "properties": {
        "apiVersion": {
          "type": "string",
          "enum": [
            "2019-08-01"
          ]
        },
        "name": {
          "oneOf": [
            {
              "type": "string",
              "pattern": "^[a-zA-Z0-9_-]+$",
              "minLength": 1,
              "maxLength": 64
            },
            {
              "$ref": "https://schema.management.azure.com/schemas/common/definitions.json#/definitions/expression"
            }
          ],
          "description": "The name of the application. This must be unique within the account."
        },
        "properties": {
          "oneOf": [
            {
              "$ref": "#/definitions/ApplicationProperties"
            },
            {
              "$ref": "https://schema.management.azure.com/schemas/common/definitions.json#/definitions/expression"
            }
          ],
          "description": "The properties associated with the Application."
        },
        "resources": {
          "type": "array",
          "items": {
            "oneOf": [
              {
                "$ref": "#/definitions/batchAccounts_applications_versions_childResource"
              }
            ]
          }
        },
        "type": {
          "type": "string",
          "enum": [
            "Microsoft.Batch/batchAccounts/applications"
          ]
        }
      },
      "required": [
        "apiVersion",
        "name",
        "properties",
        "type"
      ],
      "description": "Microsoft.Batch/batchAccounts/applications"
    },
    "batchAccounts_applications_versions": {
      "type": "object",
      "properties": {
        "apiVersion": {
          "type": "string",
          "enum": [
            "2019-08-01"
          ]
        },
        "name": {
          "oneOf": [
            {
              "type": "string",
              "pattern": "^[a-zA-Z0-9_-][a-zA-Z0-9_.-]*$",
              "minLength": 1,
              "maxLength": 64
            },
            {
              "$ref": "https://schema.management.azure.com/schemas/common/definitions.json#/definitions/expression"
            }
          ],
          "description": "The version of the application."
        },
        "properties": {
          "oneOf": [
            {
              "$ref": "#/definitions/ApplicationPackageProperties"
            },
            {
              "$ref": "https://schema.management.azure.com/schemas/common/definitions.json#/definitions/expression"
            }
          ],
          "description": "Properties of an application package"
        },
        "type": {
          "type": "string",
          "enum": [
            "Microsoft.Batch/batchAccounts/applications/versions"
          ]
        }
      },
      "required": [
        "apiVersion",
        "name",
        "properties",
        "type"
      ],
      "description": "Microsoft.Batch/batchAccounts/applications/versions"
    },
    "batchAccounts_certificates": {
      "type": "object",
      "properties": {
        "apiVersion": {
          "type": "string",
          "enum": [
            "2019-08-01"
          ]
        },
        "name": {
          "oneOf": [
            {
              "type": "string",
              "pattern": "^[\\w]+-[\\w]+$",
              "minLength": 5,
              "maxLength": 45
            },
            {
              "$ref": "https://schema.management.azure.com/schemas/common/definitions.json#/definitions/expression"
            }
          ],
          "description": "The identifier for the certificate. This must be made up of algorithm and thumbprint separated by a dash, and must match the certificate data in the request. For example SHA1-a3d1c5."
        },
        "properties": {
          "oneOf": [
            {
              "$ref": "#/definitions/CertificateCreateOrUpdateProperties"
            },
            {
              "$ref": "https://schema.management.azure.com/schemas/common/definitions.json#/definitions/expression"
            }
          ],
          "description": "Certificate properties for create operations"
        },
        "type": {
          "type": "string",
          "enum": [
            "Microsoft.Batch/batchAccounts/certificates"
          ]
        }
      },
      "required": [
        "apiVersion",
        "name",
        "properties",
        "type"
      ],
      "description": "Microsoft.Batch/batchAccounts/certificates"
    },
    "batchAccounts_pools": {
      "type": "object",
      "properties": {
        "apiVersion": {
          "type": "string",
          "enum": [
            "2019-08-01"
          ]
        },
        "name": {
          "oneOf": [
            {
              "type": "string",
              "pattern": "^[a-zA-Z0-9_-]+$",
              "minLength": 1,
              "maxLength": 64
            },
            {
              "$ref": "https://schema.management.azure.com/schemas/common/definitions.json#/definitions/expression"
            }
          ],
          "description": "The pool name. This must be unique within the account."
        },
        "properties": {
          "oneOf": [
            {
              "$ref": "#/definitions/PoolProperties"
            },
            {
              "$ref": "https://schema.management.azure.com/schemas/common/definitions.json#/definitions/expression"
            }
          ],
          "description": "Pool properties."
        },
        "type": {
          "type": "string",
          "enum": [
            "Microsoft.Batch/batchAccounts/pools"
          ]
        }
      },
      "required": [
        "apiVersion",
        "name",
        "properties",
        "type"
      ],
      "description": "Microsoft.Batch/batchAccounts/pools"
    }
  },
  "definitions": {
    "ApplicationPackageProperties": {
      "type": "object",
      "properties": {},
      "description": "Properties of an application package"
    },
    "ApplicationPackageReference": {
      "type": "object",
      "properties": {
        "id": {
          "type": "string"
        },
        "version": {
          "type": "string",
          "description": "If this is omitted, and no default version is specified for this application, the request fails with the error code InvalidApplicationPackageReferences. If you are calling the REST API directly, the HTTP status code is 409."
        }
      },
      "required": [
        "id"
      ]
    },
    "ApplicationProperties": {
      "type": "object",
      "properties": {
        "allowUpdates": {
          "oneOf": [
            {
              "type": "boolean"
            },
            {
              "$ref": "https://schema.management.azure.com/schemas/common/definitions.json#/definitions/expression"
            }
          ],
          "description": "A value indicating whether packages within the application may be overwritten using the same version string."
        },
        "defaultVersion": {
          "type": "string",
          "description": "The package to use if a client requests the application but does not specify a version. This property can only be set to the name of an existing package."
        },
        "displayName": {
          "type": "string",
          "description": "The display name for the application."
        }
      },
      "description": "The properties associated with the Application."
    },
    "AutoScaleSettings": {
      "type": "object",
      "properties": {
        "evaluationInterval": {
          "type": "string",
          "format": "duration",
          "description": "If omitted, the default value is 15 minutes (PT15M)."
        },
        "formula": {
          "type": "string"
        }
      },
      "required": [
        "formula"
      ]
    },
    "AutoStorageBaseProperties": {
      "type": "object",
      "properties": {
        "storageAccountId": {
          "type": "string",
          "description": "The resource ID of the storage account to be used for auto-storage account."
        }
      },
      "required": [
        "storageAccountId"
      ],
      "description": "The properties related to the auto-storage account."
    },
    "AutoUserSpecification": {
      "type": "object",
      "properties": {
        "elevationLevel": {
          "oneOf": [
            {
              "type": "string",
              "enum": [
                "NonAdmin",
                "Admin"
              ]
            },
            {
              "$ref": "https://schema.management.azure.com/schemas/common/definitions.json#/definitions/expression"
            }
          ],
          "description": "The default value is nonAdmin."
        },
        "scope": {
          "oneOf": [
            {
              "type": "string",
              "enum": [
                "Task",
                "Pool"
              ]
            },
            {
              "$ref": "https://schema.management.azure.com/schemas/common/definitions.json#/definitions/expression"
            }
          ],
          "description": "The default value is Pool. If the pool is running Windows a value of Task should be specified if stricter isolation between tasks is required. For example, if the task mutates the registry in a way which could impact other tasks, or if certificates have been specified on the pool which should not be accessible by normal tasks but should be accessible by start tasks."
        }
      }
    },
    "AzureBlobFileSystemConfiguration": {
      "type": "object",
      "properties": {
        "accountKey": {
          "type": "string",
          "description": "This property is mutually exclusive with sasKey and one must be specified."
        },
        "accountName": {
          "type": "string"
        },
        "blobfuseOptions": {
          "type": "string",
          "description": "These are 'net use' options in Windows and 'mount' options in Linux."
        },
        "containerName": {
          "type": "string"
        },
        "relativeMountPath": {
          "type": "string",
          "description": "All file systems are mounted relative to the Batch mounts directory, accessible via the AZ_BATCH_NODE_MOUNTS_DIR environment variable."
        },
        "sasKey": {
          "type": "string",
          "description": "This property is mutually exclusive with accountKey and one must be specified."
        }
      },
      "required": [
        "accountName",
        "containerName",
        "relativeMountPath"
      ]
    },
    "AzureFileShareConfiguration": {
      "type": "object",
      "properties": {
        "accountKey": {
          "type": "string"
        },
        "accountName": {
          "type": "string"
        },
        "azureFileUrl": {
          "type": "string",
          "description": "This is of the form 'https://{account}.file.core.windows.net/'."
        },
        "mountOptions": {
          "type": "string",
          "description": "These are 'net use' options in Windows and 'mount' options in Linux."
        },
        "relativeMountPath": {
          "type": "string",
          "description": "All file systems are mounted relative to the Batch mounts directory, accessible via the AZ_BATCH_NODE_MOUNTS_DIR environment variable."
        }
      },
      "required": [
        "accountKey",
        "accountName",
        "azureFileUrl",
        "relativeMountPath"
      ]
    },
    "BatchAccountCreateProperties": {
      "type": "object",
      "properties": {
        "autoStorage": {
          "oneOf": [
            {
              "$ref": "#/definitions/AutoStorageBaseProperties"
            },
            {
              "$ref": "https://schema.management.azure.com/schemas/common/definitions.json#/definitions/expression"
            }
          ],
          "description": "The properties related to the auto-storage account."
        },
        "keyVaultReference": {
          "oneOf": [
            {
              "$ref": "#/definitions/KeyVaultReference"
            },
            {
              "$ref": "https://schema.management.azure.com/schemas/common/definitions.json#/definitions/expression"
            }
          ],
          "description": "Identifies the Azure key vault associated with a Batch account."
        },
        "poolAllocationMode": {
          "oneOf": [
            {
              "type": "string",
              "enum": [
                "BatchService",
                "UserSubscription"
              ]
            },
            {
              "$ref": "https://schema.management.azure.com/schemas/common/definitions.json#/definitions/expression"
            }
          ],
          "description": "The pool allocation mode also affects how clients may authenticate to the Batch Service API. If the mode is BatchService, clients may authenticate using access keys or Azure Active Directory. If the mode is UserSubscription, clients must use Azure Active Directory. The default is BatchService."
        }
      },
      "description": "The properties of a Batch account."
    },
    "batchAccounts_applications_childResource": {
      "type": "object",
      "properties": {
        "apiVersion": {
          "type": "string",
          "enum": [
            "2019-08-01"
          ]
        },
        "name": {
          "oneOf": [
            {
              "type": "string",
              "pattern": "^[a-zA-Z0-9_-]+$",
              "minLength": 1,
              "maxLength": 64
            },
            {
              "$ref": "https://schema.management.azure.com/schemas/common/definitions.json#/definitions/expression"
            }
          ],
          "description": "The name of the application. This must be unique within the account."
        },
        "properties": {
          "oneOf": [
            {
              "$ref": "#/definitions/ApplicationProperties"
            },
            {
              "$ref": "https://schema.management.azure.com/schemas/common/definitions.json#/definitions/expression"
            }
          ],
          "description": "The properties associated with the Application."
        },
        "type": {
          "type": "string",
          "enum": [
            "applications"
          ]
        }
      },
      "required": [
        "apiVersion",
        "name",
        "properties",
        "type"
      ],
      "description": "Microsoft.Batch/batchAccounts/applications"
    },
    "batchAccounts_applications_versions_childResource": {
      "type": "object",
      "properties": {
        "apiVersion": {
          "type": "string",
          "enum": [
            "2019-08-01"
          ]
        },
        "name": {
          "oneOf": [
            {
              "type": "string",
              "pattern": "^[a-zA-Z0-9_-][a-zA-Z0-9_.-]*$",
              "minLength": 1,
              "maxLength": 64
            },
            {
              "$ref": "https://schema.management.azure.com/schemas/common/definitions.json#/definitions/expression"
            }
          ],
          "description": "The version of the application."
        },
        "properties": {
          "oneOf": [
            {
              "$ref": "#/definitions/ApplicationPackageProperties"
            },
            {
              "$ref": "https://schema.management.azure.com/schemas/common/definitions.json#/definitions/expression"
            }
          ],
          "description": "Properties of an application package"
        },
        "type": {
          "type": "string",
          "enum": [
            "versions"
          ]
        }
      },
      "required": [
        "apiVersion",
        "name",
        "properties",
        "type"
      ],
      "description": "Microsoft.Batch/batchAccounts/applications/versions"
    },
    "batchAccounts_certificates_childResource": {
      "type": "object",
      "properties": {
        "apiVersion": {
          "type": "string",
          "enum": [
            "2019-08-01"
          ]
        },
        "name": {
          "oneOf": [
            {
              "type": "string",
              "pattern": "^[\\w]+-[\\w]+$",
              "minLength": 5,
              "maxLength": 45
            },
            {
              "$ref": "https://schema.management.azure.com/schemas/common/definitions.json#/definitions/expression"
            }
          ],
          "description": "The identifier for the certificate. This must be made up of algorithm and thumbprint separated by a dash, and must match the certificate data in the request. For example SHA1-a3d1c5."
        },
        "properties": {
          "oneOf": [
            {
              "$ref": "#/definitions/CertificateCreateOrUpdateProperties"
            },
            {
              "$ref": "https://schema.management.azure.com/schemas/common/definitions.json#/definitions/expression"
            }
          ],
          "description": "Certificate properties for create operations"
        },
        "type": {
          "type": "string",
          "enum": [
            "certificates"
          ]
        }
      },
      "required": [
        "apiVersion",
        "name",
        "properties",
        "type"
      ],
      "description": "Microsoft.Batch/batchAccounts/certificates"
    },
    "batchAccounts_pools_childResource": {
      "type": "object",
      "properties": {
        "apiVersion": {
          "type": "string",
          "enum": [
            "2019-08-01"
          ]
        },
        "name": {
          "oneOf": [
            {
              "type": "string",
              "pattern": "^[a-zA-Z0-9_-]+$",
              "minLength": 1,
              "maxLength": 64
            },
            {
              "$ref": "https://schema.management.azure.com/schemas/common/definitions.json#/definitions/expression"
            }
          ],
          "description": "The pool name. This must be unique within the account."
        },
        "properties": {
          "oneOf": [
            {
              "$ref": "#/definitions/PoolProperties"
            },
            {
              "$ref": "https://schema.management.azure.com/schemas/common/definitions.json#/definitions/expression"
            }
          ],
          "description": "Pool properties."
        },
        "type": {
          "type": "string",
          "enum": [
            "pools"
          ]
        }
      },
      "required": [
        "apiVersion",
        "name",
        "properties",
        "type"
      ],
      "description": "Microsoft.Batch/batchAccounts/pools"
    },
    "CertificateCreateOrUpdateProperties": {
      "type": "object",
      "properties": {
        "data": {
          "type": "string",
          "description": "The maximum size is 10KB."
        },
        "format": {
          "oneOf": [
            {
              "type": "string",
              "enum": [
                "Pfx",
                "Cer"
              ]
            },
            {
              "$ref": "https://schema.management.azure.com/schemas/common/definitions.json#/definitions/expression"
            }
          ],
          "description": "The format of the certificate - either Pfx or Cer. If omitted, the default is Pfx."
        },
        "password": {
          "type": "string",
          "description": "This is required if the certificate format is pfx and must be omitted if the certificate format is cer."
        },
        "thumbprint": {
          "type": "string",
          "description": "This must match the thumbprint from the name."
        },
        "thumbprintAlgorithm": {
          "type": "string",
          "description": "This must match the first portion of the certificate name. Currently required to be 'SHA1'."
        }
      },
      "required": [
        "data"
      ],
      "description": "Certificate properties for create operations"
    },
    "CertificateReference": {
      "type": "object",
      "properties": {
        "id": {
          "type": "string"
        },
        "storeLocation": {
          "oneOf": [
            {
              "type": "string",
              "enum": [
                "CurrentUser",
                "LocalMachine"
              ]
            },
            {
              "$ref": "https://schema.management.azure.com/schemas/common/definitions.json#/definitions/expression"
            }
          ],
          "description": "The default value is currentUser. This property is applicable only for pools configured with Windows nodes (that is, created with cloudServiceConfiguration, or with virtualMachineConfiguration using a Windows image reference). For Linux compute nodes, the certificates are stored in a directory inside the task working directory and an environment variable AZ_BATCH_CERTIFICATES_DIR is supplied to the task to query for this location. For certificates with visibility of 'remoteUser', a 'certs' directory is created in the user's home directory (e.g., /home/{user-name}/certs) and certificates are placed in that directory."
        },
        "storeName": {
          "type": "string",
          "description": "This property is applicable only for pools configured with Windows nodes (that is, created with cloudServiceConfiguration, or with virtualMachineConfiguration using a Windows image reference). Common store names include: My, Root, CA, Trust, Disallowed, TrustedPeople, TrustedPublisher, AuthRoot, AddressBook, but any custom store name can also be used. The default value is My."
        },
        "visibility": {
          "oneOf": [
            {
              "type": "array",
              "items": {
                "type": "string",
                "enum": [
                  "StartTask",
                  "Task",
                  "RemoteUser"
                ]
              }
            },
            {
              "$ref": "https://schema.management.azure.com/schemas/common/definitions.json#/definitions/expression"
            }
          ]
        }
      },
      "required": [
        "id"
      ]
    },
    "CIFSMountConfiguration": {
      "type": "object",
      "properties": {
        "mountOptions": {
          "type": "string",
          "description": "These are 'net use' options in Windows and 'mount' options in Linux."
        },
        "password": {
          "type": "string"
        },
        "relativeMountPath": {
          "type": "string",
          "description": "All file systems are mounted relative to the Batch mounts directory, accessible via the AZ_BATCH_NODE_MOUNTS_DIR environment variable."
        },
        "source": {
          "type": "string"
        },
        "username": {
          "type": "string"
        }
      },
      "required": [
        "password",
        "relativeMountPath",
        "source",
        "username"
      ]
    },
    "CloudServiceConfiguration": {
      "type": "object",
      "properties": {
        "osFamily": {
          "type": "string",
          "description": "Possible values are: 2 - OS Family 2, equivalent to Windows Server 2008 R2 SP1. 3 - OS Family 3, equivalent to Windows Server 2012. 4 - OS Family 4, equivalent to Windows Server 2012 R2. 5 - OS Family 5, equivalent to Windows Server 2016. 6 - OS Family 6, equivalent to Windows Server 2019. For more information, see Azure Guest OS Releases (https://azure.microsoft.com/documentation/articles/cloud-services-guestos-update-matrix/#releases)."
        },
        "osVersion": {
          "type": "string",
          "description": "The default value is * which specifies the latest operating system version for the specified OS family."
        }
      },
      "required": [
        "osFamily"
      ]
    },
    "ContainerConfiguration": {
      "type": "object",
      "properties": {
        "containerImageNames": {
          "oneOf": [
            {
              "type": "array",
              "items": {
                "type": "string"
              }
            },
            {
              "$ref": "https://schema.management.azure.com/schemas/common/definitions.json#/definitions/expression"
            }
          ],
          "description": "This is the full image reference, as would be specified to \"docker pull\". An image will be sourced from the default Docker registry unless the image is fully qualified with an alternative registry."
        },
        "containerRegistries": {
          "oneOf": [
            {
              "type": "array",
              "items": {
                "$ref": "#/definitions/ContainerRegistry"
              }
            },
            {
              "$ref": "https://schema.management.azure.com/schemas/common/definitions.json#/definitions/expression"
            }
          ],
          "description": "If any images must be downloaded from a private registry which requires credentials, then those credentials must be provided here."
        },
        "type": {
          "oneOf": [
            {
              "type": "string",
              "enum": [
                "DockerCompatible"
              ]
            },
            {
              "$ref": "https://schema.management.azure.com/schemas/common/definitions.json#/definitions/expression"
            }
          ]
        }
      },
      "required": [
        "type"
      ]
    },
    "ContainerRegistry": {
      "type": "object",
      "properties": {
        "password": {
          "type": "string"
        },
        "registryServer": {
          "type": "string",
          "description": "If omitted, the default is \"docker.io\"."
        },
        "username": {
          "type": "string"
        }
      },
      "required": [
        "password",
        "username"
      ]
    },
    "DataDisk": {
      "type": "object",
      "properties": {
        "caching": {
          "oneOf": [
            {
              "type": "string",
              "enum": [
                "None",
                "ReadOnly",
                "ReadWrite"
              ]
            },
            {
              "$ref": "https://schema.management.azure.com/schemas/common/definitions.json#/definitions/expression"
            }
          ],
          "description": "Values are:\n\n none - The caching mode for the disk is not enabled.\n readOnly - The caching mode for the disk is read only.\n readWrite - The caching mode for the disk is read and write.\n\n The default value for caching is none. For information about the caching options see: https://blogs.msdn.microsoft.com/windowsazurestorage/2012/06/27/exploring-windows-azure-drives-disks-and-images/."
        },
        "diskSizeGB": {
          "oneOf": [
            {
              "type": "integer"
            },
            {
              "$ref": "https://schema.management.azure.com/schemas/common/definitions.json#/definitions/expression"
            }
          ]
        },
        "lun": {
          "oneOf": [
            {
              "type": "integer"
            },
            {
              "$ref": "https://schema.management.azure.com/schemas/common/definitions.json#/definitions/expression"
            }
          ],
          "description": "The lun is used to uniquely identify each data disk. If attaching multiple disks, each should have a distinct lun."
        },
        "storageAccountType": {
          "oneOf": [
            {
              "type": "string",
              "enum": [
                "Standard_LRS",
                "Premium_LRS"
              ]
            },
            {
              "$ref": "https://schema.management.azure.com/schemas/common/definitions.json#/definitions/expression"
            }
          ],
          "description": "If omitted, the default is \"Standard_LRS\". Values are:\n\n Standard_LRS - The data disk should use standard locally redundant storage.\n Premium_LRS - The data disk should use premium locally redundant storage."
        }
      },
      "required": [
        "diskSizeGB",
        "lun"
      ],
      "description": "Settings which will be used by the data disks associated to Compute Nodes in the Pool. When using attached data disks, you need to mount and format the disks from within a VM to use them."
    },
    "DeploymentConfiguration": {
      "type": "object",
      "properties": {
        "cloudServiceConfiguration": {
          "oneOf": [
            {
              "$ref": "#/definitions/CloudServiceConfiguration"
            },
            {
              "$ref": "https://schema.management.azure.com/schemas/common/definitions.json#/definitions/expression"
            }
          ]
        },
        "virtualMachineConfiguration": {
          "oneOf": [
            {
              "$ref": "#/definitions/VirtualMachineConfiguration"
            },
            {
              "$ref": "https://schema.management.azure.com/schemas/common/definitions.json#/definitions/expression"
            }
          ]
        }
      }
    },
    "EnvironmentSetting": {
      "type": "object",
      "properties": {
        "name": {
          "type": "string"
        },
        "value": {
          "type": "string"
        }
      },
      "required": [
        "name"
      ]
    },
    "FixedScaleSettings": {
      "type": "object",
      "properties": {
        "nodeDeallocationOption": {
          "oneOf": [
            {
              "type": "string",
              "enum": [
                "Requeue",
                "Terminate",
                "TaskCompletion",
                "RetainedData"
              ]
            },
            {
              "$ref": "https://schema.management.azure.com/schemas/common/definitions.json#/definitions/expression"
            }
          ],
          "description": "If omitted, the default value is Requeue."
        },
        "resizeTimeout": {
          "type": "string",
          "format": "duration",
          "description": "The default value is 15 minutes. Timeout values use ISO 8601 format. For example, use PT10M for 10 minutes. The minimum value is 5 minutes. If you specify a value less than 5 minutes, the Batch service rejects the request with an error; if you are calling the REST API directly, the HTTP status code is 400 (Bad Request)."
        },
        "targetDedicatedNodes": {
          "oneOf": [
            {
              "type": "integer"
            },
            {
              "$ref": "https://schema.management.azure.com/schemas/common/definitions.json#/definitions/expression"
            }
          ],
          "description": "At least one of targetDedicatedNodes, targetLowPriority nodes must be set."
        },
        "targetLowPriorityNodes": {
          "oneOf": [
            {
              "type": "integer"
            },
            {
              "$ref": "https://schema.management.azure.com/schemas/common/definitions.json#/definitions/expression"
            }
          ],
          "description": "At least one of targetDedicatedNodes, targetLowPriority nodes must be set."
        }
      }
    },
    "ImageReference": {
      "type": "object",
      "properties": {
        "id": {
          "type": "string",
          "description": "This property is mutually exclusive with other properties. For Virtual Machine Image it must be in the same region and subscription as the Azure Batch account. For SIG image it must have replicas in the same region as the Azure Batch account. For information about the firewall settings for the Batch node agent to communicate with the Batch service see https://docs.microsoft.com/en-us/azure/batch/batch-api-basics#virtual-network-vnet-and-firewall-configuration."
        },
        "offer": {
          "type": "string",
          "description": "For example, UbuntuServer or WindowsServer."
        },
        "publisher": {
          "type": "string",
          "description": "For example, Canonical or MicrosoftWindowsServer."
        },
        "sku": {
          "type": "string",
          "description": "For example, 18.04-LTS or 2019-Datacenter."
        },
        "version": {
          "type": "string",
          "description": "A value of 'latest' can be specified to select the latest version of an image. If omitted, the default is 'latest'."
        }
      }
    },
    "InboundNatPool": {
      "type": "object",
      "properties": {
        "backendPort": {
          "oneOf": [
            {
              "type": "integer"
            },
            {
              "$ref": "https://schema.management.azure.com/schemas/common/definitions.json#/definitions/expression"
            }
          ],
          "description": "This must be unique within a Batch pool. Acceptable values are between 1 and 65535 except for 22, 3389, 29876 and 29877 as these are reserved. If any reserved values are provided the request fails with HTTP status code 400."
        },
        "frontendPortRangeEnd": {
          "oneOf": [
            {
              "type": "integer"
            },
            {
              "$ref": "https://schema.management.azure.com/schemas/common/definitions.json#/definitions/expression"
            }
          ],
          "description": "Acceptable values range between 1 and 65534 except ports from 50000 to 55000 which are reserved by the Batch service. All ranges within a pool must be distinct and cannot overlap. If any reserved or overlapping values are provided the request fails with HTTP status code 400."
        },
        "frontendPortRangeStart": {
          "oneOf": [
            {
              "type": "integer"
            },
            {
              "$ref": "https://schema.management.azure.com/schemas/common/definitions.json#/definitions/expression"
            }
          ],
          "description": "Acceptable values range between 1 and 65534 except ports from 50000 to 55000 which are reserved. All ranges within a pool must be distinct and cannot overlap. If any reserved or overlapping values are provided the request fails with HTTP status code 400."
        },
        "name": {
          "type": "string",
          "description": "The name must be unique within a Batch pool, can contain letters, numbers, underscores, periods, and hyphens. Names must start with a letter or number, must end with a letter, number, or underscore, and cannot exceed 77 characters.  If any invalid values are provided the request fails with HTTP status code 400."
        },
        "networkSecurityGroupRules": {
          "oneOf": [
            {
              "type": "array",
              "items": {
                "$ref": "#/definitions/NetworkSecurityGroupRule"
              }
            },
            {
              "$ref": "https://schema.management.azure.com/schemas/common/definitions.json#/definitions/expression"
            }
          ],
          "description": "The maximum number of rules that can be specified across all the endpoints on a Batch pool is 25. If no network security group rules are specified, a default rule will be created to allow inbound access to the specified backendPort. If the maximum number of network security group rules is exceeded the request fails with HTTP status code 400."
        },
        "protocol": {
          "oneOf": [
            {
              "type": "string",
              "enum": [
                "TCP",
                "UDP"
              ]
            },
            {
              "$ref": "https://schema.management.azure.com/schemas/common/definitions.json#/definitions/expression"
            }
          ]
        }
      },
      "required": [
        "backendPort",
        "frontendPortRangeEnd",
        "frontendPortRangeStart",
        "name",
        "protocol"
      ]
    },
    "KeyVaultReference": {
      "type": "object",
      "properties": {
        "id": {
          "type": "string",
          "description": "The resource ID of the Azure key vault associated with the Batch account."
        },
        "url": {
          "type": "string",
          "description": "The URL of the Azure key vault associated with the Batch account."
        }
      },
      "required": [
        "id",
        "url"
      ],
      "description": "Identifies the Azure key vault associated with a Batch account."
    },
    "LinuxUserConfiguration": {
      "type": "object",
      "properties": {
        "gid": {
          "oneOf": [
            {
              "type": "integer"
            },
            {
              "$ref": "https://schema.management.azure.com/schemas/common/definitions.json#/definitions/expression"
            }
          ],
          "description": "The uid and gid properties must be specified together or not at all. If not specified the underlying operating system picks the gid."
        },
        "sshPrivateKey": {
          "type": "string",
          "description": "The private key must not be password protected. The private key is used to automatically configure asymmetric-key based authentication for SSH between nodes in a Linux pool when the pool's enableInterNodeCommunication property is true (it is ignored if enableInterNodeCommunication is false). It does this by placing the key pair into the user's .ssh directory. If not specified, password-less SSH is not configured between nodes (no modification of the user's .ssh directory is done)."
        },
        "uid": {
          "oneOf": [
            {
              "type": "integer"
            },
            {
              "$ref": "https://schema.management.azure.com/schemas/common/definitions.json#/definitions/expression"
            }
          ],
          "description": "The uid and gid properties must be specified together or not at all. If not specified the underlying operating system picks the uid."
        }
      }
    },
    "MetadataItem": {
      "type": "object",
      "properties": {
        "name": {
          "type": "string"
        },
        "value": {
          "type": "string"
        }
      },
      "required": [
        "name",
        "value"
      ],
      "description": "The Batch service does not assign any meaning to this metadata; it is solely for the use of user code."
    },
    "MountConfiguration": {
      "type": "object",
      "properties": {
        "azureBlobFileSystemConfiguration": {
          "oneOf": [
            {
              "$ref": "#/definitions/AzureBlobFileSystemConfiguration"
            },
            {
              "$ref": "https://schema.management.azure.com/schemas/common/definitions.json#/definitions/expression"
            }
          ]
        },
        "azureFileShareConfiguration": {
          "oneOf": [
            {
              "$ref": "#/definitions/AzureFileShareConfiguration"
            },
            {
              "$ref": "https://schema.management.azure.com/schemas/common/definitions.json#/definitions/expression"
            }
          ]
        },
        "cifsMountConfiguration": {
          "oneOf": [
            {
              "$ref": "#/definitions/CIFSMountConfiguration"
            },
            {
              "$ref": "https://schema.management.azure.com/schemas/common/definitions.json#/definitions/expression"
            }
          ]
        },
        "nfsMountConfiguration": {
          "oneOf": [
            {
              "$ref": "#/definitions/NFSMountConfiguration"
            },
            {
              "$ref": "https://schema.management.azure.com/schemas/common/definitions.json#/definitions/expression"
            }
          ]
        }
      }
    },
    "NetworkConfiguration": {
      "type": "object",
      "properties": {
        "endpointConfiguration": {
          "oneOf": [
            {
              "$ref": "#/definitions/PoolEndpointConfiguration"
            },
            {
              "$ref": "https://schema.management.azure.com/schemas/common/definitions.json#/definitions/expression"
            }
          ]
        },
        "publicIPs": {
          "oneOf": [
            {
              "type": "array",
              "items": {
                "type": "string"
              }
            },
            {
              "$ref": "https://schema.management.azure.com/schemas/common/definitions.json#/definitions/expression"
            }
          ],
          "description": "The number of IPs specified here limits the maximum size of the Pool - 50 dedicated nodes or 20 low-priority nodes can be allocated for each public IP. For example, a pool needing 150 dedicated VMs would need at least 3 public IPs specified. Each element of this collection is of the form: /subscriptions/{subscription}/resourceGroups/{group}/providers/Microsoft.Network/publicIPAddresses/{ip}."
        },
        "subnetId": {
          "type": "string",
          "description": "The virtual network must be in the same region and subscription as the Azure Batch account. The specified subnet should have enough free IP addresses to accommodate the number of nodes in the pool. If the subnet doesn't have enough free IP addresses, the pool will partially allocate compute nodes, and a resize error will occur. The 'MicrosoftAzureBatch' service principal must have the 'Classic Virtual Machine Contributor' Role-Based Access Control (RBAC) role for the specified VNet. The specified subnet must allow communication from the Azure Batch service to be able to schedule tasks on the compute nodes. This can be verified by checking if the specified VNet has any associated Network Security Groups (NSG). If communication to the compute nodes in the specified subnet is denied by an NSG, then the Batch service will set the state of the compute nodes to unusable. For pools created via virtualMachineConfiguration the Batch account must have poolAllocationMode userSubscription in order to use a VNet. If the specified VNet has any associated Network Security Groups (NSG), then a few reserved system ports must be enabled for inbound communication. For pools created with a virtual machine configuration, enable ports 29876 and 29877, as well as port 22 for Linux and port 3389 for Windows. For pools created with a cloud service configuration, enable ports 10100, 20100, and 30100. Also enable outbound connections to Azure Storage on port 443. For more details see: https://docs.microsoft.com/en-us/azure/batch/batch-api-basics#virtual-network-vnet-and-firewall-configuration"
        }
      },
      "description": "The network configuration for a pool."
    },
    "NetworkSecurityGroupRule": {
      "type": "object",
      "properties": {
        "access": {
          "oneOf": [
            {
              "type": "string",
              "enum": [
                "Allow",
                "Deny"
              ]
            },
            {
              "$ref": "https://schema.management.azure.com/schemas/common/definitions.json#/definitions/expression"
            }
          ]
        },
        "priority": {
          "oneOf": [
            {
              "type": "integer"
            },
            {
              "$ref": "https://schema.management.azure.com/schemas/common/definitions.json#/definitions/expression"
            }
          ],
          "description": "Priorities within a pool must be unique and are evaluated in order of priority. The lower the number the higher the priority. For example, rules could be specified with order numbers of 150, 250, and 350. The rule with the order number of 150 takes precedence over the rule that has an order of 250. Allowed priorities are 150 to 3500. If any reserved or duplicate values are provided the request fails with HTTP status code 400."
        },
        "sourceAddressPrefix": {
          "type": "string",
          "description": "Valid values are a single IP address (i.e. 10.10.10.10), IP subnet (i.e. 192.168.1.0/24), default tag, or * (for all addresses).  If any other values are provided the request fails with HTTP status code 400."
        },
        "sourcePortRanges": {
          "oneOf": [
            {
              "type": "array",
              "items": {
                "type": "string"
              }
            },
            {
              "$ref": "https://schema.management.azure.com/schemas/common/definitions.json#/definitions/expression"
            }
          ],
          "description": "Valid values are '*' (for all ports 0 - 65535) or arrays of ports or port ranges (i.e. 100-200). The ports should in the range of 0 to 65535 and the port ranges or ports can't overlap. If any other values are provided the request fails with HTTP status code 400. Default value will be *."
        }
      },
      "required": [
        "access",
        "priority",
        "sourceAddressPrefix"
      ]
    },
    "NFSMountConfiguration": {
      "type": "object",
      "properties": {
        "mountOptions": {
          "type": "string",
          "description": "These are 'net use' options in Windows and 'mount' options in Linux."
        },
        "relativeMountPath": {
          "type": "string",
          "description": "All file systems are mounted relative to the Batch mounts directory, accessible via the AZ_BATCH_NODE_MOUNTS_DIR environment variable."
        },
        "source": {
          "type": "string"
        }
      },
      "required": [
        "relativeMountPath",
        "source"
      ]
    },
    "PoolEndpointConfiguration": {
      "type": "object",
      "properties": {
        "inboundNatPools": {
          "oneOf": [
            {
              "type": "array",
              "items": {
                "$ref": "#/definitions/InboundNatPool"
              }
            },
            {
              "$ref": "https://schema.management.azure.com/schemas/common/definitions.json#/definitions/expression"
            }
          ],
          "description": "The maximum number of inbound NAT pools per Batch pool is 5. If the maximum number of inbound NAT pools is exceeded the request fails with HTTP status code 400."
        }
      },
      "required": [
        "inboundNatPools"
      ]
    },
    "PoolProperties": {
      "type": "object",
      "properties": {
        "applicationLicenses": {
          "oneOf": [
            {
              "type": "array",
              "items": {
                "type": "string"
              }
            },
            {
              "$ref": "https://schema.management.azure.com/schemas/common/definitions.json#/definitions/expression"
            }
          ],
          "description": "The list of application licenses must be a subset of available Batch service application licenses. If a license is requested which is not supported, pool creation will fail."
        },
        "applicationPackages": {
          "oneOf": [
            {
              "type": "array",
              "items": {
                "$ref": "#/definitions/ApplicationPackageReference"
              }
            },
            {
              "$ref": "https://schema.management.azure.com/schemas/common/definitions.json#/definitions/expression"
            }
          ],
          "description": "Changes to application package references affect all new compute nodes joining the pool, but do not affect compute nodes that are already in the pool until they are rebooted or reimaged. There is a maximum of 10 application package references on any given pool."
        },
        "certificates": {
          "oneOf": [
            {
              "type": "array",
              "items": {
                "$ref": "#/definitions/CertificateReference"
              }
            },
            {
              "$ref": "https://schema.management.azure.com/schemas/common/definitions.json#/definitions/expression"
            }
          ],
          "description": "For Windows compute nodes, the Batch service installs the certificates to the specified certificate store and location. For Linux compute nodes, the certificates are stored in a directory inside the task working directory and an environment variable AZ_BATCH_CERTIFICATES_DIR is supplied to the task to query for this location. For certificates with visibility of 'remoteUser', a 'certs' directory is created in the user's home directory (e.g., /home/{user-name}/certs) and certificates are placed in that directory."
        },
        "deploymentConfiguration": {
          "oneOf": [
            {
              "$ref": "#/definitions/DeploymentConfiguration"
            },
            {
              "$ref": "https://schema.management.azure.com/schemas/common/definitions.json#/definitions/expression"
            }
          ]
        },
        "displayName": {
          "type": "string",
          "description": "The display name need not be unique and can contain any Unicode characters up to a maximum length of 1024."
        },
        "interNodeCommunication": {
          "oneOf": [
            {
              "type": "string",
              "enum": [
                "Enabled",
                "Disabled"
              ]
            },
            {
              "$ref": "https://schema.management.azure.com/schemas/common/definitions.json#/definitions/expression"
            }
          ],
          "description": "This imposes restrictions on which nodes can be assigned to the pool. Enabling this value can reduce the chance of the requested number of nodes to be allocated in the pool. If not specified, this value defaults to 'Disabled'."
        },
        "maxTasksPerNode": {
          "oneOf": [
            {
              "type": "integer"
            },
            {
              "$ref": "https://schema.management.azure.com/schemas/common/definitions.json#/definitions/expression"
            }
          ],
          "description": "The default value is 1. The maximum value is the smaller of 4 times the number of cores of the vmSize of the pool or 256."
        },
        "metadata": {
          "oneOf": [
            {
              "type": "array",
              "items": {
                "$ref": "#/definitions/MetadataItem"
              }
            },
            {
              "$ref": "https://schema.management.azure.com/schemas/common/definitions.json#/definitions/expression"
            }
          ],
          "description": "The Batch service does not assign any meaning to metadata; it is solely for the use of user code."
        },
        "mountConfiguration": {
          "oneOf": [
            {
              "type": "array",
              "items": {
                "$ref": "#/definitions/MountConfiguration"
              }
            },
            {
              "$ref": "https://schema.management.azure.com/schemas/common/definitions.json#/definitions/expression"
            }
          ],
          "description": "This supports Azure Files, NFS, CIFS/SMB, and Blobfuse."
        },
        "networkConfiguration": {
          "oneOf": [
            {
              "$ref": "#/definitions/NetworkConfiguration"
            },
            {
              "$ref": "https://schema.management.azure.com/schemas/common/definitions.json#/definitions/expression"
            }
          ],
          "description": "The network configuration for a pool."
        },
        "scaleSettings": {
          "oneOf": [
            {
              "$ref": "#/definitions/ScaleSettings"
            },
            {
              "$ref": "https://schema.management.azure.com/schemas/common/definitions.json#/definitions/expression"
            }
          ],
          "description": "Defines the desired size of the pool. This can either be 'fixedScale' where the requested targetDedicatedNodes is specified, or 'autoScale' which defines a formula which is periodically reevaluated. If this property is not specified, the pool will have a fixed scale with 0 targetDedicatedNodes."
        },
        "startTask": {
          "oneOf": [
            {
              "$ref": "#/definitions/StartTask"
            },
            {
              "$ref": "https://schema.management.azure.com/schemas/common/definitions.json#/definitions/expression"
            }
          ],
          "description": "In some cases the start task may be re-run even though the node was not rebooted. Due to this, start tasks should be idempotent and exit gracefully if the setup they're performing has already been done. Special care should be taken to avoid start tasks which create breakaway process or install/launch services from the start task working directory, as this will block Batch from being able to re-run the start task."
        },
        "taskSchedulingPolicy": {
          "oneOf": [
            {
              "$ref": "#/definitions/TaskSchedulingPolicy"
            },
            {
              "$ref": "https://schema.management.azure.com/schemas/common/definitions.json#/definitions/expression"
            }
          ]
        },
        "userAccounts": {
          "oneOf": [
            {
              "type": "array",
              "items": {
                "$ref": "#/definitions/UserAccount"
              }
            },
            {
              "$ref": "https://schema.management.azure.com/schemas/common/definitions.json#/definitions/expression"
            }
          ]
        },
        "vmSize": {
          "type": "string",
          "description": "For information about available sizes of virtual machines for Cloud Services pools (pools created with cloudServiceConfiguration), see Sizes for Cloud Services (https://azure.microsoft.com/documentation/articles/cloud-services-sizes-specs/). Batch supports all Cloud Services VM sizes except ExtraSmall. For information about available VM sizes for pools using images from the Virtual Machines Marketplace (pools created with virtualMachineConfiguration) see Sizes for Virtual Machines (Linux) (https://azure.microsoft.com/documentation/articles/virtual-machines-linux-sizes/) or Sizes for Virtual Machines (Windows) (https://azure.microsoft.com/documentation/articles/virtual-machines-windows-sizes/). Batch supports all Azure VM sizes except STANDARD_A0 and those with premium storage (STANDARD_GS, STANDARD_DS, and STANDARD_DSV2 series)."
        }
      },
      "description": "Pool properties."
    },
    "ResourceFile": {
      "type": "object",
      "properties": {
        "autoStorageContainerName": {
          "type": "string",
          "description": "The autoStorageContainerName, storageContainerUrl and httpUrl properties are mutually exclusive and one of them must be specified."
        },
        "blobPrefix": {
          "type": "string",
          "description": "The property is valid only when autoStorageContainerName or storageContainerUrl is used. This prefix can be a partial filename or a subdirectory. If a prefix is not specified, all the files in the container will be downloaded."
        },
        "fileMode": {
          "type": "string",
          "description": "This property applies only to files being downloaded to Linux compute nodes. It will be ignored if it is specified for a resourceFile which will be downloaded to a Windows node. If this property is not specified for a Linux node, then a default value of 0770 is applied to the file."
        },
        "filePath": {
          "type": "string",
          "description": "If the httpUrl property is specified, the filePath is required and describes the path which the file will be downloaded to, including the filename. Otherwise, if the autoStorageContainerName or storageContainerUrl property is specified, filePath is optional and is the directory to download the files to. In the case where filePath is used as a directory, any directory structure already associated with the input data will be retained in full and appended to the specified filePath directory. The specified relative path cannot break out of the task's working directory (for example by using '..')."
        },
        "httpUrl": {
          "type": "string",
          "description": "The autoStorageContainerName, storageContainerUrl and httpUrl properties are mutually exclusive and one of them must be specified. If the URL is Azure Blob Storage, it must be readable using anonymous access; that is, the Batch service does not present any credentials when downloading the blob. There are two ways to get such a URL for a blob in Azure storage: include a Shared Access Signature (SAS) granting read permissions on the blob, or set the ACL for the blob or its container to allow public access."
        },
        "storageContainerUrl": {
          "type": "string",
          "description": "The autoStorageContainerName, storageContainerUrl and httpUrl properties are mutually exclusive and one of them must be specified. This URL must be readable and listable using anonymous access; that is, the Batch service does not present any credentials when downloading the blob. There are two ways to get such a URL for a blob in Azure storage: include a Shared Access Signature (SAS) granting read and list permissions on the blob, or set the ACL for the blob or its container to allow public access."
        }
      }
    },
    "ScaleSettings": {
      "type": "object",
      "properties": {
        "autoScale": {
          "oneOf": [
            {
              "$ref": "#/definitions/AutoScaleSettings"
            },
            {
              "$ref": "https://schema.management.azure.com/schemas/common/definitions.json#/definitions/expression"
            }
          ]
        },
        "fixedScale": {
          "oneOf": [
            {
              "$ref": "#/definitions/FixedScaleSettings"
            },
            {
              "$ref": "https://schema.management.azure.com/schemas/common/definitions.json#/definitions/expression"
            }
          ]
        }
      },
      "description": "Defines the desired size of the pool. This can either be 'fixedScale' where the requested targetDedicatedNodes is specified, or 'autoScale' which defines a formula which is periodically reevaluated. If this property is not specified, the pool will have a fixed scale with 0 targetDedicatedNodes."
    },
    "StartTask": {
      "type": "object",
      "properties": {
        "commandLine": {
          "type": "string",
          "description": "The command line does not run under a shell, and therefore cannot take advantage of shell features such as environment variable expansion. If you want to take advantage of such features, you should invoke the shell in the command line, for example using \"cmd /c MyCommand\" in Windows or \"/bin/sh -c MyCommand\" in Linux. Required if any other properties of the startTask are specified."
        },
        "containerSettings": {
          "oneOf": [
            {
              "$ref": "#/definitions/TaskContainerSettings"
            },
            {
              "$ref": "https://schema.management.azure.com/schemas/common/definitions.json#/definitions/expression"
            }
          ]
        },
        "environmentSettings": {
          "oneOf": [
            {
              "type": "array",
              "items": {
                "$ref": "#/definitions/EnvironmentSetting"
              }
            },
            {
              "$ref": "https://schema.management.azure.com/schemas/common/definitions.json#/definitions/expression"
            }
          ]
        },
        "maxTaskRetryCount": {
          "oneOf": [
            {
              "type": "integer"
            },
            {
              "$ref": "https://schema.management.azure.com/schemas/common/definitions.json#/definitions/expression"
            }
          ],
          "description": "The Batch service retries a task if its exit code is nonzero. Note that this value specifically controls the number of retries. The Batch service will try the task once, and may then retry up to this limit. For example, if the maximum retry count is 3, Batch tries the task up to 4 times (one initial try and 3 retries). If the maximum retry count is 0, the Batch service does not retry the task. If the maximum retry count is -1, the Batch service retries the task without limit."
        },
        "resourceFiles": {
          "oneOf": [
            {
              "type": "array",
              "items": {
                "$ref": "#/definitions/ResourceFile"
              }
            },
            {
              "$ref": "https://schema.management.azure.com/schemas/common/definitions.json#/definitions/expression"
            }
          ]
        },
        "userIdentity": {
          "oneOf": [
            {
              "$ref": "#/definitions/UserIdentity"
            },
            {
              "$ref": "https://schema.management.azure.com/schemas/common/definitions.json#/definitions/expression"
            }
          ],
          "description": "Specify either the userName or autoUser property, but not both."
        },
        "waitForSuccess": {
          "oneOf": [
            {
              "type": "boolean"
            },
            {
              "$ref": "https://schema.management.azure.com/schemas/common/definitions.json#/definitions/expression"
            }
          ],
          "description": "If true and the start task fails on a compute node, the Batch service retries the start task up to its maximum retry count (maxTaskRetryCount). If the task has still not completed successfully after all retries, then the Batch service marks the compute node unusable, and will not schedule tasks to it. This condition can be detected via the node state and scheduling error detail. If false, the Batch service will not wait for the start task to complete. In this case, other tasks can start executing on the compute node while the start task is still running; and even if the start task fails, new tasks will continue to be scheduled on the node. The default is true."
        }
      },
      "description": "In some cases the start task may be re-run even though the node was not rebooted. Due to this, start tasks should be idempotent and exit gracefully if the setup they're performing has already been done. Special care should be taken to avoid start tasks which create breakaway process or install/launch services from the start task working directory, as this will block Batch from being able to re-run the start task."
    },
    "TaskContainerSettings": {
      "type": "object",
      "properties": {
        "containerRunOptions": {
          "type": "string",
          "description": "These additional options are supplied as arguments to the \"docker create\" command, in addition to those controlled by the Batch Service."
        },
        "imageName": {
          "type": "string",
          "description": "This is the full image reference, as would be specified to \"docker pull\". If no tag is provided as part of the image name, the tag \":latest\" is used as a default."
        },
        "registry": {
          "oneOf": [
            {
              "$ref": "#/definitions/ContainerRegistry"
            },
            {
              "$ref": "https://schema.management.azure.com/schemas/common/definitions.json#/definitions/expression"
            }
          ]
        },
        "workingDirectory": {
          "oneOf": [
            {
              "type": "string",
              "enum": [
                "TaskWorkingDirectory",
                "ContainerImageDefault"
              ]
            },
            {
              "$ref": "https://schema.management.azure.com/schemas/common/definitions.json#/definitions/expression"
            }
          ]
        }
      },
      "required": [
        "imageName"
      ]
    },
    "TaskSchedulingPolicy": {
      "type": "object",
      "properties": {
        "nodeFillType": {
          "oneOf": [
            {
              "type": "string",
              "enum": [
                "Spread",
                "Pack"
              ]
            },
            {
              "$ref": "https://schema.management.azure.com/schemas/common/definitions.json#/definitions/expression"
            }
          ]
        }
      },
      "required": [
        "nodeFillType"
      ]
    },
    "UserAccount": {
      "type": "object",
      "properties": {
        "elevationLevel": {
          "oneOf": [
            {
              "type": "string",
              "enum": [
                "NonAdmin",
                "Admin"
              ]
            },
            {
              "$ref": "https://schema.management.azure.com/schemas/common/definitions.json#/definitions/expression"
            }
          ],
          "description": "nonAdmin - The auto user is a standard user without elevated access. admin - The auto user is a user with elevated access and operates with full Administrator permissions. The default value is nonAdmin."
        },
        "linuxUserConfiguration": {
          "oneOf": [
            {
              "$ref": "#/definitions/LinuxUserConfiguration"
            },
            {
              "$ref": "https://schema.management.azure.com/schemas/common/definitions.json#/definitions/expression"
            }
          ]
        },
        "name": {
          "type": "string"
        },
        "password": {
          "type": "string"
        },
        "windowsUserConfiguration": {
          "oneOf": [
            {
              "$ref": "#/definitions/WindowsUserConfiguration"
            },
            {
              "$ref": "https://schema.management.azure.com/schemas/common/definitions.json#/definitions/expression"
            }
          ]
        }
      },
      "required": [
        "name",
        "password"
      ]
    },
    "UserIdentity": {
      "type": "object",
      "properties": {
        "autoUser": {
          "oneOf": [
            {
              "$ref": "#/definitions/AutoUserSpecification"
            },
            {
              "$ref": "https://schema.management.azure.com/schemas/common/definitions.json#/definitions/expression"
            }
          ]
        },
        "userName": {
          "type": "string",
          "description": "The userName and autoUser properties are mutually exclusive; you must specify one but not both."
        }
      },
      "description": "Specify either the userName or autoUser property, but not both."
    },
    "VirtualMachineConfiguration": {
      "type": "object",
      "properties": {
        "containerConfiguration": {
          "oneOf": [
            {
              "$ref": "#/definitions/ContainerConfiguration"
            },
            {
              "$ref": "https://schema.management.azure.com/schemas/common/definitions.json#/definitions/expression"
            }
          ]
        },
        "dataDisks": {
          "oneOf": [
            {
              "type": "array",
              "items": {
                "$ref": "#/definitions/DataDisk"
              }
            },
            {
              "$ref": "https://schema.management.azure.com/schemas/common/definitions.json#/definitions/expression"
            }
          ],
          "description": "This property must be specified if the compute nodes in the pool need to have empty data disks attached to them."
        },
        "imageReference": {
          "oneOf": [
            {
              "$ref": "#/definitions/ImageReference"
            },
            {
              "$ref": "https://schema.management.azure.com/schemas/common/definitions.json#/definitions/expression"
            }
          ]
        },
        "licenseType": {
          "type": "string",
          "description": "This only applies to images that contain the Windows operating system, and should only be used when you hold valid on-premises licenses for the nodes which will be deployed. If omitted, no on-premises licensing discount is applied. Values are:\n\n Windows_Server - The on-premises license is for Windows Server.\n Windows_Client - The on-premises license is for Windows Client.\n"
        },
        "nodeAgentSkuId": {
          "type": "string",
          "description": "The Batch node agent is a program that runs on each node in the pool, and provides the command-and-control interface between the node and the Batch service. There are different implementations of the node agent, known as SKUs, for different operating systems. You must specify a node agent SKU which matches the selected image reference. To get the list of supported node agent SKUs along with their list of verified image references, see the 'List supported node agent SKUs' operation."
        },
        "windowsConfiguration": {
          "oneOf": [
            {
              "$ref": "#/definitions/WindowsConfiguration"
            },
            {
              "$ref": "https://schema.management.azure.com/schemas/common/definitions.json#/definitions/expression"
            }
          ]
        }
      },
      "required": [
        "imageReference",
        "nodeAgentSkuId"
      ]
    },
    "WindowsConfiguration": {
      "type": "object",
      "properties": {
        "enableAutomaticUpdates": {
          "oneOf": [
            {
              "type": "boolean"
            },
            {
              "$ref": "https://schema.management.azure.com/schemas/common/definitions.json#/definitions/expression"
            }
          ],
          "description": "If omitted, the default value is true."
        }
      }
    },
    "WindowsUserConfiguration": {
      "type": "object",
      "properties": {
        "loginMode": {
          "oneOf": [
            {
              "type": "string",
              "enum": [
                "Batch",
                "Interactive"
              ]
            },
            {
              "$ref": "https://schema.management.azure.com/schemas/common/definitions.json#/definitions/expression"
            }
          ],
          "description": "Specifies login mode for the user. The default value for VirtualMachineConfiguration pools is interactive mode and for CloudServiceConfiguration pools is batch mode."
        }
      }
    }
  }
}