{
  "id": "https://schema.management.azure.com/schemas/2017-10-01/Microsoft.Insights.json#",
  "$schema": "http://json-schema.org/draft-04/schema#",
  "title": "microsoft.insights",
  "description": "microsoft insights Resource Types",
  "resourceDefinitions": {
    "components_pricingPlans": {
      "type": "object",
      "properties": {
        "type": {
          "type": "string",
          "enum": [
            "Microsoft.Insights/components/pricingPlans"
          ]
        },
        "apiVersion": {
          "type": "string",
          "enum": [
            "2017-10-01"
          ]
        },
        "location": {
          "type": "string",
          "description": "Resource location"
        },
        "tags": {
          "oneOf": [
            {
              "type": "object",
              "additionalProperties": {
                "type": "string"
              }
            },
            {
              "$ref": "https://schema.management.azure.com/schemas/common/definitions.json#/definitions/expression"
            }
          ],
          "description": "Resource tags"
        },
        "properties": {
          "oneOf": [
            {
              "$ref": "#/definitions/PricingPlanProperties"
            },
            {
              "$ref": "https://schema.management.azure.com/schemas/common/definitions.json#/definitions/expression"
            }
          ],
          "description": "The properties of the suppression."
        }
      },
      "required": [
        "type",
        "apiVersion",
        "location",
        "properties"
      ],
      "description": "microsoft.insights/components/pricingPlans"
    }
  },
  "definitions": {
    "PricingPlanProperties": {
      "type": "object",
      "properties": {
        "planType": {
          "oneOf": [
            {
              "type": "string",
              "enum": [
                "Basic"
              ]
            }],
          "description": "Pricing Plan Type Name."
        },
        "cap": {
          "oneOf": [
            {
              "type": "number"
            },
            {
              "$ref": "https://schema.management.azure.com/schemas/common/definitions.json#/definitions/expression"
            }
          ],
          "description": "Daily data volume cap in GB."
        },
        "warningThreshold": {
          "oneOf": [
            {
              "type": "integer"
            },
            {
              "$ref": "https://schema.management.azure.com/schemas/common/definitions.json#/definitions/expression"
            }
          ],
          "description": "warning threshold of daily volume cap."
        },
        "stopSendNotificationWhenHitThreshold": {
          "oneOf": [
            {
              "type": "boolean"
            },
            {
              "$ref": "https://schema.management.azure.com/schemas/common/definitions.json#/definitions/expression"
            }
          ],
          "description": "Do not send a notification email when the daily data volume hit the warning threshold."
        },
        "stopSendNotificationWhenHitCap": {
          "oneOf": [
            {
              "type": "boolean"
            },
            {
              "$ref": "https://schema.management.azure.com/schemas/common/definitions.json#/definitions/expression"
            }
          ],
          "description": "Do not send a notification email when the daily data volume cap is met."
        }
      },
      "description": "An Application Insights component daily data volume cap"
    }
  }
}
