{
  "id": "https://schema.management.azure.com/schemas/2019-06-01/Microsoft.AlertsManagement.json#",
  "$schema": "http://json-schema.org/draft-04/schema#",
  "title": "microsoft.alertsManagement",
  "description": "microsoft alertsManagement Resource Types",
  "resourceDefinitions": {
    "smartDetectorAlertRules": {
      "type": "object",
      "properties": {
        "apiVersion": {
          "type": "string",
          "enum": [
            "2019-06-01"
          ]
        },
        "location": {
          "type": "string",
          "default": "global",
          "description": "The resource location."
        },
        "name": {
          "type": "string",
          "description": "The name of the alert rule."
        },
        "properties": {
          "oneOf": [
            {
              "$ref": "#/definitions/AlertRuleProperties"
            },
            {
              "$ref": "https://schema.management.azure.com/schemas/common/definitions.json#/definitions/expression"
            }
          ],
          "description": "The alert rule properties."
        },
        "tags": {
          "type": "object",
          "properties": {},
          "description": "The resource tags."
        },
        "type": {
          "type": "string",
          "enum": [
            "microsoft.alertsManagement/smartDetectorAlertRules"
          ]
        }
      },
      "required": [
        "apiVersion",
        "name",
        "properties",
        "type"
      ],
      "description": "microsoft.alertsManagement/smartDetectorAlertRules"
    }
  },
  "definitions": {
    "ActionGroupsInformation": {
      "type": "object",
      "properties": {
        "customEmailSubject": {
          "type": "string",
          "description": "An optional custom email subject to use in email notifications."
        },
        "customWebhookPayload": {
          "type": "string",
          "description": "An optional custom web-hook payload to use in web-hook notifications."
        },
        "groupIds": {
          "oneOf": [
            {
              "type": "array",
              "items": {
                "type": "string"
              }
            },
            {
              "$ref": "https://schema.management.azure.com/schemas/common/definitions.json#/definitions/expression"
            }
          ],
          "description": "The Action Group resource IDs."
        }
      },
      "required": [
        "groupIds"
      ],
      "description": "The Action Groups information, used by the alert rule."
    },
    "AlertRuleProperties": {
      "type": "object",
      "properties": {
        "actionGroups": {
          "oneOf": [
            {
              "$ref": "#/definitions/ActionGroupsInformation"
            },
            {
              "$ref": "https://schema.management.azure.com/schemas/common/definitions.json#/definitions/expression"
            }
          ],
          "description": "The Action Groups information, used by the alert rule."
        },
        "description": {
          "type": "string",
          "description": "The alert rule description."
        },
        "detector": {
          "oneOf": [
            {
              "$ref": "#/definitions/Detector"
            },
            {
              "$ref": "https://schema.management.azure.com/schemas/common/definitions.json#/definitions/expression"
            }
          ],
          "description": "The detector information. By default this is not populated, unless it's specified in expandDetector"
        },
        "frequency": {
          "type": "string",
          "format": "duration",
          "description": "The alert rule frequency in ISO8601 format. The time granularity must be in minutes and minimum value is 5 minutes."
        },
        "scope": {
          "oneOf": [
            {
              "type": "array",
              "items": {
                "type": "string"
              }
            },
            {
              "$ref": "https://schema.management.azure.com/schemas/common/definitions.json#/definitions/expression"
            }
          ],
          "description": "The alert rule resources scope."
        },
        "severity": {
          "oneOf": [
            {
              "type": "string",
              "enum": [
                "Sev0",
                "Sev1",
                "Sev2",
                "Sev3",
                "Sev4"
              ]
            },
            {
              "$ref": "https://schema.management.azure.com/schemas/common/definitions.json#/definitions/expression"
            }
          ],
          "description": "The alert rule severity."
        },
        "state": {
          "oneOf": [
            {
              "type": "string",
              "enum": [
                "Enabled",
                "Disabled"
              ]
            },
            {
              "$ref": "https://schema.management.azure.com/schemas/common/definitions.json#/definitions/expression"
            }
          ],
          "description": "The alert rule state."
        },
        "throttling": {
          "oneOf": [
            {
              "$ref": "#/definitions/ThrottlingInformation"
            },
            {
              "$ref": "https://schema.management.azure.com/schemas/common/definitions.json#/definitions/expression"
            }
          ],
          "description": "Optional throttling information for the alert rule."
        }
      },
      "required": [
        "actionGroups",
        "detector",
        "frequency",
        "scope",
        "severity",
        "state"
      ],
      "description": "The alert rule properties."
    },
    "Detector": {
      "type": "object",
      "properties": {
        "description": {
          "type": "string",
          "description": "The Smart Detector description. By default this is not populated, unless it's specified in expandDetector"
        },
        "id": {
          "type": "string",
          "description": "The detector id."
        },
        "imagePaths": {
          "oneOf": [
            {
              "type": "array",
              "items": {
                "type": "string"
              }
            },
            {
              "$ref": "https://schema.management.azure.com/schemas/common/definitions.json#/definitions/expression"
            }
          ],
          "description": "The Smart Detector image path. By default this is not populated, unless it's specified in expandDetector"
        },
        "name": {
          "type": "string",
          "description": "The Smart Detector name. By default this is not populated, unless it's specified in expandDetector"
        },
        "parameters": {
          "oneOf": [
            {
              "type": "object",
              "additionalProperties": {
                "type": "object",
                "properties": {}
              },
              "properties": {}
            },
            {
              "$ref": "https://schema.management.azure.com/schemas/common/definitions.json#/definitions/expression"
            }
          ],
          "description": "The detector's parameters.'"
        },
        "supportedResourceTypes": {
          "oneOf": [
            {
              "type": "array",
              "items": {
                "type": "string"
              }
            },
            {
              "$ref": "https://schema.management.azure.com/schemas/common/definitions.json#/definitions/expression"
            }
          ],
          "description": "The Smart Detector supported resource types. By default this is not populated, unless it's specified in expandDetector"
        }
      },
      "required": [
        "id"
      ],
      "description": "The detector information. By default this is not populated, unless it's specified in expandDetector"
    },
    "ThrottlingInformation": {
      "type": "object",
      "properties": {
        "duration": {
          "type": "string",
          "format": "duration",
          "description": "The required duration (in ISO8601 format) to wait before notifying on the alert rule again. The time granularity must be in minutes and minimum value is 0 minutes"
        }
      },
      "description": "Optional throttling information for the alert rule."
    }
  }
}