{
  "id": "https://schema.management.azure.com/schemas/2015-08-19/Microsoft.Search.json#",
  "$schema": "http://json-schema.org/draft-04/schema#",
  "title": "Microsoft.Search",
  "description": "Microsoft Search Resource Types",
  "resourceDefinitions": {
    "searchServices": {
      "type": "object",
      "properties": {
        "apiVersion": {
          "type": "string",
          "enum": [
            "2015-08-19"
          ]
        },
        "identity": {
          "oneOf": [
            {
              "$ref": "#/definitions/Identity"
            },
            {
              "$ref": "https://schema.management.azure.com/schemas/common/definitions.json#/definitions/expression"
            }
          ],
          "description": "Identity for the resource."
        },
        "location": {
          "type": "string",
          "description": "The geographic location of the resource. This must be one of the supported and registered Azure Geo Regions (for example, West US, East US, Southeast Asia, and so forth). This property is required when creating a new resource."
        },
        "name": {
          "type": "string",
          "description": "The name of the Azure Cognitive Search service to create or update. Search service names must only contain lowercase letters, digits or dashes, cannot use dash as the first two or last one characters, cannot contain consecutive dashes, and must be between 2 and 60 characters in length. Search service names must be globally unique since they are part of the service URI (https://<name>.search.windows.net). You cannot change the service name after the service is created."
        },
        "properties": {
          "oneOf": [
            {
              "$ref": "#/definitions/SearchServiceProperties"
            },
            {
              "$ref": "https://schema.management.azure.com/schemas/common/definitions.json#/definitions/expression"
            }
          ],
          "description": "Properties of the Search service."
        },
        "sku": {
          "oneOf": [
            {
              "$ref": "#/definitions/Sku"
            },
            {
              "$ref": "https://schema.management.azure.com/schemas/common/definitions.json#/definitions/expression"
            }
          ],
          "description": "Defines the SKU of an Azure Cognitive Search Service, which determines price tier and capacity limits."
        },
        "tags": {
          "oneOf": [
            {
              "type": "object",
              "additionalProperties": {
                "type": "string"
              },
              "properties": {}
            },
            {
              "$ref": "https://schema.management.azure.com/schemas/common/definitions.json#/definitions/expression"
            }
          ],
          "description": "Tags to help categorize the resource in the Azure portal."
        },
        "type": {
          "type": "string",
          "enum": [
            "Microsoft.Search/searchServices"
          ]
        }
      },
      "required": [
        "apiVersion",
        "name",
        "properties",
        "type"
      ],
      "description": "Microsoft.Search/searchServices"
    }
  },
  "definitions": {
    "Identity": {
      "type": "object",
      "properties": {
        "type": {
          "oneOf": [
            {
              "type": "string",
              "enum": [
                "None",
                "SystemAssigned"
              ]
            },
            {
              "$ref": "https://schema.management.azure.com/schemas/common/definitions.json#/definitions/expression"
            }
          ],
          "description": "The identity type."
        }
      },
      "required": [
        "type"
      ],
      "description": "Identity for the resource."
    },
    "SearchServiceProperties": {
      "type": "object",
      "properties": {
        "hostingMode": {
          "oneOf": [
            {
              "type": "string",
              "enum": [
                "default",
                "highDensity"
              ]
            },
            {
              "$ref": "https://schema.management.azure.com/schemas/common/definitions.json#/definitions/expression"
            }
          ],
          "description": "Applicable only for the standard3 SKU. You can set this property to enable up to 3 high density partitions that allow up to 1000 indexes, which is much higher than the maximum indexes allowed for any other SKU. For the standard3 SKU, the value is either 'default' or 'highDensity'. For all other SKUs, this value must be 'default'."
        },
        "partitionCount": {
          "oneOf": [
            {
              "type": "integer",
              "minimum": 1,
              "maximum": 12,
              "default": "1"
            },
            {
              "$ref": "https://schema.management.azure.com/schemas/common/definitions.json#/definitions/expression"
            }
          ],
          "description": "The number of partitions in the Search service; if specified, it can be 1, 2, 3, 4, 6, or 12. Values greater than 1 are only valid for standard SKUs. For 'standard3' services with hostingMode set to 'highDensity', the allowed values are between 1 and 3."
        },
        "replicaCount": {
          "oneOf": [
            {
              "type": "integer",
              "minimum": 1,
              "maximum": 12,
              "default": "1"
            },
            {
              "$ref": "https://schema.management.azure.com/schemas/common/definitions.json#/definitions/expression"
            }
          ],
          "description": "The number of replicas in the Search service. If specified, it must be a value between 1 and 12 inclusive for standard SKUs or between 1 and 3 inclusive for basic SKU."
        }
      },
      "description": "Properties of the Search service."
    },
    "Sku": {
      "type": "object",
      "properties": {
        "name": {
          "oneOf": [
            {
              "type": "string",
              "enum": [
                "free",
                "basic",
                "standard",
                "standard2",
                "standard3",
                "storage_optimized_l1",
                "storage_optimized_l2"
              ]
            },
            {
              "$ref": "https://schema.management.azure.com/schemas/common/definitions.json#/definitions/expression"
            }
          ],
          "description": "The SKU of the Search service. Valid values include: 'free': Shared service. 'basic': Dedicated service with up to 3 replicas. 'standard': Dedicated service with up to 12 partitions and 12 replicas. 'standard2': Similar to standard, but with more capacity per search unit. 'standard3': The largest Standard offering with up to 12 partitions and 12 replicas (or up to 3 partitions with more indexes if you also set the hostingMode property to 'highDensity'). 'storage_optimized_l1': Supports 1TB per partition, up to 12 partitions. 'storage_optimized_l2': Supports 2TB per partition, up to 12 partitions.'."
        }
      },
      "description": "Defines the SKU of an Azure Cognitive Search Service, which determines price tier and capacity limits."
    }
  }
}