{
  "id": "https://schema.management.azure.com/schemas/2015-08-01/Microsoft.Web.json",
  "$schema": "http://json-schema.org/draft-04/schema#",
  "title": "Microsoft.Web",
  "description": "Microsoft Web Resource Types",
  "resourceDefinitions": {
    "serverfarms": {
      "type": "object",
      "properties": {
        "type": {
          "enum": [
            "Microsoft.Web/serverfarms"
          ]
        },
        "apiVersion": {
          "enum": [
            "2015-08-01"
          ]
        },
        "sku": {
          "oneOf": [
            {
              "type": "object",
              "properties": {
                "name": {
                  "oneOf": [
                    {
                      "type": "string",
                      "pattern": "^[fdbspFDBSP][1-9]$"
                    },
                    {
                      "$ref": "https://schema.management.azure.com/schemas/common/definitions.json#/definitions/expression"
                    }
                  ],
                  "description": "Microsoft.Web/serverfarms: Server farm name. Letter denotes tier and numerical denotes size (small, medium, large). Note: D is for Shared tier"
                },
                "tier": {
                  "oneOf": [
                    {
                      "enum": [
                        "Free",
                        "Shared",
                        "Basic",
                        "Standard",
                        "Premium"
                      ]
                    },
                    {
                      "$ref": "https://schema.management.azure.com/schemas/common/definitions.json#/definitions/expression"
                    }
                  ],
                  "description": "Microsoft.Web/serverfarms: Server farm tier."
                },
                "capacity": {
                  "oneOf": [
                    {
                      "type": "integer"
                    },
                    {
                      "$ref": "https://schema.management.azure.com/schemas/common/definitions.json#/definitions/expression"
                    }
                  ],
                  "description": "Microsoft.Web/serverfarms: Server farm capacity."
                }
              },
              "required": [
                "name"
              ]
            },
            {
              "$ref": "https://schema.management.azure.com/schemas/common/definitions.json#/definitions/expression"
            }
          ],
          "description": "Microsoft.Web/serverfarms: Server farm sku."
        },
        "properties": {
          "type": "object",
          "properties": {
            "name": {
              "type": "string",
              "minLength": 1,
              "description": "Microsoft.Web/serverfarms: Name of the server farm."
            },
            "numberOfWorkers": {
              "oneOf": [
                {
                  "type": "integer",
                  "minimum": 0,
                  "maximum": 10
                },
                {
                  "$ref": "https://schema.management.azure.com/schemas/common/definitions.json#/definitions/expression"
                }
              ],
              "description": "Microsoft.Web/serverfarms: The instance count, which is the number of virtual machines dedicated to the farm. Supported values are 1-10."
            }
          }
        }
      },
      "required": [
        "type",
        "apiVersion",
        "properties",
        "location"
      ],
      "description": "Microsoft.Web/serverfarms"
    },
    "config": {
      "type": "object",
      "properties": {
        "type": {
          "enum": [
            "Microsoft.Web/sites/config",
            "config"
          ]
        },
        "apiVersion": {
          "enum": [
            "2015-08-01"
          ]
        },
        "name": {
          "oneOf": [
            {
              "enum": [
                "web",
                "connectionstrings",
                "appsettings"
              ]
            },
            {
              "$ref": "https://schema.management.azure.com/schemas/common/definitions.json#/definitions/expression"
            }
          ]
        }
      },
      "description": "Microsoft.Web/sites: Configuration settings for a web site.",
      "required": [
        "type",
        "apiVersion",
        "name"
      ]
    },
    "extensions": {
      "type": "object",
      "properties": {
        "type": {
          "enum": [
            "Microsoft.Web/sites/extensions",
            "extensions"
          ]
        },
        "apiVersion": {
          "enum": [
            "2015-08-01"
          ]
        },
        "properties": {
          "type": "object",
          "properties": {
            "packageUri": {
              "type": "string",
              "minLength": 1,
              "description": "Microsoft.Web/sites/extensions: uri of package"
            },
            "dbType": {
              "type": "string",
              "minLength": 1,
              "description": "Microsoft.Web/sites/extensions: type of database"
            },
            "connectionString": {
              "type": "string",
              "minLength": 1,
              "description": "Microsoft.Web/sites/extensions: connection string"
            },
            "setParameters": {
              "oneOf": [
                {
                  "$ref": "https://schema.management.azure.com/schemas/common/definitions.json#/definitions/expression"
                },
                {
                  "type": "object"
                }
              ],
              "description": "Microsoft.Web/sites/extensions: parameters"
            }
          }
        }
      },
      "required": [
        "type",
        "apiVersion",
        "properties"
      ],
      "description": "Microsoft.Web/sites/extensions"
    },
    "sites": {
      "type": "object",
      "properties": {
        "type": {
          "enum": [
            "Microsoft.Web/sites"
          ]
        },
        "apiVersion": {
          "enum": [
            "2015-08-01"
          ]
        },
        "properties": {
          "type": "object",
          "properties": {
            "name": {
              "type": "string",
              "minLength": 1,
              "description": "Microsoft.Web/sites: The name of web site."
            },
            "serverFarmId": {
              "type": "string",
              "minLength": 1,
              "description": "Microsoft.Web/sites: The resource Id of server farm site belongs to."
            },
            "hostnames": {
              "oneOf": [
                {
                  "type": "array",
                  "items": {
                    "type": "string",
                    "minLength": 1
                  }
                },
                {
                  "$ref": "https://schema.management.azure.com/schemas/common/definitions.json#/definitions/expression"
                }
              ],
              "description": "Microsoft.Web/sites: An array of strings that contains the public hostnames for the site, including custom domains."
            },
            "enabledHostnames": {
              "oneOf": [
                {
                  "type": "array",
                  "items": {
                    "type": "string",
                    "minLength": 1
                  }
                },
                {
                  "$ref": "https://schema.management.azure.com/schemas/common/definitions.json#/definitions/expression"
                }
              ],
              "description": "Microsoft.Web/sites: An array of strings that contains enabled hostnames for the site. By default, these are <SiteName>.azurewebsites.net and <SiteName>.scm.azurewebsites.net."
            },
            "hostNameSslStates": {
              "oneOf": [
                {
                  "type": "array",
                  "items": {
                    "type": "object",
                    "properties": {
                      "name": {
                        "type": "string",
                        "minLength": 1,
                        "description": "Microsoft.Web/sites/hostNameSslStates: The URL of the web site."
                      },
                      "sslState": {
                        "oneOf": [
                          {
                            "enum": [
                              "Disabled",
                              "IpBasedEnabled",
                              "SniEnabled"
                            ]
                          },
                          {
                            "type": "integer",
                            "minimum": 0,
                            "maximum": 2
                          },
                          {
                            "$ref": "https://schema.management.azure.com/schemas/common/definitions.json#/definitions/expression"
                          }
                        ],
                        "description": "Microsoft.Web/sites/hostNameSslStates. The SSL state."
                      },
                      "thumbprint": {
                        "type": "string",
                        "minLength": 1,
                        "description": "Microsoft.Web/sites/hostNameSslStates: A string that contains the thumbprint of the SSL certificate."
                      },
                      "ipBasedSslState": {
                        "oneOf": [
                          {
                            "enum": [
                              "Disabled",
                              "IpBasedEnabled",
                              "SniEnabled"
                            ]
                          },
                          {
                            "type": "integer",
                            "minimum": 0,
                            "maximum": 2
                          },
                          {
                            "$ref": "https://schema.management.azure.com/schemas/common/definitions.json#/definitions/expression"
                          }
                        ],
                        "description": "Microsoft.Web/sites/hostNameSslStates: IP Based SSL state"
                      }
                    }
                  }
                },
                {
                  "$ref": "https://schema.management.azure.com/schemas/common/definitions.json#/definitions/expression"
                }
              ],
              "description": "Microsoft.Web/sites: Container for SSL states."
            }
          }
        },
        "resources": {
          "type": "array",
          "items": {
            "allOf": [
              {
                "$ref": "https://schema.management.azure.com/schemas/common/definitions.json#/definitions/resourceBase"
              },
              {
                "oneOf": [
                  {
                    "allOf": [
                      {
                        "$ref": "#/resourceDefinitions/config"
                      },
                      {
                        "oneOf": [
                          {
                            "$ref": "#/definitions/web"
                          },
                          {
                            "$ref": "#/definitions/connectionstrings"
                          },
                          {
                            "$ref": "#/definitions/appsettings"
                          }
                        ]
                      }
                    ]
                  },
                  {
                    "$ref": "#/resourceDefinitions/extensions"
                  }
                ]
              }
            ]
          },
          "description": "Microsoft.Web/sites: Child resources to define configuration and extensions."
        }
      },
      "required": [
        "type",
        "apiVersion",
        "properties",
        "location"
      ],
      "description": "Microsoft.Web/sites"
    },
    "certificates": {
      "type": "object",
      "properties": {
        "type": {
          "enum": [
            "Microsoft.Web/certificates"
          ]
        },
        "apiVersion": {
          "enum": [
            "2015-08-01"
          ]
        },
        "properties": {
          "type": "object",
          "properties": {
            "pfxBlob": {
              "type": "string",
              "minLength": 1,
              "description": "Microsoft.Web/certificates: A base64Binary value that contains the PfxBlob of the certificate."
            },
            "password": {
              "type": "string",
              "minLength": 1,
              "description": "Microsoft.Web/certficates: A string that contains the password for the certificate."
            }
          }
        }
      },
      "required": [
        "name",
        "properties"
      ],
      "description": "Microsoft.Web/certificates"
    }
  },
  "definitions": {
    "web": {
      "type": "object",
      "properties": {
        "name": {
          "enum": [
            "web"
          ]
        },
        "properties": {
          "type": "object",
          "properties": {
            "phpVersion": {
              "type": "string",
              "description": "Microsoft.Web/sites/config: PHP version (an empty string disables PHP)."
            },
            "netFrameworkVersion": {
              "type": "string",
              "minLength": 1,
              "description": "Microsoft.Web/sites/config: The .Net Framework version."
            }
          }
        }
      },
      "required": [
        "name",
        "properties"
      ]
    },
    "connectionstrings": {
      "type": "object",
      "properties": {
        "name": {
          "enum": [
            "connectionstrings"
          ]
        },
        "properties": {
          "type": "object",
          "additionalProperties": {
            "type": "object",
            "required": [
              "value",
              "type"
            ],
            "properties": {
              "value": {
                "type": "string",
                "minLength": 1,
                "description": "Microsoft.Web/sites/config/connectionstrings: Connection string to database."
              },
              "type": {
                "oneOf": [
                  {
                    "enum": [
                      "MySql",
                      "SQLServer",
                      "SQLAzure",
                      "Custom"
                    ]
                  },
                  {
                    "$ref": "https://schema.management.azure.com/schemas/common/definitions.json#/definitions/expression"
                  }
                ],
                "description": "Microsoft.Web/sites/config/connectionstrings: Type of database."
              }
            }
          }
        }
      },
      "required": [
        "name",
        "properties"
      ]
    },
    "appsettings": {
      "type": "object",
      "properties": {
        "name": {
          "oneOf": [
            {
              "enum": [
                "appsettings"
              ]
            },
            {
              "$ref": "https://schema.management.azure.com/schemas/common/definitions.json#/definitions/expression"
            }
          ]
        },
        "properties": {
          "type": "object",
          "additionalProperties": {
            "type": "string",
            "minLength": 1
          }
        }
      },
      "required": [
        "name",
        "properties"
      ]
    }
  }
}