{
  "id": "https://schema.management.azure.com/schemas/2017-10-01-preview/Microsoft.IoTSpaces.json#",
  "$schema": "http://json-schema.org/draft-04/schema#",
  "title": "Microsoft.IoTSpaces",
  "description": "Microsoft IoTSpaces Resource Types",
  "resourceDefinitions": {
    "Graph": {
      "type": "object",
      "properties": {
        "apiVersion": {
          "type": "string",
          "enum": [
            "2017-10-01-preview"
          ]
        },
        "location": {
          "type": "string",
          "description": "The resource location."
        },
        "name": {
          "type": "string",
          "minLength": 1,
          "maxLength": 64,
          "description": "The name of the IoTSpaces instance."
        },
        "properties": {
          "oneOf": [
            {
              "$ref": "#/definitions/IoTSpacesProperties"
            },
            {
              "$ref": "https://schema.management.azure.com/schemas/common/definitions.json#/definitions/expression"
            }
          ],
          "description": "The properties of an IoTSpaces instance."
        },
        "sku": {
          "oneOf": [
            {
              "$ref": "#/definitions/IoTSpacesSkuInfo"
            },
            {
              "$ref": "https://schema.management.azure.com/schemas/common/definitions.json#/definitions/expression"
            }
          ],
          "description": "Information about the SKU of the IoTSpaces instance."
        },
        "tags": {
          "oneOf": [
            {
              "type": "object",
              "additionalProperties": {
                "type": "string"
              },
              "properties": {}
            },
            {
              "$ref": "https://schema.management.azure.com/schemas/common/definitions.json#/definitions/expression"
            }
          ],
          "description": "The resource tags."
        },
        "type": {
          "type": "string",
          "enum": [
            "Microsoft.IoTSpaces/Graph"
          ]
        }
      },
      "required": [
        "apiVersion",
        "location",
        "name",
        "properties",
        "sku",
        "type"
      ],
      "description": "Microsoft.IoTSpaces/Graph"
    }
  },
  "definitions": {
    "IoTSpacesProperties": {
      "type": "object",
      "properties": {
        "storageContainer": {
          "oneOf": [
            {
              "$ref": "#/definitions/StorageContainerProperties"
            },
            {
              "$ref": "https://schema.management.azure.com/schemas/common/definitions.json#/definitions/expression"
            }
          ],
          "description": "The properties of the Azure Storage Container for file archive."
        }
      },
      "description": "The properties of an IoTSpaces instance."
    },
    "IoTSpacesSkuInfo": {
      "type": "object",
      "properties": {
        "name": {
          "oneOf": [
            {
              "type": "string",
              "enum": [
                "F1",
                "S1",
                "S2",
                "S3"
              ]
            },
            {
              "$ref": "https://schema.management.azure.com/schemas/common/definitions.json#/definitions/expression"
            }
          ],
          "description": "The name of the SKU."
        }
      },
      "required": [
        "name"
      ],
      "description": "Information about the SKU of the IoTSpaces instance."
    },
    "StorageContainerProperties": {
      "type": "object",
      "properties": {
        "connectionString": {
          "type": "string",
          "description": "The connection string of the storage account."
        },
        "containerName": {
          "type": "string",
          "description": "The name of storage container in the storage account."
        },
        "resourceGroup": {
          "type": "string",
          "description": "The name of the resource group of the storage account."
        },
        "subscriptionId": {
          "type": "string",
          "description": "The subscription identifier of the storage account."
        }
      },
      "description": "The properties of the Azure Storage Container for file archive."
    }
  }
}