{
  "id": "https://schema.management.azure.com/schemas/2018-05-01-preview/Microsoft.Insights.json#",
  "$schema": "http://json-schema.org/draft-04/schema#",
  "title": "Microsoft.Insights",
  "description": "microsoft insights Resource Types",
  "resourceDefinitions": {
    "ProactiveDetectionConfigs": {
      "type": "object",
      "properties": {
        "name": {
          "type": "string",
          "description": "The name of the proactive detection configuration rule."
        },
        "type": {
          "type": "string",
          "enum": [
            "Microsoft.Insights/ProactiveDetectionConfigs"
          ]
        },
        "apiVersion": {
          "type": "string",
          "enum": [
            "2018-05-01-preview"
          ]
        },
        "location": {
          "type": "string",
          "description": "Resource location"
        },
        "properties": {
          "oneOf": [
            {
              "$ref": "#/definitions/ProactiveDetectionConfigurationRule"
            },
            {
              "$ref": "https://schema.management.azure.com/schemas/common/definitions.json#/definitions/expression"
            }
          ],
          "description": "The proactive detection configuration rule properties of the resource."
        }
      },
      "required": [
        "name",
        "type",
        "apiVersion",
        "location",
        "properties"
      ],
      "description": "microsoft.insights/ProactiveDetectionConfigs"
    }
  },
  "definitions": {
    "ProactiveDetectionConfigurationRule": {
      "type": "object",
      "properties": {
        "name": {
          "type": "string",
          "description": "the name of the proactive detection configuration rule."
        },
        "enabled": {
          "oneOf": [
            {
              "type": "boolean"
            },
            {
              "$ref": "https://schema.management.azure.com/schemas/common/definitions.json#/definitions/expression"
            }
          ],
          "description": "the flag that indicates whether the proactive detection configuration rule is enabled."
        },
        "sendEmailsToSubscriptionOwners": {
          "oneOf": [
            {
              "type": "boolean"
            },
            {
              "$ref": "https://schema.management.azure.com/schemas/common/definitions.json#/definitions/expression"
            }
          ],
          "description": "the flag that indicates whether the proactive detections should be sent to subscription owners."
        },
        "customEmails": {
          "oneOf": [
            {
              "type": "array",
              "items": {
                "type": "string"
              }
            },
            {
              "$ref": "https://schema.management.azure.com/schemas/common/definitions.json#/definitions/expression"
            }
          ],
          "description": "An array of emails to send the proactive detections to."
        }
      },
      "required": [
        "name",
        "enabled"
      ],
      "description": "A proactive detection configuration rule."
    }
  }
}
