{
  "id": "https://schema.management.azure.com/schemas/2014-04-01/Microsoft.Insights.json#",
  "$schema": "http://json-schema.org/draft-04/schema#",
  "title": "Microsoft.Insights",
  "description": "Microsoft Insights Types",
  "resourceDefinitions": {
    "alertrules": {
      "type": "object",
      "properties": {
        "type": {
          "enum": [
            "Microsoft.Insights/alertrules"
          ]
        },
        "apiVersion": {
          "enum": [
            "2014-04-01"
          ]
        },
        "properties": {
          "type": "object",
          "properties": {
            "name": {
              "type": "string",
              "minLength": 1,
              "description": "Microsoft.Insights/alertrules: Name of the alert rule."
            },
            "description": {
              "type": "string",
              "minLength": 1,
              "description": "Microsoft.Insights/alertrules: Description of the alert rule that will be included in the alert email."
            },
            "isEnabled": {
              "oneOf": [
                {
                  "type": "boolean"
                },
                {
                  "$ref": "https://schema.management.azure.com/schemas/common/definitions.json#/definitions/expression"
                }
              ],
              "description": "Microsoft.Insights/alertrules: Indicates whether the alert rule is enabled."
            },
            "condition": {
              "oneOf": [
                {
                  "$ref": "https://schema.management.azure.com/schemas/common/definitions.json#/definitions/expression"
                },
                {
                  "type": "object",
                  "properties": {
                    "odata.type": {
                      "oneOf": [
                        {
                          "$ref": "https://schema.management.azure.com/schemas/common/definitions.json#/definitions/expression"
                        },
                        {
                          "enum": [
                            "Microsoft.Azure.Management.Insights.Models.ThresholdRuleCondition",
                            "Microsoft.Azure.Management.Insights.Models.LocationThresholdRuleCondition"
                          ]
                        }
                      ],
                      "description": "Microsoft.Insights/alertrules: Type of condition this alert rule uses."
                    },
                    "dataSource": {
                      "type": "object",
                      "properties": {
                        "odata.type": {
                          "oneOf": [
                            {
                              "$ref": "https://schema.management.azure.com/schemas/common/definitions.json#/definitions/expression"
                            },
                            {
                              "enum": [
                                "Microsoft.Azure.Management.Insights.Models.RuleMetricDataSource"
                              ]
                            }
                          ],
                          "description": "Microsoft.Insights/alertrules: Type of data source this condition uses."
                        },
                        "resourceUri": {
                          "type": "string",
                          "minLength": 1,
                          "description": "Microsoft.Insights/alertrules: The resource identifier of the resource the rule monitors."
                        },
                        "metricName": {
                          "type": "string",
                          "minLength": 1,
                          "description": "Microsoft.Insights/alertrules: The name of the metric that defines what the rule monitors."
                        },
                        "metricNamespace": {
                          "oneOf": [
                            {
                              "$ref": "https://schema.management.azure.com/schemas/common/definitions.json#/definitions/expression"
                            },
                            {
                              "enum": [
                                "WindowsAzure.Availability"
                              ]
                            }
                          ],
                          "description": "Microsoft.Insights/alertrules: Only should be present for availability level metrics, where the value must be WindowsAzure.Availability."
                        }
                      },
                      "description": "Microsoft.Insights/alertrules: The resource from which the rule collects its data."
                    },
                    "operator": {
                      "oneOf": [
                        {
                          "$ref": "https://schema.management.azure.com/schemas/common/definitions.json#/definitions/expression"
                        },
                        {
                          "enum": [
                            "GreaterThan",
                            "GreaterThanOrEqual",
                            "LessThan",
                            "LessThanOrEqual"
                          ]
                        }
                      ],
                      "description": "Microsoft.Insights/alertrules: The operator used to compare the data and the threshold."
                    },
                    "threshold": {
                      "oneOf": [
                        {
                          "type": "number",
                          "minimum": 0
                        },
                        {
                          "$ref": "https://schema.management.azure.com/schemas/common/definitions.json#/definitions/expression"
                        }
                      ],
                      "description": "Microsoft.Insights/alertrules: The threshold value that activates the alert. Only for ThresholdRuleConditions."
                    },
                    "failedLocationCount": {
                      "oneOf": [
                        {
                          "type": "number",
                          "minimum": 0
                        },
                        {
                          "$ref": "https://schema.management.azure.com/schemas/common/definitions.json#/definitions/expression"
                        }
                      ],
                      "description": "Microsoft.Insights/alertrules: The number of locations that must fail to activate the alert. Only for LocationThresholdRuleConditions."
                    },
                    "windowSize": {
                      "oneOf": [
                        {
                          "$ref": "https://schema.management.azure.com/schemas/common/definitions.json#/definitions/Iso8601Duration"
                        },
                        {
                          "$ref": "https://schema.management.azure.com/schemas/common/definitions.json#/definitions/expression"
                        }
                      ],
                      "description": "Microsoft.Insights/alertrules: The period of time that is used to monitor alert activity based on the threshold. Must be between 5 minutes and 1 day. ISO 8601 duration format."
                    }
                  }
                }
              ],
              "description": "Microsoft.Insights/alertrules: The condition that results in the alert rule being activated."
            },
            "action": {
              "oneOf": [
                {
                  "$ref": "https://schema.management.azure.com/schemas/common/definitions.json#/definitions/expression"
                },
                {
                  "type": "object",
                  "properties": {
                    "odata.type": {
                      "oneOf": [
                        {
                          "$ref": "https://schema.management.azure.com/schemas/common/definitions.json#/definitions/expression"
                        },
                        {
                          "enum": [
                            "Microsoft.Azure.Management.Insights.Models.RuleEmailAction"
                          ]
                        }
                      ],
                      "description": "Microsoft.Insights/alertrules: The type of action that is performed by the alert rule."
                    },
                    "sendToServiceOwners": {
                      "oneOf": [
                        {
                          "$ref": "https://schema.management.azure.com/schemas/common/definitions.json#/definitions/expression"
                        },
                        {
                          "type": "boolean"
                        }
                      ],
                      "description": "Microsoft.Insights/alertrules: Whether the administrators (service and co-adiminstrators) of the service should be notified when the alert is activated."
                    },
                    "customEmails": {
                      "oneOf": [
                        {
                          "$ref": "https://schema.management.azure.com/schemas/common/definitions.json#/definitions/expression"
                        },
                        {
                          "type": "array",
                          "minItems": 0,
                          "items": {
                            "type": "string",
                            "minLength": 1
                          }
                        }
                      ],
                      "description": "Microsoft.Insights/alertrules: A list of administrator's custom email addresses notifiy of the activation of the alert."
                    }
                  }
                }
              ],
              "description": "Microsoft.Insights/alertrules: The action that is performed when the alert rule becomes active, and when an alert condition is resolved."
            }
          }
        }
      },
      "required": [
        "type",
        "apiVersion",
        "properties",
        "location"
      ],
      "description": "Microsoft.Insights/alertrules"
    },
    "components": {
      "type": "object",
      "properties": {
        "type": {
          "enum": [
            "Microsoft.Insights/components"
          ]
        },
        "apiVersion": {
          "enum": [
            "2014-04-01"
          ]
        },
        "properties": {
          "type": "object",
          "properties": {
            "applicationId": {
              "type": "string",
              "minLength": 1,
              "description": "Microsoft.Insights/components: applicationId"
            }
          }
        }
      },
      "required": [
        "type",
        "apiVersion",
        "properties",
        "location"
      ],
      "description": "Microsoft.Insights/components"
    },
    "webtests": {
      "type": "object",
      "properties": {
        "type": {
          "enum": [
            "Microsoft.Insights/webtests"
          ]
        },
        "apiVersion": {
          "enum": [
            "2014-04-01"
          ]
        },
        "properties": {
          "type": "object",
          "properties": {
            "provisioningState": {
              "type": "string",
              "minLength": 1,
              "description": "Microsoft.Insights/webtests: provisioning state."
            },
            "Name": {
              "type": "string",
              "minLength": 1,
              "description": "Microsoft.Insights/webtests: name of the webtest."
            },
            "Description": {
              "type": "string",
              "minLength": 1,
              "description": "Microsoft.Insights/webtests: description of the webtest."
            },
            "Enabled": {
              "oneOf": [
                {
                  "$ref": "https://schema.management.azure.com/schemas/common/definitions.json#/definitions/expression"
                },
                {
                  "type": "boolean"
                }
              ],
              "description": "Microsoft.Insights/webtests: Is the webtest enabled."
            },
            "Frequency": {
              "$ref": "https://schema.management.azure.com/schemas/common/definitions.json#/definitions/numberOrExpression",
              "description": "Microsoft.Insights/webtests: Frequency of the webtest."
            },
            "Timeout": {
              "$ref": "https://schema.management.azure.com/schemas/common/definitions.json#/definitions/numberOrExpression",
              "description": "Microsoft.Insights/webtests: Timeout for the webtest."
            },
            "Locations": {
              "oneOf": [
                {
                  "$ref": "https://schema.management.azure.com/schemas/common/definitions.json#/definitions/expression"
                },
                {
                  "type": "array",
                  "items": {
                    "type": "object",
                    "properties": {
                      "Id": {
                        "type": "string",
                        "minLength": 1,
                        "description": "Microsoft.Insights/webtests: Location id of the webtest"
                      }
                    }
                  }
                }
              ],
              "description": "Microsoft.Insights/webtests: Locations of the webtest."
            },
            "Configuration": {
              "oneOf": [
                {
                  "$ref": "https://schema.management.azure.com/schemas/common/definitions.json#/definitions/expression"
                },
                {
                  "type": "object",
                  "properties": {
                    "WebTest": {
                      "type": "string",
                      "minLength": 1,
                      "description": "Microsoft.Insights/webtests: WebTest configuration."
                    }
                  }
                }
              ],
              "description": "Microsoft.Insights/webtests: Configuration for the webtest."
            },
            "SyntheticMonitorId": {
              "type": "string",
              "minLength": 1,
              "description": "Microsoft.Insights/webtests: Synthetic monitor id."
            }
          }
        }
      },
      "required": [
        "type",
        "apiVersion",
        "properties",
        "location"
      ],
      "description": "Microsoft.Insights/webtests"
    },
    "autoscalesettings": {
      "type": "object",
      "properties": {
        "type": {
          "enum": [
            "Microsoft.Insights/autoscalesettings"
          ]
        },
        "apiVersion": {
          "enum": [
            "2014-04-01"
          ]
        },
        "properties": {
          "type": "object",
          "properties": {
            "profiles": {
              "oneOf": [
                {
                  "$ref": "https://schema.management.azure.com/schemas/common/definitions.json#/definitions/expression"
                },
                {
                  "type": "array",
                  "items": {
                    "type": "object",
                    "properties": {
                      "name": {
                        "type": "string",
                        "minLength": 1,
                        "description": "Microsoft.Insights/autoscalesettings: The name of the profile."
                      },
                      "capacity": {
                        "type": "object",
                        "properties": {
                          "minimum": {
                            "oneOf": [
                              {
                                "$ref": "https://schema.management.azure.com/schemas/common/definitions.json#/definitions/expression"
                              },
                              {
                                "type": "integer",
                                "minimum": 0
                              }
                            ],
                            "description": "Microsoft.Insights/autoscalesettings: The minimum number of instances for the resource."
                          },
                          "maximum": {
                            "oneOf": [
                              {
                                "$ref": "https://schema.management.azure.com/schemas/common/definitions.json#/definitions/expression"
                              },
                              {
                                "type": "integer",
                                "minimum": 0
                              }
                            ],
                            "description": "Microsoft.Insights/autoscalesettings: The maximum number of instances for the resource. The actual maximum number may be limited by the cores that are available."
                          },
                          "default": {
                            "oneOf": [
                              {
                                "$ref": "https://schema.management.azure.com/schemas/common/definitions.json#/definitions/expression"
                              },
                              {
                                "type": "integer",
                                "minimum": 0
                              }
                            ],
                            "description": "Microsoft.Insights/autoscalesettings: The number of instances that will be set if metrics are not available for evaluation. The default is only used if the current instance count is lower than the default."
                          }
                        },
                        "description": "Microsoft.Insights/autoscalesettings: The number of instances that can be used during this profile."
                      },
                      "rules": {
                        "type": "array",
                        "items": {
                          "allOf": [
                            {
                              "type": "object",
                              "properties": {
                                "metricTrigger": {
                                  "type": "object",
                                  "properties": {
                                    "metricName": {
                                      "type": "string",
                                      "minLength": 1,
                                      "description": "Microsoft.Insights/autoscalesettings: The name of the metric that defines what the rule monitors."
                                    },
                                    "metricResourceUri": {
                                      "type": "string",
                                      "minLength": 1,
                                      "description": "Microsoft.Insights/autoscalesettings: The resource identifier of the resource the rule monitors."
                                    },
                                    "timeGrain": {
                                      "oneOf": [
                                        {
                                          "$ref": "https://schema.management.azure.com/schemas/common/definitions.json#/definitions/expression"
                                        },
                                        {
                                          "$ref": "https://schema.management.azure.com/schemas/common/definitions.json#/definitions/Iso8601Duration"
                                        }
                                      ],
                                      "description": "Microsoft.Insights/autoscalesettings: The granularity of metrics the rule monitors. Must be one of the predefined values returned from metric definitions for the metric. Must be between 12 hours and 1 minute. ISO 8601 duration format."
                                    },
                                    "statistics": {
                                      "oneOf": [
                                        {
                                          "$ref": "https://schema.management.azure.com/schemas/common/definitions.json#/definitions/expression"
                                        },
                                        {
                                          "enum": [
                                            "Average",
                                            "Min",
                                            "Max",
                                            "Sum"
                                          ]
                                        }
                                      ],
                                      "description": "Microsoft.Insights/autoscalesettings: How the metrics from multiple instances are combined."
                                    },
                                    "timeWindow": {
                                      "oneOf": [
                                        {
                                          "$ref": "https://schema.management.azure.com/schemas/common/definitions.json#/definitions/expression"
                                        },
                                        {
                                          "$ref": "https://schema.management.azure.com/schemas/common/definitions.json#/definitions/Iso8601Duration"
                                        }
                                      ],
                                      "description": "Microsoft.Insights/autoscalesettings: The range of time in which instance data is collected. This value must be greater than the delay in metric collection, which can vary from resource-to-resource. Must be between 12 hours and 5 minutes. ISO 8601 duration format."
                                    },
                                    "timeAggregation": {
                                      "oneOf": [
                                        {
                                          "$ref": "https://schema.management.azure.com/schemas/common/definitions.json#/definitions/expression"
                                        },
                                        {
                                          "enum": [
                                            "Average",
                                            "Minimum",
                                            "Maximum",
                                            "Last",
                                            "Total",
                                            "Count"
                                          ]
                                        }
                                      ],
                                      "description": "Microsoft.Insights/autoscalesettings: How the data that is collected should be combined over time. The default value is Average."
                                    },
                                    "operator": {
                                      "oneOf": [
                                        {
                                          "$ref": "https://schema.management.azure.com/schemas/common/definitions.json#/definitions/expression"
                                        },
                                        {
                                          "enum": [
                                            "GreaterThan",
                                            "GreaterThanOrEqual",
                                            "Equals",
                                            "NotEquals",
                                            "LessThan",
                                            "LessThanOrEqual"
                                          ]
                                        }
                                      ],
                                      "description": "Microsoft.Insights/autoscalesettings: The operator that is used to compare the metric data and the threshold."
                                    },
                                    "threshold": {
                                      "oneOf": [
                                        {
                                          "$ref": "https://schema.management.azure.com/schemas/common/definitions.json#/definitions/expression"
                                        },
                                        {
                                          "type": "number",
                                          "minimum": 0
                                        }
                                      ],
                                      "description": "Microsoft.Insights/autoscalesettings: The threshold of the metric that triggers the scale action."
                                    }
                                  },
                                  "description": "Microsoft.Insights/autoscalesettings: The trigger that results in a scaling action."
                                }
                              }
                            },
                            {
                              "type": "object",
                              "properties": {
                                "scaleAction": {
                                  "type": "object",
                                  "properties": {
                                    "direction": {
                                      "oneOf": [
                                        {
                                          "$ref": "https://schema.management.azure.com/schemas/common/definitions.json#/definitions/expression"
                                        },
                                        {
                                          "enum": [
                                            "Increase",
                                            "Decrease"
                                          ]
                                        }
                                      ],
                                      "description": "Microsoft.Insights/autoscalesettings: Whether the scaling action increases or decreases the number of instances."
                                    },
                                    "type": {
                                      "oneOf": [
                                        {
                                          "$ref": "https://schema.management.azure.com/schemas/common/definitions.json#/definitions/expression"
                                        },
                                        {
                                          "enum": [
                                            "ChangeCount"
                                          ]
                                        }
                                      ],
                                      "description": "Microsoft.Insights/autoscalesettings: The type of action that should occur, this must be set to ChangeCount."
                                    },
                                    "value": {
                                      "oneOf": [
                                        {
                                          "$ref": "https://schema.management.azure.com/schemas/common/definitions.json#/definitions/expression"
                                        },
                                        {
                                          "type": "integer",
                                          "minimum": 1
                                        }
                                      ],
                                      "description": "Microsoft.Insights/autoscalesettings: The number of instances that are involved in the scaling action. This value must be 1 or greater. The default value is 1."
                                    },
                                    "cooldown": {
                                      "oneOf": [
                                        {
                                          "$ref": "https://schema.management.azure.com/schemas/common/definitions.json#/definitions/expression"
                                        },
                                        {
                                          "$ref": "https://schema.management.azure.com/schemas/common/definitions.json#/definitions/Iso8601Duration"
                                        }
                                      ],
                                      "description": "Microsoft.Insights/autoscalesettings: The amount of time to wait since the last scaling action before this action occurs. Must be between 1 week and 1 minute. ISO 8601 duration format."
                                    }
                                  }
                                }
                              }
                            }
                          ]
                        },
                        "description": "Microsoft.Insights/autoscalesettings: Contains a collection of rules that provide the triggers and parameters for the scaling action. A maximum of 10 rules can be specified."
                      },
                      "fixedDate": {
                        "type": "object",
                        "properties": {
                          "timeZone": {
                            "type": "string",
                            "minLength": 1,
                            "description": "Microsoft.Insights/autoscalesettings: The time zone of the start and end times for the profile."
                          },
                          "start": {
                            "type": "string",
                            "minLength": 1,
                            "description": "Microsoft.Insights/autoscalesettings: The start time for the profile."
                          },
                          "end": {
                            "type": "string",
                            "minLength": 1,
                            "description": "Microsoft.Insights/autoscalesettings: The end time for the profile."
                          }
                        },
                        "description": "Microsoft.Insights/autoscalesettings: A specific date for the profile. This element is not used if the Recurrence element is used."
                      },
                      "recurrence": {
                        "type": "object",
                        "properties": {
                          "frequency": {
                            "enum": [
                              "Week"
                            ],
                            "description": "Microsoft.Insights/autoscalesettings: How often the schedule profile should take effect. This value must be Week, meaning each week will have the same set of profiles."
                          },
                          "schedule": {
                            "type": "object",
                            "properties": {
                              "timeZone": {
                                "type": "string",
                                "minLength": 1,
                                "description": "Microsoft.Insights/autoscalesettings: The time zone for the hours of the profile."
                              },
                              "days": {
                                "type": "array",
                                "items": {
                                  "enum": [
                                    "Sunday",
                                    "Monday",
                                    "Tuesday",
                                    "Wednesday",
                                    "Thursday",
                                    "Friday",
                                    "Saturday"
                                  ]
                                },
                                "description": "Microsoft.Insights/autoscalesettings: A collection of days that the profile takes effect on."
                              },
                              "hours": {
                                "type": "array",
                                "items": {
                                  "type": "integer",
                                  "minimum": 0,
                                  "maximum": 23
                                },
                                "description": "Microsoft.Insights/autoscalesettings: A collection of hours at which the profile takes effect at."
                              },
                              "minutes": {
                                "type": "array",
                                "items": {
                                  "type": "integer",
                                  "minimum": 0,
                                  "maximum": 59
                                },
                                "description": "Microsoft.Insights/autoscalesettings: A collection of minutes at which the profile takes effect at."
                              }
                            },
                            "description": "Microsoft.Insights/autoscalesettings: The scheduling constraints for when the profile begins."
                          }
                        },
                        "description": "Microsoft.Insights/autoscalesettings: The repeating times at which this profile begins. This element is not used if the FixedDate element is used."
                      }
                    }
                  }
                }
              ],
              "description": "Microsoft.Insights/autoscalesettings: Contains a collection of automatic scaling profiles that specify different scaling parameters for different time periods. A maximum of 20 profiles can be specified."
            },
            "enabled": {
              "oneOf": [
                {
                  "type": "boolean"
                },
                {
                  "$ref": "https://schema.management.azure.com/schemas/common/definitions.json#/definitions/expression"
                }
              ],
              "description": "Microsoft.Insights/autoscalesettings: Specifies whether automatic scaling is enabled for the resource."
            },
            "name": {
              "type": "string",
              "minLength": 1,
              "description": "Microsoft.Insights/autoscalesettings: The name of the autoscale setting."
            },
            "targetResourceUri": {
              "type": "string",
              "minLength": 1,
              "description": "Microsoft.Insights/autoscalesettings: The resource identifier of the resource that the autoscale setting should be added to."
            }
          }
        }
      },
      "required": [
        "type",
        "apiVersion",
        "properties",
        "location"
      ],
      "description": "Microsoft.Insights/autoscalesettings"
    }
  }
}