{
  "id": "https://schema.management.azure.com/schemas/2016-11-01/Microsoft.ImportExport.json#",
  "$schema": "http://json-schema.org/draft-04/schema#",
  "title": "Microsoft.ImportExport",
  "description": "Microsoft ImportExport Resource Types",
  "resourceDefinitions": {
    "jobs": {
      "type": "object",
      "properties": {
        "name": {
          "type": "string"
        },
        "type": {
          "type": "string",
          "enum": [
            "Microsoft.ImportExport/jobs"
          ]
        },
        "apiVersion": {
          "type": "string",
          "enum": [
            "2016-11-01"
          ]
        },
        "location": {
          "type": "string",
          "description": "Specifies the supported Azure location where the job should be created"
        },
        "tags": {
          "description": "Specifies the tags that will be assigned to the job."
        },
        "properties": {
          "oneOf": [
            {
              "$ref": "#/definitions/JobDetails"
            },
            {
              "$ref": "https://schema.management.azure.com/schemas/common/definitions.json#/definitions/expression"
            }
          ],
          "description": "Specifies the job properties"
        }
      },
      "required": [
        "name",
        "type",
        "apiVersion",
        "properties"
      ],
      "description": "Microsoft.ImportExport/jobs"
    }
  },
  "definitions": {
    "DriveStatus": {
      "type": "object",
      "properties": {
        "driveId": {
          "type": "string",
          "description": "The drive's hardware serial number, without spaces."
        },
        "bitLockerKey": {
          "type": "string",
          "description": "The BitLocker key used to encrypt the drive."
        },
        "manifestFile": {
          "type": "string",
          "description": "The relative path of the manifest file on the drive. "
        },
        "manifestHash": {
          "type": "string",
          "description": "The Base16-encoded MD5 hash of the manifest file on the drive."
        },
        "driveHeaderHash": {
          "type": "string",
          "description": "The drive header hash value."
        },
        "state": {
          "oneOf": [
            {
              "type": "string",
              "enum": [
                "Specified",
                "Received",
                "NeverReceived",
                "Transferring",
                "Completed",
                "CompletedMoreInfo",
                "ShippedBack"
              ]
            },
            {
              "$ref": "https://schema.management.azure.com/schemas/common/definitions.json#/definitions/expression"
            }
          ],
          "description": "The drive's current state."
        },
        "copyStatus": {
          "type": "string",
          "description": "Detailed status about the data transfer process. This field is not returned in the response until the drive is in the Transferring state."
        },
        "percentComplete": {
          "oneOf": [
            {
              "type": "integer"
            },
            {
              "$ref": "https://schema.management.azure.com/schemas/common/definitions.json#/definitions/expression"
            }
          ],
          "description": "Percentage completed for the drive. "
        },
        "verboseLogUri": {
          "type": "string",
          "description": "A URI that points to the blob containing the verbose log for the data transfer operation. "
        },
        "errorLogUri": {
          "type": "string",
          "description": "A URI that points to the blob containing the error log for the data transfer operation."
        },
        "manifestUri": {
          "type": "string",
          "description": "A URI that points to the blob containing the drive manifest file. "
        },
        "bytesSucceeded": {
          "oneOf": [
            {
              "type": "integer"
            },
            {
              "$ref": "https://schema.management.azure.com/schemas/common/definitions.json#/definitions/expression"
            }
          ],
          "description": "Bytes successfully transferred for the drive."
        }
      },
      "description": "Provides information about the drive's status"
    },
    "Export": {
      "type": "object",
      "properties": {
        "blobList": {
          "oneOf": [
            {
              "$ref": "#/definitions/Export_blobList"
            },
            {
              "$ref": "https://schema.management.azure.com/schemas/common/definitions.json#/definitions/expression"
            }
          ],
          "description": "A list of the blobs to be exported."
        },
        "blobListblobPath": {
          "type": "string",
          "description": "The relative URI to the block blob that contains the list of blob paths or blob path prefixes as defined above, beginning with the container name. If the blob is in root container, the URI must begin with $root. "
        }
      },
      "description": "A property containing information about the blobs to be exported for an export job. This property is required for export jobs, but must not be specified for import jobs."
    },
    "Export_blobList": {
      "type": "object",
      "properties": {
        "blobPath": {
          "oneOf": [
            {
              "type": "array",
              "items": {
                "type": "string"
              }
            },
            {
              "$ref": "https://schema.management.azure.com/schemas/common/definitions.json#/definitions/expression"
            }
          ],
          "description": "A collection of blob-path strings."
        },
        "blobPathPrefix": {
          "oneOf": [
            {
              "type": "array",
              "items": {
                "type": "string"
              }
            },
            {
              "$ref": "https://schema.management.azure.com/schemas/common/definitions.json#/definitions/expression"
            }
          ],
          "description": "A collection of blob-prefix strings."
        }
      },
      "description": "A list of the blobs to be exported."
    },
    "JobDetails": {
      "type": "object",
      "properties": {
        "storageAccountId": {
          "type": "string",
          "description": "The resource identifier of the storage account where data will be imported to or exported from."
        },
        "jobType": {
          "type": "string",
          "description": "The type of job"
        },
        "returnAddress": {
          "oneOf": [
            {
              "$ref": "#/definitions/ReturnAddress"
            },
            {
              "$ref": "https://schema.management.azure.com/schemas/common/definitions.json#/definitions/expression"
            }
          ],
          "description": "Specifies the return address information for the job. "
        },
        "returnShipping": {
          "oneOf": [
            {
              "$ref": "#/definitions/ReturnShipping"
            },
            {
              "$ref": "https://schema.management.azure.com/schemas/common/definitions.json#/definitions/expression"
            }
          ],
          "description": "Specifies the return carrier and customer's account with the carrier. "
        },
        "shippingInformation": {
          "oneOf": [
            {
              "$ref": "#/definitions/ShippingInformation"
            },
            {
              "$ref": "https://schema.management.azure.com/schemas/common/definitions.json#/definitions/expression"
            }
          ],
          "description": "Contains information about the Microsoft datacenter to which the drives should be shipped. "
        },
        "deliveryPackage": {
          "oneOf": [
            {
              "$ref": "#/definitions/PackageInfomation"
            },
            {
              "$ref": "https://schema.management.azure.com/schemas/common/definitions.json#/definitions/expression"
            }
          ],
          "description": "Contains information about the package being shipped by the customer to the Microsoft data center. "
        },
        "returnPackage": {
          "oneOf": [
            {
              "$ref": "#/definitions/PackageInfomation"
            },
            {
              "$ref": "https://schema.management.azure.com/schemas/common/definitions.json#/definitions/expression"
            }
          ],
          "description": "Contains information about the package being shipped from the Microsoft data center to the customer to return the drives. The format is the same as the deliveryPackage property above. This property is not included if the drives have not yet been returned. "
        },
        "diagnosticsPath": {
          "type": "string",
          "description": "The virtual blob directory to which the copy logs and backups of drive manifest files (if enabled) will be stored."
        },
        "logLevel": {
          "type": "string",
          "description": "Default value is Error. Indicates whether error logging or verbose logging will be enabled."
        },
        "backupDriveManifest": {
          "oneOf": [
            {
              "type": "boolean"
            },
            {
              "$ref": "https://schema.management.azure.com/schemas/common/definitions.json#/definitions/expression"
            }
          ],
          "description": "Default value is false. Indicates whether the manifest files on the drives should be copied to block blobs."
        },
        "state": {
          "type": "string",
          "description": "Current state of the job."
        },
        "cancelRequested": {
          "oneOf": [
            {
              "type": "boolean"
            },
            {
              "$ref": "https://schema.management.azure.com/schemas/common/definitions.json#/definitions/expression"
            }
          ],
          "description": "Indicates whether a request has been submitted to cancel the job."
        },
        "percentComplete": {
          "oneOf": [
            {
              "type": "integer"
            },
            {
              "$ref": "https://schema.management.azure.com/schemas/common/definitions.json#/definitions/expression"
            }
          ],
          "description": "Overall percentage completed for the job."
        },
        "incompleteBlobListUri": {
          "type": "string",
          "description": "A blob path that points to a block blob containing a list of blob names that were not exported due to insufficient drive space. If all blobs were exported successfully, then this element is not included in the response."
        },
        "driveList": {
          "oneOf": [
            {
              "type": "array",
              "items": {
                "$ref": "#/definitions/DriveStatus"
              }
            },
            {
              "$ref": "https://schema.management.azure.com/schemas/common/definitions.json#/definitions/expression"
            }
          ],
          "description": "List of up to ten drives that comprise the job. The drive list is a required element for an import job; it is not specified for export jobs."
        },
        "export": {
          "oneOf": [
            {
              "$ref": "#/definitions/Export"
            },
            {
              "$ref": "https://schema.management.azure.com/schemas/common/definitions.json#/definitions/expression"
            }
          ],
          "description": "A property containing information about the blobs to be exported for an export job. This property is included for export jobs only."
        },
        "provisioningState": {
          "type": "string",
          "description": "Specifies the provisioning state of the job."
        }
      },
      "description": "Specifies the job properties"
    },
    "PackageInfomation": {
      "type": "object",
      "properties": {
        "carrierName": {
          "type": "string",
          "description": "The name of the carrier that is used to ship the import or export drives."
        },
        "trackingNumber": {
          "type": "string",
          "description": "The tracking number of the package."
        },
        "driveCount": {
          "oneOf": [
            {
              "type": "integer"
            },
            {
              "$ref": "https://schema.management.azure.com/schemas/common/definitions.json#/definitions/expression"
            }
          ],
          "description": "The number of drives included in the package."
        },
        "shipDate": {
          "type": "string",
          "description": "The date when the package is shipped."
        }
      },
      "required": [
        "carrierName",
        "trackingNumber",
        "driveCount",
        "shipDate"
      ],
      "description": "Contains information about the package being shipped by the customer to the Microsoft data center."
    },
    "ReturnAddress": {
      "type": "object",
      "properties": {
        "recipientName": {
          "type": "string",
          "description": "The name of the recipient who will receive the hard drives when they are returned. "
        },
        "streetAddress1": {
          "type": "string",
          "description": "The first line of the street address to use when returning the drives. "
        },
        "streetAddress2": {
          "type": "string",
          "description": "The second line of the street address to use when returning the drives. "
        },
        "city": {
          "type": "string",
          "description": "The city name to use when returning the drives."
        },
        "stateOrProvince": {
          "type": "string",
          "description": "The state or province to use when returning the drives."
        },
        "postalCode": {
          "type": "string",
          "description": "The postal code to use when returning the drives."
        },
        "countryOrRegion": {
          "type": "string",
          "description": "The country or region to use when returning the drives. "
        },
        "phone": {
          "type": "string",
          "description": "Phone number of the recipient of the returned drives."
        },
        "email": {
          "type": "string",
          "description": "Email address of the recipient of the returned drives."
        }
      },
      "required": [
        "recipientName",
        "streetAddress1",
        "city",
        "postalCode",
        "countryOrRegion",
        "phone",
        "email"
      ],
      "description": "Specifies the return address information for the job."
    },
    "ReturnShipping": {
      "type": "object",
      "properties": {
        "carrierName": {
          "type": "string",
          "description": "The carrier's name."
        },
        "carrierAccountNumber": {
          "type": "string",
          "description": "The customer's account number with the carrier."
        }
      },
      "required": [
        "carrierName",
        "carrierAccountNumber"
      ],
      "description": "Specifies the return carrier and customer's account with the carrier."
    },
    "ShippingInformation": {
      "type": "object",
      "properties": {
        "recipientName": {
          "type": "string",
          "description": "The name of the recipient who will receive the hard drives when they are returned. "
        },
        "streetAddress1": {
          "type": "string",
          "description": "The first line of the street address to use when returning the drives. "
        },
        "streetAddress2": {
          "type": "string",
          "description": "The second line of the street address to use when returning the drives. "
        },
        "city": {
          "type": "string",
          "description": "The city name to use when returning the drives."
        },
        "stateOrProvince": {
          "type": "string",
          "description": "The state or province to use when returning the drives."
        },
        "postalCode": {
          "type": "string",
          "description": "The postal code to use when returning the drives."
        },
        "countryOrRegion": {
          "type": "string",
          "description": "The country or region to use when returning the drives. "
        },
        "phone": {
          "type": "string",
          "description": "Phone number of the recipient of the returned drives."
        }
      },
      "required": [
        "recipientName",
        "streetAddress1",
        "city",
        "stateOrProvince",
        "postalCode",
        "countryOrRegion"
      ],
      "description": "Contains information about the Microsoft datacenter to which the drives should be shipped."
    }
  }
}
