{
  "id": "https://schema.management.azure.com/schemas/2015-11-01/Microsoft.Network.json#",
  "$schema": "http://json-schema.org/draft-04/schema#",
  "title": "Microsoft.Network",
  "description": "Microsoft Network Resource Types",
  "resourceDefinitions": {
    "trafficManagerProfiles": {
      "type": "object",
      "description" : "An Azure Traffic Manager profile",
      "properties": {
        "apiVersion": {
          "enum": [
            "2015-11-01"
          ]
        },
        "type": {
          "enum": [
            "Microsoft.Network/trafficManagerProfiles"
          ]
        },
        "location": {
          "enum": [
            "global"
          ]
        },
        "properties": {
          "type": "object",
          "properties": {
            "profileStatus": {
              "description": "The status of the profile (Enabled/Disabled)",
              "oneOf": [
                {
                  "enum": [
                    "Enabled",
                    "Disabled"
                  ]
                },
                {
                  "$ref": "https://schema.management.azure.com/schemas/common/definitions.json#/definitions/expression"
                }
              ]
            },
            "trafficRoutingMethod": {
              "description": "The traffic routing method (Performance/Priority/Weighted",
              "oneOf": [
                {
                  "enum": [
                    "Performance",
                    "Priority",
                    "Weighted"
                  ]
                },
                {
                  "$ref": "https://schema.management.azure.com/schemas/common/definitions.json#/definitions/expression"
                }
              ]
            },
            "dnsConfig": {
              "description": "DNS configuration settings for the profile",
              "oneOf": [
                {
                  "type": "object",
                  "properties": {
                    "relativeName": {
                      "type": "string",
                      "description": "Microsoft.Network/trafficManagerProfiles The DNS name for the profile, relative to the Traffic Manager DNS suffix"
                    },
                    "ttl": {
                      "oneOf": [
                        {
                          "type": "integer",
                          "minimum": 30,
                          "maximum": 2147483647
                        },
                        {
                          "$ref": "https://schema.management.azure.com/schemas/common/definitions.json#/definitions/expression"
                        }
                      ]
                    },
                    "fqdn": {
                      "type": "string"
                    }
                  },
                  "required": [
                    "relativeName",
                    "ttl"
                  ],
                  "additionalProperties": false
                },
                {
                  "$ref": "https://schema.management.azure.com/schemas/common/definitions.json#/definitions/expression"
                }
              ]
            },
            "monitorConfig": {
              "description": "Microsoft.Network/trafficManagerProfiles Configuration for monitoring (probing) of endpoints in this profile",
              "oneOf": [
                {
                  "type": "object",
                  "properties": {
                    "protocol": {
                      "description": "Microsoft.Network/trafficManagerProfiles The protocol over which Traffic Manager will send monitoring requests",
                      "oneOf": [
                        {
                          "enum": [
                            "HTTP",
                            "HTTPS"
                          ]
                        },
                        {
                          "$ref": "https://schema.management.azure.com/schemas/common/definitions.json#/definitions/expression"
                        }
                      ]
                    },
                    "port": {
                      "description": "Microsoft.Network/trafficManagerProfiles The port to which Traffic Manager will send monitoring requests",
                      "oneOf": [
                        {
                          "type": "integer",
                          "minimum": 1,
                          "maximum": 65535
                        },
                        {
                          "$ref": "https://schema.management.azure.com/schemas/common/definitions.json#/definitions/expression"
                        }
                      ]
                    },
                    "path": {
                       "type": "string",
                       "description": "Microsoft.Network/trafficManagerProfiles The path (relative to the hostname of the endpoint) to which Traffic Manager will send monitoring requests"
                    }
                  },
                  "required": [
                    "protocol",
                    "port",
                    "path"
                  ],
                  "additionalProperties": false
                },
                {
                  "$ref": "https://schema.management.azure.com/schemas/common/definitions.json#/definitions/expression"
                }
              ]
            },
            "endpoints": {
              "description": "The endpoints over which this profile will route traffic",
              "oneOf": [
                {
                  "type": "array",
                  "items": {
                    "type": "object",
                    "properties": {
                      "name": {
                        "type": "string",
                        "description": "Microsoft.Network/trafficManagerProfiles The name of the endpoint, must be unique within this profile. This is not the DNS name of the endpoint"
                      },
                      "type": {
                         "enum": [
                            "Microsoft.Network/trafficManagerProfiles/azureEndpoints",
                            "Microsoft.Network/trafficManagerProfiles/externalEndpoints",
                            "Microsoft.Network/trafficManagerProfiles/nestedEndpoints"
                        ]
                      },
                      "properties": {
                        "type": "object",
                        "properties": {
                          "endpointStatus": {
                            "oneOf": [
                              {
                                "enum": [
                                  "Enabled",
                                  "Disabled"
                                ]
                              },
                              {
                                "$ref": "https://schema.management.azure.com/schemas/common/definitions.json#/definitions/expression"
                              }
                            ]
                          },
                          "targetResourceId": {
                            "type": "string",
                            "description": "Microsoft.Network/trafficManagerProfiles (not allowed for ExternalEndpoints) The ID of a Microsoft.Network/publicIpAddresses, Microsoft.ClassicCompute/domainNames resource (for AzureEndpoints) or a Microsoft.Network/trafficMaanagerProfiles resource (for NestedEndpoints)"
                          },
                          "target": {
                            "type": "string",
                            "description": "Microsoft.Network/trafficManagerProfiles (only used for ExternalEndpoints) The DNS name of the endpoint"
                          },
                          "weight": {
                            "description": "Microsoft.Network/trafficManagerProfiles (only used with trafficRoutingMethod:Weighted) The weight of the endpoint",
                            "oneOf": [
                              {
                                "type": "integer",
                                "minimum": 1,
                                "maximum": 1000
                              },
                              {
                                "$ref": "https://schema.management.azure.com/schemas/common/definitions.json#/definitions/expression"
                              }
                            ]
                          },
                          "priority": {
                            "description": "Microsoft.Network/trafficManagerProfiles (only used with trafficRoutingMethod:Priority) The priority of the endpoint",
                            "oneOf": [
                              {
                                "type": "integer",
                                "minimum": 1,
                                "maximum": 1000
                              },
                              {
                                "$ref": "https://schema.management.azure.com/schemas/common/definitions.json#/definitions/expression"
                              }
                            ]
                          },
                          "endpointLocation": {
                            "type": "string",
                            "description": "Microsoft.Network/trafficManagerProfiles (only used for ExternalEndpoints and NestedEndpoints) The location of the endpoint. One of the supported Microsoft Azure locations, except 'global'" 
                          },
                          "minChildEndpoints": {
                            "description": "Microsoft.Network/trafficManagerProfiles (only used for NestedEndpoints) The minimum number of endpoints in the child profile that need to be available in order for this endpoint to be considered available in the current profile.", 
                            "oneOf": [
                              {
                                "type": "integer",
                                "minimum": 1
                              },
                              {
                                "$ref": "https://schema.management.azure.com/schemas/common/definitions.json#/definitions/expression"
                              }
                            ]
                          }
                        }
                      }
                    },
                    "required": [
                      "name",
                      "type",
                      "properties"
                    ]
                  }
                },
                {
                  "$ref": "https://schema.management.azure.com/schemas/common/definitions.json#/definitions/expression"
                }
              ]
            }
          },
          "required": [
            "trafficRoutingMethod",
            "dnsConfig",
            "monitorConfig"
          ],
          "additionalProperties": false
        }
      },
      "required": [
        "apiVersion",
        "type",
        "location",
        "properties"
      ]
    }
  }
}
