{
  "id": "https://schema.management.azure.com/schemas/2018-01-01-preview/Microsoft.ServiceBus.json#",
  "$schema": "http://json-schema.org/draft-04/schema#",
  "title": "Microsoft.ServiceBus",
  "description": "Microsoft ServiceBus Resource Types",
  "resourceDefinitions": {
    "namespaces": {
      "type": "object",
      "properties": {
        "apiVersion": {
          "type": "string",
          "enum": [
            "2018-01-01-preview"
          ]
        },
        "location": {
          "type": "string",
          "description": "The Geo-location where the resource lives"
        },
        "name": {
          "type": "string",
          "minLength": 6,
          "maxLength": 50,
          "description": "The namespace name."
        },
        "properties": {
          "oneOf": [
            {
              "$ref": "#/definitions/SBNamespaceProperties"
            },
            {
              "$ref": "https://schema.management.azure.com/schemas/common/definitions.json#/definitions/expression"
            }
          ],
          "description": "Properties of the namespace."
        },
        "resources": {
          "type": "array",
          "items": {
            "oneOf": [
              {
                "$ref": "#/definitions/namespaces_ipfilterrules_childResource"
              },
              {
                "$ref": "#/definitions/namespaces_virtualnetworkrules_childResource"
              },
              {
                "$ref": "#/definitions/namespaces_networkrulesets_childResource"
              }
            ]
          }
        },
        "sku": {
          "oneOf": [
            {
              "$ref": "#/definitions/SBSku"
            },
            {
              "$ref": "https://schema.management.azure.com/schemas/common/definitions.json#/definitions/expression"
            }
          ],
          "description": "SKU of the namespace."
        },
        "tags": {
          "oneOf": [
            {
              "type": "object",
              "additionalProperties": {
                "type": "string"
              },
              "properties": {}
            },
            {
              "$ref": "https://schema.management.azure.com/schemas/common/definitions.json#/definitions/expression"
            }
          ],
          "description": "Resource tags"
        },
        "type": {
          "type": "string",
          "enum": [
            "Microsoft.ServiceBus/namespaces"
          ]
        }
      },
      "required": [
        "apiVersion",
        "location",
        "name",
        "properties",
        "type"
      ],
      "description": "Microsoft.ServiceBus/namespaces"
    },
    "namespaces_ipfilterrules": {
      "type": "object",
      "properties": {
        "apiVersion": {
          "type": "string",
          "enum": [
            "2018-01-01-preview"
          ]
        },
        "name": {
          "type": "string",
          "minLength": 1,
          "description": "The IP Filter Rule name."
        },
        "properties": {
          "oneOf": [
            {
              "$ref": "#/definitions/IpFilterRuleProperties"
            },
            {
              "$ref": "https://schema.management.azure.com/schemas/common/definitions.json#/definitions/expression"
            }
          ],
          "description": "Properties supplied to create or update IpFilterRules"
        },
        "type": {
          "type": "string",
          "enum": [
            "Microsoft.ServiceBus/namespaces/ipfilterrules"
          ]
        }
      },
      "required": [
        "apiVersion",
        "name",
        "properties",
        "type"
      ],
      "description": "Microsoft.ServiceBus/namespaces/ipfilterrules"
    },
    "namespaces_networkrulesets": {
      "type": "object",
      "properties": {
        "apiVersion": {
          "type": "string",
          "enum": [
            "2018-01-01-preview"
          ]
        },
        "name": {
          "oneOf": [
            {
              "type": "string",
              "pattern": "^.*/default$"
            },
            {
              "$ref": "https://schema.management.azure.com/schemas/common/definitions.json#/definitions/expression"
            }
          ]
        },
        "properties": {
          "oneOf": [
            {
              "$ref": "#/definitions/NetworkRuleSetProperties"
            },
            {
              "$ref": "https://schema.management.azure.com/schemas/common/definitions.json#/definitions/expression"
            }
          ],
          "description": "NetworkRuleSet properties"
        },
        "type": {
          "type": "string",
          "enum": [
            "Microsoft.ServiceBus/namespaces/networkrulesets"
          ]
        }
      },
      "required": [
        "apiVersion",
        "name",
        "properties",
        "type"
      ],
      "description": "Microsoft.ServiceBus/namespaces/networkrulesets"
    },
    "namespaces_virtualnetworkrules": {
      "type": "object",
      "properties": {
        "apiVersion": {
          "type": "string",
          "enum": [
            "2018-01-01-preview"
          ]
        },
        "name": {
          "type": "string",
          "minLength": 1,
          "description": "The Virtual Network Rule name."
        },
        "properties": {
          "oneOf": [
            {
              "$ref": "#/definitions/VirtualNetworkRuleProperties"
            },
            {
              "$ref": "https://schema.management.azure.com/schemas/common/definitions.json#/definitions/expression"
            }
          ],
          "description": "Properties supplied to create or update VirtualNetworkRules"
        },
        "type": {
          "type": "string",
          "enum": [
            "Microsoft.ServiceBus/namespaces/virtualnetworkrules"
          ]
        }
      },
      "required": [
        "apiVersion",
        "name",
        "properties",
        "type"
      ],
      "description": "Microsoft.ServiceBus/namespaces/virtualnetworkrules"
    }
  },
  "definitions": {
    "Encryption": {
      "type": "object",
      "properties": {
        "keySource": {
          "oneOf": [
            {
              "type": "string",
              "enum": [
                "Microsoft.KeyVault"
              ]
            },
            {
              "$ref": "https://schema.management.azure.com/schemas/common/definitions.json#/definitions/expression"
            }
          ],
          "description": "Enumerates the possible value of keySource for Encryption."
        },
        "keyVaultProperties": {
          "oneOf": [
            {
              "$ref": "#/definitions/KeyVaultProperties"
            },
            {
              "$ref": "https://schema.management.azure.com/schemas/common/definitions.json#/definitions/expression"
            }
          ],
          "description": "Properties to configure keyVault Properties"
        }
      },
      "description": "Properties to configure Encryption"
    },
    "Identity": {
      "type": "object",
      "properties": {
        "principalId": {
          "type": "string",
          "description": "ObjectId from the KeyVault"
        },
        "tenantId": {
          "type": "string",
          "description": "TenantId from the KeyVault"
        },
        "type": {
          "oneOf": [
            {
              "type": "string",
              "enum": [
                "SystemAssigned"
              ]
            },
            {
              "$ref": "https://schema.management.azure.com/schemas/common/definitions.json#/definitions/expression"
            }
          ],
          "description": "Enumerates the possible value Identity type, which currently supports only 'SystemAssigned'."
        }
      },
      "description": "Properties to configure Identity for Bring your Own Keys"
    },
    "IpFilterRuleProperties": {
      "type": "object",
      "properties": {
        "action": {
          "oneOf": [
            {
              "type": "string",
              "enum": [
                "Accept",
                "Reject"
              ]
            },
            {
              "$ref": "https://schema.management.azure.com/schemas/common/definitions.json#/definitions/expression"
            }
          ],
          "description": "The IP Filter Action."
        },
        "filterName": {
          "type": "string",
          "description": "IP Filter name"
        },
        "ipMask": {
          "type": "string",
          "description": "IP Mask"
        }
      },
      "description": "Properties supplied to create or update IpFilterRules"
    },
    "KeyVaultProperties": {
      "type": "object",
      "properties": {
        "keyName": {
          "type": "string",
          "description": "Name of the Key from KeyVault"
        },
        "keyVaultUri": {
          "type": "string",
          "description": "Uri of KeyVault"
        }
      },
      "description": "Properties to configure keyVault Properties"
    },
    "namespaces_ipfilterrules_childResource": {
      "type": "object",
      "properties": {
        "apiVersion": {
          "type": "string",
          "enum": [
            "2018-01-01-preview"
          ]
        },
        "name": {
          "type": "string",
          "minLength": 1,
          "description": "The IP Filter Rule name."
        },
        "properties": {
          "oneOf": [
            {
              "$ref": "#/definitions/IpFilterRuleProperties"
            },
            {
              "$ref": "https://schema.management.azure.com/schemas/common/definitions.json#/definitions/expression"
            }
          ],
          "description": "Properties supplied to create or update IpFilterRules"
        },
        "type": {
          "type": "string",
          "enum": [
            "ipfilterrules"
          ]
        }
      },
      "required": [
        "apiVersion",
        "name",
        "properties",
        "type"
      ],
      "description": "Microsoft.ServiceBus/namespaces/ipfilterrules"
    },
    "namespaces_networkrulesets_childResource": {
      "type": "object",
      "properties": {
        "apiVersion": {
          "type": "string",
          "enum": [
            "2018-01-01-preview"
          ]
        },
        "name": {
          "type": "string",
          "enum": [
            "default"
          ]
        },
        "properties": {
          "oneOf": [
            {
              "$ref": "#/definitions/NetworkRuleSetProperties"
            },
            {
              "$ref": "https://schema.management.azure.com/schemas/common/definitions.json#/definitions/expression"
            }
          ],
          "description": "NetworkRuleSet properties"
        },
        "type": {
          "type": "string",
          "enum": [
            "networkrulesets"
          ]
        }
      },
      "required": [
        "apiVersion",
        "name",
        "properties",
        "type"
      ],
      "description": "Microsoft.ServiceBus/namespaces/networkrulesets"
    },
    "namespaces_virtualnetworkrules_childResource": {
      "type": "object",
      "properties": {
        "apiVersion": {
          "type": "string",
          "enum": [
            "2018-01-01-preview"
          ]
        },
        "name": {
          "type": "string",
          "minLength": 1,
          "description": "The Virtual Network Rule name."
        },
        "properties": {
          "oneOf": [
            {
              "$ref": "#/definitions/VirtualNetworkRuleProperties"
            },
            {
              "$ref": "https://schema.management.azure.com/schemas/common/definitions.json#/definitions/expression"
            }
          ],
          "description": "Properties supplied to create or update VirtualNetworkRules"
        },
        "type": {
          "type": "string",
          "enum": [
            "virtualnetworkrules"
          ]
        }
      },
      "required": [
        "apiVersion",
        "name",
        "properties",
        "type"
      ],
      "description": "Microsoft.ServiceBus/namespaces/virtualnetworkrules"
    },
    "NetworkRuleSetProperties": {
      "type": "object",
      "properties": {
        "defaultAction": {
          "oneOf": [
            {
              "type": "string",
              "enum": [
                "Allow",
                "Deny"
              ]
            },
            {
              "$ref": "https://schema.management.azure.com/schemas/common/definitions.json#/definitions/expression"
            }
          ],
          "description": "Default Action for Network Rule Set."
        },
        "ipRules": {
          "oneOf": [
            {
              "type": "array",
              "items": {
                "$ref": "#/definitions/NWRuleSetIpRules"
              }
            },
            {
              "$ref": "https://schema.management.azure.com/schemas/common/definitions.json#/definitions/expression"
            }
          ],
          "description": "List of IpRules"
        },
        "virtualNetworkRules": {
          "oneOf": [
            {
              "type": "array",
              "items": {
                "$ref": "#/definitions/NWRuleSetVirtualNetworkRules"
              }
            },
            {
              "$ref": "https://schema.management.azure.com/schemas/common/definitions.json#/definitions/expression"
            }
          ],
          "description": "List VirtualNetwork Rules"
        }
      },
      "description": "NetworkRuleSet properties"
    },
    "NWRuleSetIpRules": {
      "type": "object",
      "properties": {
        "action": {
          "oneOf": [
            {
              "type": "string",
              "enum": [
                "Allow"
              ]
            },
            {
              "$ref": "https://schema.management.azure.com/schemas/common/definitions.json#/definitions/expression"
            }
          ],
          "description": "The IP Filter Action."
        },
        "ipMask": {
          "type": "string",
          "description": "IP Mask"
        }
      },
      "description": "The response from the List namespace operation."
    },
    "NWRuleSetVirtualNetworkRules": {
      "type": "object",
      "properties": {
        "ignoreMissingVnetServiceEndpoint": {
          "oneOf": [
            {
              "type": "boolean"
            },
            {
              "$ref": "https://schema.management.azure.com/schemas/common/definitions.json#/definitions/expression"
            }
          ],
          "description": "Value that indicates whether to ignore missing Vnet Service Endpoint"
        },
        "subnet": {
          "oneOf": [
            {
              "$ref": "#/definitions/Subnet"
            },
            {
              "$ref": "https://schema.management.azure.com/schemas/common/definitions.json#/definitions/expression"
            }
          ],
          "description": "Properties supplied for Subnet"
        }
      },
      "description": "The response from the List namespace operation."
    },
    "SBNamespaceProperties": {
      "type": "object",
      "properties": {
        "encryption": {
          "oneOf": [
            {
              "$ref": "#/definitions/Encryption"
            },
            {
              "$ref": "https://schema.management.azure.com/schemas/common/definitions.json#/definitions/expression"
            }
          ],
          "description": "Properties to configure Encryption"
        },
        "identity": {
          "oneOf": [
            {
              "$ref": "#/definitions/Identity"
            },
            {
              "$ref": "https://schema.management.azure.com/schemas/common/definitions.json#/definitions/expression"
            }
          ],
          "description": "Properties to configure Identity for Bring your Own Keys"
        },
        "zoneRedundant": {
          "oneOf": [
            {
              "type": "boolean"
            },
            {
              "$ref": "https://schema.management.azure.com/schemas/common/definitions.json#/definitions/expression"
            }
          ],
          "description": "Enabling this property creates a Premium Service Bus Namespace in regions supported availability zones."
        }
      },
      "description": "Properties of the namespace."
    },
    "SBSku": {
      "type": "object",
      "properties": {
        "capacity": {
          "oneOf": [
            {
              "type": "integer"
            },
            {
              "$ref": "https://schema.management.azure.com/schemas/common/definitions.json#/definitions/expression"
            }
          ],
          "description": "The specified messaging units for the tier. For Premium tier, capacity are 1,2 and 4."
        },
        "name": {
          "oneOf": [
            {
              "type": "string",
              "enum": [
                "Basic",
                "Standard",
                "Premium"
              ]
            },
            {
              "$ref": "https://schema.management.azure.com/schemas/common/definitions.json#/definitions/expression"
            }
          ],
          "description": "Name of this SKU."
        },
        "tier": {
          "oneOf": [
            {
              "type": "string",
              "enum": [
                "Basic",
                "Standard",
                "Premium"
              ]
            },
            {
              "$ref": "https://schema.management.azure.com/schemas/common/definitions.json#/definitions/expression"
            }
          ],
          "description": "The billing tier of this particular SKU."
        }
      },
      "required": [
        "name"
      ],
      "description": "SKU of the namespace."
    },
    "Subnet": {
      "type": "object",
      "properties": {
        "id": {
          "type": "string",
          "description": "Resource ID of Virtual Network Subnet"
        }
      },
      "description": "Properties supplied for Subnet"
    },
    "VirtualNetworkRuleProperties": {
      "type": "object",
      "properties": {
        "virtualNetworkSubnetId": {
          "type": "string",
          "description": "Resource ID of Virtual Network Subnet"
        }
      },
      "description": "Properties supplied to create or update VirtualNetworkRules"
    }
  }
}