{
  "id": "https://schema.management.azure.com/schemas/2018-06-30-preview/Microsoft.GuestConfiguration.json#",
  "$schema": "http://json-schema.org/draft-04/schema#",
  "title": "Microsoft.GuestConfiguration",
  "description": "Microsoft GuestConfiguration Resource Types",
  "resourceDefinitions": {},
  "extension_resourceDefinitions": {
    "guestConfigurationAssignments": {
      "type": "object",
      "properties": {
        "apiVersion": {
          "type": "string",
          "enum": [
            "2018-06-30-preview"
          ]
        },
        "name": {
          "type": "string",
          "description": "Name of the guest configuration assignment."
        },
        "properties": {
          "oneOf": [
            {
              "$ref": "#/definitions/GuestConfigurationAssignmentProperties"
            },
            {
              "$ref": "https://schema.management.azure.com/schemas/common/definitions.json#/definitions/expression"
            }
          ],
          "description": "Guest configuration assignment properties."
        },
        "type": {
          "type": "string",
          "enum": [
            "Microsoft.GuestConfiguration/guestConfigurationAssignments"
          ]
        }
      },
      "required": [
        "apiVersion",
        "name",
        "properties",
        "type"
      ],
      "description": "Microsoft.GuestConfiguration/guestConfigurationAssignments"
    }
  },
  "definitions": {
    "ConfigurationParameter": {
      "type": "object",
      "properties": {},
      "description": "Represents a configuration parameter."
    },
    "ConfigurationSetting": {
      "type": "object",
      "properties": {
        "allowModuleOverwrite": {
          "oneOf": [
            {
              "type": "string",
              "enum": [
                "True",
                "False"
              ]
            },
            {
              "$ref": "https://schema.management.azure.com/schemas/common/definitions.json#/definitions/expression"
            }
          ],
          "description": "If true - new configurations downloaded from the pull service are allowed to overwrite the old ones on the target node. Otherwise, false."
        }
      },
      "description": "Configuration setting of LCM (Local Configuration Manager)."
    },
    "GuestConfigurationAssignmentProperties": {
      "type": "object",
      "properties": {
        "context": {
          "type": "string",
          "description": "The source which initiated the guest configuration assignment. Ex: Azure Policy"
        },
        "guestConfiguration": {
          "oneOf": [
            {
              "$ref": "#/definitions/GuestConfigurationNavigation"
            },
            {
              "$ref": "https://schema.management.azure.com/schemas/common/definitions.json#/definitions/expression"
            }
          ],
          "description": "Guest configuration is an artifact that encapsulates DSC configuration and its dependencies. The artifact is a zip file containing DSC configuration (as MOF) and dependent resources and other dependencies like modules."
        }
      },
      "description": "Guest configuration assignment properties."
    },
    "GuestConfigurationNavigation": {
      "type": "object",
      "properties": {
        "configurationParameter": {
          "oneOf": [
            {
              "type": "array",
              "items": {
                "$ref": "#/definitions/ConfigurationParameter"
              }
            },
            {
              "$ref": "https://schema.management.azure.com/schemas/common/definitions.json#/definitions/expression"
            }
          ],
          "description": "The configuration parameters for the guest configuration."
        },
        "configurationSetting": {
          "oneOf": [
            {
              "$ref": "#/definitions/ConfigurationSetting"
            },
            {
              "$ref": "https://schema.management.azure.com/schemas/common/definitions.json#/definitions/expression"
            }
          ],
          "description": "Configuration setting of LCM (Local Configuration Manager)."
        },
        "kind": {
          "oneOf": [
            {
              "type": "string",
              "enum": [
                "DSC"
              ]
            },
            {
              "$ref": "https://schema.management.azure.com/schemas/common/definitions.json#/definitions/expression"
            }
          ],
          "description": "Kind of the guest configuration. For example:DSC."
        },
        "name": {
          "type": "string",
          "description": "Name of the guest configuration."
        },
        "version": {
          "type": "string",
          "description": "Version of the guest configuration."
        }
      },
      "description": "Guest configuration is an artifact that encapsulates DSC configuration and its dependencies. The artifact is a zip file containing DSC configuration (as MOF) and dependent resources and other dependencies like modules."
    }
  }
}