{
  "id": "https://schema.management.azure.com/schemas/2014-04-01-preview/Microsoft.Cache.json",
  "$schema": "http://json-schema.org/draft-04/schema#",
  "title": "Microsoft.Cache",
  "description": "Microsoft Cache Resource Types",
  "resourceDefinitions": {
    "Redis": {
      "type": "object",
      "properties": {
        "type": {
          "enum": [
            "Microsoft.Cache/Redis"
          ]
        },
        "apiVersion": {
          "enum": [
            "2014-04-01-preview"
          ]
        },
        "properties": {
          "type": "object",
          "properties": {
            "sku": {
              "oneOf": [
                {
                  "type": "object",
                  "properties": {
                    "name": {
                      "oneOf": [
                        {
                          "enum": [
                            "Basic",
                            "Standard"
                          ]
                        },
                        {
                          "$ref": "https://schema.management.azure.com/schemas/common/definitions.json#/definitions/expression"
                        }
                      ],
                      "description": "Microsoft.Cache/Redis: sku/name"
                    },
                    "family": {
                      "oneOf": [
                        {
                          "enum": [
                            "C"
                          ],
                          "default": "C"
                        },
                        {
                          "$ref": "https://schema.management.azure.com/schemas/common/definitions.json#/definitions/expression"
                        }
                      ],
                      "description": "Microsoft.Cache/Redis: sku/size"
                    },
                    "capacity": {
                      "oneOf": [
                        {
                          "enum": [ 0, 1, 2, 3, 4, 5, 6 ]
                        },
                        {
                          "$ref": "https://schema.management.azure.com/schemas/common/definitions.json#/definitions/expression"
                        }
                      ],
                      "description": "Microsoft.Cache/Redis: sku/capacity"
                    }
                  },
                  "required": [
                    "name",
                    "family",
                    "capacity"
                  ]
                },
                {
                  "$ref": "https://schema.management.azure.com/schemas/common/definitions.json#/definitions/expression"
                }
              ],
              "description": "Microsoft.Cache/Redis: sku"
            },
            "redisVersion": {
              "oneOf": [
                {
                  "enum": [
                    "2.8"
                  ]
                },
                {
                  "$ref": "https://schema.management.azure.com/schemas/common/definitions.json#/definitions/expression"
                }
              ],
              "description": "Microsoft.Cache/Redis: version of Redis"
            },
            "maxMemoryPolicy": {
              "oneOf": [
                {
                  "$ref": "https://schema.management.azure.com/schemas/common/definitions.json#/definitions/expression"
                },
                {
                  "enum": [
                    "VolatileLRU",
                    "AllKeysLRU",
                    "VolatileRandom",
                    "AllKeysRandom",
                    "VolatileTTL",
                    "NoEviction"
                  ],
                  "default": "VolatileLRU"
                }
              ],
              "description": "Microsoft.Cache/Redis: maxMemoryPolicy. How Redis will select what to remove when maxmemory is reached. Default: VolatileLRU."
            },
            "enableNonSslPort": {
              "oneOf": [
                {
                  "type": "boolean",
                  "default": false
                },
                {
                  "$ref": "https://schema.management.azure.com/schemas/common/definitions.json#/definitions/expression"
                }
              ],
              "description": "Microsoft.Cache/Redis enableNonSslPort. Enables less secure direct access to redis on port 6379 WITHOUT SSL tunneling."
            }
          },
          "required": [
            "sku",
            "redisVersion"
          ],
          "additionalProperties": false
        }
      },
      "required": [
        "name",
        "type",
        "apiVersion",
        "properties",
        "location"
      ],
      "description": "Redis cache resource"
    }
  }
}