{
  "id": "https://schema.management.azure.com/schemas/2019-11-01/Microsoft.DataShare.json#",
  "$schema": "http://json-schema.org/draft-04/schema#",
  "title": "Microsoft.DataShare",
  "description": "Microsoft DataShare Resource Types",
  "resourceDefinitions": {
    "accounts": {
      "type": "object",
      "properties": {
        "apiVersion": {
          "type": "string",
          "enum": [
            "2019-11-01"
          ]
        },
        "identity": {
          "oneOf": [
            {
              "$ref": "#/definitions/Identity"
            },
            {
              "$ref": "https://schema.management.azure.com/schemas/common/definitions.json#/definitions/expression"
            }
          ],
          "description": "Identity of resource"
        },
        "location": {
          "type": "string",
          "description": "Location of the azure resource."
        },
        "name": {
          "type": "string",
          "description": "The name of the share account."
        },
        "properties": {
          "oneOf": [
            {
              "$ref": "#/definitions/AccountProperties"
            },
            {
              "$ref": "https://schema.management.azure.com/schemas/common/definitions.json#/definitions/expression"
            }
          ],
          "description": "Account property bag."
        },
        "resources": {
          "type": "array",
          "items": {
            "oneOf": [
              {
                "$ref": "#/definitions/accounts_shares_childResource"
              },
              {
                "$ref": "#/definitions/accounts_shareSubscriptions_childResource"
              }
            ]
          }
        },
        "tags": {
          "oneOf": [
            {
              "type": "object",
              "additionalProperties": {
                "type": "string"
              },
              "properties": {}
            },
            {
              "$ref": "https://schema.management.azure.com/schemas/common/definitions.json#/definitions/expression"
            }
          ],
          "description": "Tags on the azure resource."
        },
        "type": {
          "type": "string",
          "enum": [
            "Microsoft.DataShare/accounts"
          ]
        }
      },
      "required": [
        "apiVersion",
        "identity",
        "name",
        "properties",
        "type"
      ],
      "description": "Microsoft.DataShare/accounts"
    },
    "accounts_shares": {
      "type": "object",
      "properties": {
        "apiVersion": {
          "type": "string",
          "enum": [
            "2019-11-01"
          ]
        },
        "name": {
          "type": "string",
          "description": "The name of the share."
        },
        "properties": {
          "oneOf": [
            {
              "$ref": "#/definitions/ShareProperties"
            },
            {
              "$ref": "https://schema.management.azure.com/schemas/common/definitions.json#/definitions/expression"
            }
          ],
          "description": "Share property bag."
        },
        "resources": {
          "type": "array",
          "items": {
            "oneOf": [
              {
                "$ref": "#/definitions/accounts_shares_dataSets_childResource"
              },
              {
                "$ref": "#/definitions/accounts_shares_invitations_childResource"
              },
              {
                "$ref": "#/definitions/accounts_shares_synchronizationSettings_childResource"
              }
            ]
          }
        },
        "type": {
          "type": "string",
          "enum": [
            "Microsoft.DataShare/accounts/shares"
          ]
        }
      },
      "required": [
        "apiVersion",
        "name",
        "properties",
        "type"
      ],
      "description": "Microsoft.DataShare/accounts/shares"
    },
    "accounts_shareSubscriptions": {
      "type": "object",
      "properties": {
        "apiVersion": {
          "type": "string",
          "enum": [
            "2019-11-01"
          ]
        },
        "name": {
          "type": "string",
          "description": "The name of the shareSubscription."
        },
        "properties": {
          "oneOf": [
            {
              "$ref": "#/definitions/ShareSubscriptionProperties"
            },
            {
              "$ref": "https://schema.management.azure.com/schemas/common/definitions.json#/definitions/expression"
            }
          ],
          "description": "Share subscription property bag."
        },
        "resources": {
          "type": "array",
          "items": {
            "oneOf": [
              {
                "$ref": "#/definitions/accounts_shareSubscriptions_dataSetMappings_childResource"
              },
              {
                "$ref": "#/definitions/accounts_shareSubscriptions_triggers_childResource"
              }
            ]
          }
        },
        "type": {
          "type": "string",
          "enum": [
            "Microsoft.DataShare/accounts/shareSubscriptions"
          ]
        }
      },
      "required": [
        "apiVersion",
        "name",
        "properties",
        "type"
      ],
      "description": "Microsoft.DataShare/accounts/shareSubscriptions"
    },
    "accounts_shareSubscriptions_dataSetMappings": {
      "type": "object",
      "oneOf": [
        {
          "$ref": "#/definitions/BlobDataSetMapping"
        },
        {
          "$ref": "#/definitions/BlobFolderDataSetMapping"
        },
        {
          "$ref": "#/definitions/BlobContainerDataSetMapping"
        },
        {
          "$ref": "#/definitions/ADLSGen2FileDataSetMapping"
        },
        {
          "$ref": "#/definitions/ADLSGen2FolderDataSetMapping"
        },
        {
          "$ref": "#/definitions/ADLSGen2FileSystemDataSetMapping"
        },
        {
          "$ref": "#/definitions/KustoClusterDataSetMapping"
        },
        {
          "$ref": "#/definitions/KustoDatabaseDataSetMapping"
        },
        {
          "$ref": "#/definitions/SqlDWTableDataSetMapping"
        },
        {
          "$ref": "#/definitions/SqlDBTableDataSetMapping"
        }
      ],
      "properties": {
        "apiVersion": {
          "type": "string",
          "enum": [
            "2019-11-01"
          ]
        },
        "name": {
          "type": "string",
          "description": "The name of the data set mapping to be created."
        },
        "type": {
          "type": "string",
          "enum": [
            "Microsoft.DataShare/accounts/shareSubscriptions/dataSetMappings"
          ]
        }
      },
      "required": [
        "apiVersion",
        "name",
        "type"
      ],
      "description": "Microsoft.DataShare/accounts/shareSubscriptions/dataSetMappings"
    },
    "accounts_shareSubscriptions_triggers": {
      "type": "object",
      "oneOf": [
        {
          "$ref": "#/definitions/ScheduledTrigger"
        }
      ],
      "properties": {
        "apiVersion": {
          "type": "string",
          "enum": [
            "2019-11-01"
          ]
        },
        "name": {
          "type": "string",
          "description": "The name of the trigger."
        },
        "type": {
          "type": "string",
          "enum": [
            "Microsoft.DataShare/accounts/shareSubscriptions/triggers"
          ]
        }
      },
      "required": [
        "apiVersion",
        "name",
        "type"
      ],
      "description": "Microsoft.DataShare/accounts/shareSubscriptions/triggers"
    },
    "accounts_shares_dataSets": {
      "type": "object",
      "oneOf": [
        {
          "$ref": "#/definitions/BlobDataSet"
        },
        {
          "$ref": "#/definitions/BlobFolderDataSet"
        },
        {
          "$ref": "#/definitions/BlobContainerDataSet"
        },
        {
          "$ref": "#/definitions/ADLSGen2FileDataSet"
        },
        {
          "$ref": "#/definitions/ADLSGen2FolderDataSet"
        },
        {
          "$ref": "#/definitions/ADLSGen2FileSystemDataSet"
        },
        {
          "$ref": "#/definitions/ADLSGen1FolderDataSet"
        },
        {
          "$ref": "#/definitions/ADLSGen1FileDataSet"
        },
        {
          "$ref": "#/definitions/KustoClusterDataSet"
        },
        {
          "$ref": "#/definitions/KustoDatabaseDataSet"
        },
        {
          "$ref": "#/definitions/SqlDWTableDataSet"
        },
        {
          "$ref": "#/definitions/SqlDBTableDataSet"
        }
      ],
      "properties": {
        "apiVersion": {
          "type": "string",
          "enum": [
            "2019-11-01"
          ]
        },
        "name": {
          "type": "string",
          "description": "The name of the dataSet."
        },
        "type": {
          "type": "string",
          "enum": [
            "Microsoft.DataShare/accounts/shares/dataSets"
          ]
        }
      },
      "required": [
        "apiVersion",
        "name",
        "type"
      ],
      "description": "Microsoft.DataShare/accounts/shares/dataSets"
    },
    "accounts_shares_invitations": {
      "type": "object",
      "properties": {
        "apiVersion": {
          "type": "string",
          "enum": [
            "2019-11-01"
          ]
        },
        "name": {
          "type": "string",
          "description": "The name of the invitation."
        },
        "properties": {
          "oneOf": [
            {
              "$ref": "#/definitions/InvitationProperties"
            },
            {
              "$ref": "https://schema.management.azure.com/schemas/common/definitions.json#/definitions/expression"
            }
          ],
          "description": "Invitation property bag."
        },
        "type": {
          "type": "string",
          "enum": [
            "Microsoft.DataShare/accounts/shares/invitations"
          ]
        }
      },
      "required": [
        "apiVersion",
        "name",
        "properties",
        "type"
      ],
      "description": "Microsoft.DataShare/accounts/shares/invitations"
    },
    "accounts_shares_synchronizationSettings": {
      "type": "object",
      "oneOf": [
        {
          "$ref": "#/definitions/ScheduledSynchronizationSetting"
        }
      ],
      "properties": {
        "apiVersion": {
          "type": "string",
          "enum": [
            "2019-11-01"
          ]
        },
        "name": {
          "type": "string",
          "description": "The name of the synchronizationSetting."
        },
        "type": {
          "type": "string",
          "enum": [
            "Microsoft.DataShare/accounts/shares/synchronizationSettings"
          ]
        }
      },
      "required": [
        "apiVersion",
        "name",
        "type"
      ],
      "description": "Microsoft.DataShare/accounts/shares/synchronizationSettings"
    }
  },
  "definitions": {
    "AccountProperties": {
      "type": "object",
      "properties": {},
      "description": "Account property bag."
    },
    "accounts_shareSubscriptions_childResource": {
      "type": "object",
      "properties": {
        "apiVersion": {
          "type": "string",
          "enum": [
            "2019-11-01"
          ]
        },
        "name": {
          "type": "string",
          "description": "The name of the shareSubscription."
        },
        "properties": {
          "oneOf": [
            {
              "$ref": "#/definitions/ShareSubscriptionProperties"
            },
            {
              "$ref": "https://schema.management.azure.com/schemas/common/definitions.json#/definitions/expression"
            }
          ],
          "description": "Share subscription property bag."
        },
        "type": {
          "type": "string",
          "enum": [
            "shareSubscriptions"
          ]
        }
      },
      "required": [
        "apiVersion",
        "name",
        "properties",
        "type"
      ],
      "description": "Microsoft.DataShare/accounts/shareSubscriptions"
    },
    "accounts_shareSubscriptions_dataSetMappings_childResource": {
      "type": "object",
      "oneOf": [
        {
          "$ref": "#/definitions/BlobDataSetMapping"
        },
        {
          "$ref": "#/definitions/BlobFolderDataSetMapping"
        },
        {
          "$ref": "#/definitions/BlobContainerDataSetMapping"
        },
        {
          "$ref": "#/definitions/ADLSGen2FileDataSetMapping"
        },
        {
          "$ref": "#/definitions/ADLSGen2FolderDataSetMapping"
        },
        {
          "$ref": "#/definitions/ADLSGen2FileSystemDataSetMapping"
        },
        {
          "$ref": "#/definitions/KustoClusterDataSetMapping"
        },
        {
          "$ref": "#/definitions/KustoDatabaseDataSetMapping"
        },
        {
          "$ref": "#/definitions/SqlDWTableDataSetMapping"
        },
        {
          "$ref": "#/definitions/SqlDBTableDataSetMapping"
        }
      ],
      "properties": {
        "apiVersion": {
          "type": "string",
          "enum": [
            "2019-11-01"
          ]
        },
        "name": {
          "type": "string",
          "description": "The name of the data set mapping to be created."
        },
        "type": {
          "type": "string",
          "enum": [
            "dataSetMappings"
          ]
        }
      },
      "required": [
        "apiVersion",
        "name",
        "type"
      ],
      "description": "Microsoft.DataShare/accounts/shareSubscriptions/dataSetMappings"
    },
    "accounts_shareSubscriptions_triggers_childResource": {
      "type": "object",
      "oneOf": [
        {
          "$ref": "#/definitions/ScheduledTrigger"
        }
      ],
      "properties": {
        "apiVersion": {
          "type": "string",
          "enum": [
            "2019-11-01"
          ]
        },
        "name": {
          "type": "string",
          "description": "The name of the trigger."
        },
        "type": {
          "type": "string",
          "enum": [
            "triggers"
          ]
        }
      },
      "required": [
        "apiVersion",
        "name",
        "type"
      ],
      "description": "Microsoft.DataShare/accounts/shareSubscriptions/triggers"
    },
    "accounts_shares_childResource": {
      "type": "object",
      "properties": {
        "apiVersion": {
          "type": "string",
          "enum": [
            "2019-11-01"
          ]
        },
        "name": {
          "type": "string",
          "description": "The name of the share."
        },
        "properties": {
          "oneOf": [
            {
              "$ref": "#/definitions/ShareProperties"
            },
            {
              "$ref": "https://schema.management.azure.com/schemas/common/definitions.json#/definitions/expression"
            }
          ],
          "description": "Share property bag."
        },
        "type": {
          "type": "string",
          "enum": [
            "shares"
          ]
        }
      },
      "required": [
        "apiVersion",
        "name",
        "properties",
        "type"
      ],
      "description": "Microsoft.DataShare/accounts/shares"
    },
    "accounts_shares_dataSets_childResource": {
      "type": "object",
      "oneOf": [
        {
          "$ref": "#/definitions/BlobDataSet"
        },
        {
          "$ref": "#/definitions/BlobFolderDataSet"
        },
        {
          "$ref": "#/definitions/BlobContainerDataSet"
        },
        {
          "$ref": "#/definitions/ADLSGen2FileDataSet"
        },
        {
          "$ref": "#/definitions/ADLSGen2FolderDataSet"
        },
        {
          "$ref": "#/definitions/ADLSGen2FileSystemDataSet"
        },
        {
          "$ref": "#/definitions/ADLSGen1FolderDataSet"
        },
        {
          "$ref": "#/definitions/ADLSGen1FileDataSet"
        },
        {
          "$ref": "#/definitions/KustoClusterDataSet"
        },
        {
          "$ref": "#/definitions/KustoDatabaseDataSet"
        },
        {
          "$ref": "#/definitions/SqlDWTableDataSet"
        },
        {
          "$ref": "#/definitions/SqlDBTableDataSet"
        }
      ],
      "properties": {
        "apiVersion": {
          "type": "string",
          "enum": [
            "2019-11-01"
          ]
        },
        "name": {
          "type": "string",
          "description": "The name of the dataSet."
        },
        "type": {
          "type": "string",
          "enum": [
            "dataSets"
          ]
        }
      },
      "required": [
        "apiVersion",
        "name",
        "type"
      ],
      "description": "Microsoft.DataShare/accounts/shares/dataSets"
    },
    "accounts_shares_invitations_childResource": {
      "type": "object",
      "properties": {
        "apiVersion": {
          "type": "string",
          "enum": [
            "2019-11-01"
          ]
        },
        "name": {
          "type": "string",
          "description": "The name of the invitation."
        },
        "properties": {
          "oneOf": [
            {
              "$ref": "#/definitions/InvitationProperties"
            },
            {
              "$ref": "https://schema.management.azure.com/schemas/common/definitions.json#/definitions/expression"
            }
          ],
          "description": "Invitation property bag."
        },
        "type": {
          "type": "string",
          "enum": [
            "invitations"
          ]
        }
      },
      "required": [
        "apiVersion",
        "name",
        "properties",
        "type"
      ],
      "description": "Microsoft.DataShare/accounts/shares/invitations"
    },
    "accounts_shares_synchronizationSettings_childResource": {
      "type": "object",
      "oneOf": [
        {
          "$ref": "#/definitions/ScheduledSynchronizationSetting"
        }
      ],
      "properties": {
        "apiVersion": {
          "type": "string",
          "enum": [
            "2019-11-01"
          ]
        },
        "name": {
          "type": "string",
          "description": "The name of the synchronizationSetting."
        },
        "type": {
          "type": "string",
          "enum": [
            "synchronizationSettings"
          ]
        }
      },
      "required": [
        "apiVersion",
        "name",
        "type"
      ],
      "description": "Microsoft.DataShare/accounts/shares/synchronizationSettings"
    },
    "ADLSGen1FileDataSet": {
      "type": "object",
      "properties": {
        "kind": {
          "type": "string",
          "enum": [
            "AdlsGen1File"
          ]
        },
        "properties": {
          "oneOf": [
            {
              "$ref": "#/definitions/ADLSGen1FileProperties"
            },
            {
              "$ref": "https://schema.management.azure.com/schemas/common/definitions.json#/definitions/expression"
            }
          ],
          "description": "Properties of the ADLS Gen1 file data set."
        }
      },
      "required": [
        "kind",
        "properties"
      ],
      "description": "An ADLS Gen 1 file data set."
    },
    "ADLSGen1FileProperties": {
      "type": "object",
      "properties": {
        "accountName": {
          "type": "string",
          "description": "The ADLS account name."
        },
        "fileName": {
          "type": "string",
          "description": "The file name in the ADLS account."
        },
        "folderPath": {
          "type": "string",
          "description": "The folder path within the ADLS account."
        },
        "resourceGroup": {
          "type": "string",
          "description": "Resource group of ADLS account."
        },
        "subscriptionId": {
          "type": "string",
          "description": "Subscription id of ADLS account."
        }
      },
      "required": [
        "accountName",
        "fileName",
        "folderPath",
        "resourceGroup",
        "subscriptionId"
      ],
      "description": "Properties of the ADLS Gen1 file data set."
    },
    "ADLSGen1FolderDataSet": {
      "type": "object",
      "properties": {
        "kind": {
          "type": "string",
          "enum": [
            "AdlsGen1Folder"
          ]
        },
        "properties": {
          "oneOf": [
            {
              "$ref": "#/definitions/ADLSGen1FolderProperties"
            },
            {
              "$ref": "https://schema.management.azure.com/schemas/common/definitions.json#/definitions/expression"
            }
          ],
          "description": "Properties of the ADLS Gen1 folder data set."
        }
      },
      "required": [
        "kind",
        "properties"
      ],
      "description": "An ADLS Gen 1 folder data set."
    },
    "ADLSGen1FolderProperties": {
      "type": "object",
      "properties": {
        "accountName": {
          "type": "string",
          "description": "The ADLS account name."
        },
        "folderPath": {
          "type": "string",
          "description": "The folder path within the ADLS account."
        },
        "resourceGroup": {
          "type": "string",
          "description": "Resource group of ADLS account."
        },
        "subscriptionId": {
          "type": "string",
          "description": "Subscription id of ADLS account."
        }
      },
      "required": [
        "accountName",
        "folderPath",
        "resourceGroup",
        "subscriptionId"
      ],
      "description": "Properties of the ADLS Gen1 folder data set."
    },
    "ADLSGen2FileDataSet": {
      "type": "object",
      "properties": {
        "kind": {
          "type": "string",
          "enum": [
            "AdlsGen2File"
          ]
        },
        "properties": {
          "oneOf": [
            {
              "$ref": "#/definitions/ADLSGen2FileProperties"
            },
            {
              "$ref": "https://schema.management.azure.com/schemas/common/definitions.json#/definitions/expression"
            }
          ],
          "description": "Properties of the ADLS Gen2 file data set."
        }
      },
      "required": [
        "kind",
        "properties"
      ],
      "description": "An ADLS Gen 2 file data set."
    },
    "ADLSGen2FileDataSetMapping": {
      "type": "object",
      "properties": {
        "kind": {
          "type": "string",
          "enum": [
            "AdlsGen2File"
          ]
        },
        "properties": {
          "oneOf": [
            {
              "$ref": "#/definitions/ADLSGen2FileDataSetMappingProperties"
            },
            {
              "$ref": "https://schema.management.azure.com/schemas/common/definitions.json#/definitions/expression"
            }
          ],
          "description": "ADLS Gen 2 file data set mapping property bag."
        }
      },
      "required": [
        "kind",
        "properties"
      ],
      "description": "An ADLS Gen2 file data set mapping."
    },
    "ADLSGen2FileDataSetMappingProperties": {
      "type": "object",
      "properties": {
        "dataSetId": {
          "type": "string",
          "description": "The id of the source data set."
        },
        "filePath": {
          "type": "string",
          "description": "File path within the file system."
        },
        "fileSystem": {
          "type": "string",
          "description": "File system to which the file belongs."
        },
        "outputType": {
          "oneOf": [
            {
              "type": "string",
              "enum": [
                "Csv",
                "Parquet"
              ]
            },
            {
              "$ref": "https://schema.management.azure.com/schemas/common/definitions.json#/definitions/expression"
            }
          ],
          "description": "Type of output file."
        },
        "resourceGroup": {
          "type": "string",
          "description": "Resource group of storage account."
        },
        "storageAccountName": {
          "type": "string",
          "description": "Storage account name of the source data set."
        },
        "subscriptionId": {
          "type": "string",
          "description": "Subscription id of storage account."
        }
      },
      "required": [
        "dataSetId",
        "filePath",
        "fileSystem",
        "resourceGroup",
        "storageAccountName",
        "subscriptionId"
      ],
      "description": "ADLS Gen 2 file data set mapping property bag."
    },
    "ADLSGen2FileProperties": {
      "type": "object",
      "properties": {
        "filePath": {
          "type": "string",
          "description": "File path within the file system."
        },
        "fileSystem": {
          "type": "string",
          "description": "File system to which the file belongs."
        },
        "resourceGroup": {
          "type": "string",
          "description": "Resource group of storage account"
        },
        "storageAccountName": {
          "type": "string",
          "description": "Storage account name of the source data set"
        },
        "subscriptionId": {
          "type": "string",
          "description": "Subscription id of storage account"
        }
      },
      "required": [
        "filePath",
        "fileSystem",
        "resourceGroup",
        "storageAccountName",
        "subscriptionId"
      ],
      "description": "Properties of the ADLS Gen2 file data set."
    },
    "ADLSGen2FileSystemDataSet": {
      "type": "object",
      "properties": {
        "kind": {
          "type": "string",
          "enum": [
            "AdlsGen2FileSystem"
          ]
        },
        "properties": {
          "oneOf": [
            {
              "$ref": "#/definitions/ADLSGen2FileSystemProperties"
            },
            {
              "$ref": "https://schema.management.azure.com/schemas/common/definitions.json#/definitions/expression"
            }
          ],
          "description": "Properties of the ADLS Gen2 file system data set."
        }
      },
      "required": [
        "kind",
        "properties"
      ],
      "description": "An ADLS Gen 2 file system data set."
    },
    "ADLSGen2FileSystemDataSetMapping": {
      "type": "object",
      "properties": {
        "kind": {
          "type": "string",
          "enum": [
            "AdlsGen2FileSystem"
          ]
        },
        "properties": {
          "oneOf": [
            {
              "$ref": "#/definitions/ADLSGen2FileSystemDataSetMappingProperties"
            },
            {
              "$ref": "https://schema.management.azure.com/schemas/common/definitions.json#/definitions/expression"
            }
          ],
          "description": "ADLS Gen 2 file system data set mapping property bag."
        }
      },
      "required": [
        "kind",
        "properties"
      ],
      "description": "An ADLS Gen2 file system data set mapping."
    },
    "ADLSGen2FileSystemDataSetMappingProperties": {
      "type": "object",
      "properties": {
        "dataSetId": {
          "type": "string",
          "description": "The id of the source data set."
        },
        "fileSystem": {
          "type": "string",
          "description": "The file system name."
        },
        "resourceGroup": {
          "type": "string",
          "description": "Resource group of storage account."
        },
        "storageAccountName": {
          "type": "string",
          "description": "Storage account name of the source data set."
        },
        "subscriptionId": {
          "type": "string",
          "description": "Subscription id of storage account."
        }
      },
      "required": [
        "dataSetId",
        "fileSystem",
        "resourceGroup",
        "storageAccountName",
        "subscriptionId"
      ],
      "description": "ADLS Gen 2 file system data set mapping property bag."
    },
    "ADLSGen2FileSystemProperties": {
      "type": "object",
      "properties": {
        "fileSystem": {
          "type": "string",
          "description": "The file system name."
        },
        "resourceGroup": {
          "type": "string",
          "description": "Resource group of storage account"
        },
        "storageAccountName": {
          "type": "string",
          "description": "Storage account name of the source data set"
        },
        "subscriptionId": {
          "type": "string",
          "description": "Subscription id of storage account"
        }
      },
      "required": [
        "fileSystem",
        "resourceGroup",
        "storageAccountName",
        "subscriptionId"
      ],
      "description": "Properties of the ADLS Gen2 file system data set."
    },
    "ADLSGen2FolderDataSet": {
      "type": "object",
      "properties": {
        "kind": {
          "type": "string",
          "enum": [
            "AdlsGen2Folder"
          ]
        },
        "properties": {
          "oneOf": [
            {
              "$ref": "#/definitions/ADLSGen2FolderProperties"
            },
            {
              "$ref": "https://schema.management.azure.com/schemas/common/definitions.json#/definitions/expression"
            }
          ],
          "description": "Properties of the ADLS Gen2 folder data set."
        }
      },
      "required": [
        "kind",
        "properties"
      ],
      "description": "An ADLS Gen 2 folder data set."
    },
    "ADLSGen2FolderDataSetMapping": {
      "type": "object",
      "properties": {
        "kind": {
          "type": "string",
          "enum": [
            "AdlsGen2Folder"
          ]
        },
        "properties": {
          "oneOf": [
            {
              "$ref": "#/definitions/ADLSGen2FolderDataSetMappingProperties"
            },
            {
              "$ref": "https://schema.management.azure.com/schemas/common/definitions.json#/definitions/expression"
            }
          ],
          "description": "ADLS Gen 2 folder data set mapping property bag."
        }
      },
      "required": [
        "kind",
        "properties"
      ],
      "description": "An ADLS Gen2 folder data set mapping."
    },
    "ADLSGen2FolderDataSetMappingProperties": {
      "type": "object",
      "properties": {
        "dataSetId": {
          "type": "string",
          "description": "The id of the source data set."
        },
        "fileSystem": {
          "type": "string",
          "description": "File system to which the folder belongs."
        },
        "folderPath": {
          "type": "string",
          "description": "Folder path within the file system."
        },
        "resourceGroup": {
          "type": "string",
          "description": "Resource group of storage account."
        },
        "storageAccountName": {
          "type": "string",
          "description": "Storage account name of the source data set."
        },
        "subscriptionId": {
          "type": "string",
          "description": "Subscription id of storage account."
        }
      },
      "required": [
        "dataSetId",
        "fileSystem",
        "folderPath",
        "resourceGroup",
        "storageAccountName",
        "subscriptionId"
      ],
      "description": "ADLS Gen 2 folder data set mapping property bag."
    },
    "ADLSGen2FolderProperties": {
      "type": "object",
      "properties": {
        "fileSystem": {
          "type": "string",
          "description": "File system to which the folder belongs."
        },
        "folderPath": {
          "type": "string",
          "description": "Folder path within the file system."
        },
        "resourceGroup": {
          "type": "string",
          "description": "Resource group of storage account"
        },
        "storageAccountName": {
          "type": "string",
          "description": "Storage account name of the source data set"
        },
        "subscriptionId": {
          "type": "string",
          "description": "Subscription id of storage account"
        }
      },
      "required": [
        "fileSystem",
        "folderPath",
        "resourceGroup",
        "storageAccountName",
        "subscriptionId"
      ],
      "description": "Properties of the ADLS Gen2 folder data set."
    },
    "BlobContainerDataSet": {
      "type": "object",
      "properties": {
        "kind": {
          "type": "string",
          "enum": [
            "Container"
          ]
        },
        "properties": {
          "oneOf": [
            {
              "$ref": "#/definitions/BlobContainerProperties"
            },
            {
              "$ref": "https://schema.management.azure.com/schemas/common/definitions.json#/definitions/expression"
            }
          ],
          "description": "Properties of the BLOB container data set."
        }
      },
      "required": [
        "kind",
        "properties"
      ],
      "description": "An Azure storage blob container data set."
    },
    "BlobContainerDataSetMapping": {
      "type": "object",
      "properties": {
        "kind": {
          "type": "string",
          "enum": [
            "Container"
          ]
        },
        "properties": {
          "oneOf": [
            {
              "$ref": "#/definitions/BlobContainerMappingProperties"
            },
            {
              "$ref": "https://schema.management.azure.com/schemas/common/definitions.json#/definitions/expression"
            }
          ],
          "description": "Azure storage Blob container data set mapping property bag."
        }
      },
      "required": [
        "kind",
        "properties"
      ],
      "description": "A Blob container data set mapping."
    },
    "BlobContainerMappingProperties": {
      "type": "object",
      "properties": {
        "containerName": {
          "type": "string",
          "description": "BLOB Container name."
        },
        "dataSetId": {
          "type": "string",
          "description": "The id of the source data set."
        },
        "resourceGroup": {
          "type": "string",
          "description": "Resource group of storage account."
        },
        "storageAccountName": {
          "type": "string",
          "description": "Storage account name of the source data set."
        },
        "subscriptionId": {
          "type": "string",
          "description": "Subscription id of storage account."
        }
      },
      "required": [
        "containerName",
        "dataSetId",
        "resourceGroup",
        "storageAccountName",
        "subscriptionId"
      ],
      "description": "Azure storage Blob container data set mapping property bag."
    },
    "BlobContainerProperties": {
      "type": "object",
      "properties": {
        "containerName": {
          "type": "string",
          "description": "BLOB Container name."
        },
        "resourceGroup": {
          "type": "string",
          "description": "Resource group of storage account"
        },
        "storageAccountName": {
          "type": "string",
          "description": "Storage account name of the source data set"
        },
        "subscriptionId": {
          "type": "string",
          "description": "Subscription id of storage account"
        }
      },
      "required": [
        "containerName",
        "resourceGroup",
        "storageAccountName",
        "subscriptionId"
      ],
      "description": "Properties of the BLOB container data set."
    },
    "BlobDataSet": {
      "type": "object",
      "properties": {
        "kind": {
          "type": "string",
          "enum": [
            "Blob"
          ]
        },
        "properties": {
          "oneOf": [
            {
              "$ref": "#/definitions/BlobProperties"
            },
            {
              "$ref": "https://schema.management.azure.com/schemas/common/definitions.json#/definitions/expression"
            }
          ],
          "description": "Properties of the blob data set."
        }
      },
      "required": [
        "kind",
        "properties"
      ],
      "description": "An Azure storage blob data set."
    },
    "BlobDataSetMapping": {
      "type": "object",
      "properties": {
        "kind": {
          "type": "string",
          "enum": [
            "Blob"
          ]
        },
        "properties": {
          "oneOf": [
            {
              "$ref": "#/definitions/BlobMappingProperties"
            },
            {
              "$ref": "https://schema.management.azure.com/schemas/common/definitions.json#/definitions/expression"
            }
          ],
          "description": "Azure storage Blob data set mapping property bag."
        }
      },
      "required": [
        "kind",
        "properties"
      ],
      "description": "A Blob data set mapping."
    },
    "BlobFolderDataSet": {
      "type": "object",
      "properties": {
        "kind": {
          "type": "string",
          "enum": [
            "BlobFolder"
          ]
        },
        "properties": {
          "oneOf": [
            {
              "$ref": "#/definitions/BlobFolderProperties"
            },
            {
              "$ref": "https://schema.management.azure.com/schemas/common/definitions.json#/definitions/expression"
            }
          ],
          "description": "Properties of the blob folder data set."
        }
      },
      "required": [
        "kind",
        "properties"
      ],
      "description": "An Azure storage blob folder data set."
    },
    "BlobFolderDataSetMapping": {
      "type": "object",
      "properties": {
        "kind": {
          "type": "string",
          "enum": [
            "BlobFolder"
          ]
        },
        "properties": {
          "oneOf": [
            {
              "$ref": "#/definitions/BlobFolderMappingProperties"
            },
            {
              "$ref": "https://schema.management.azure.com/schemas/common/definitions.json#/definitions/expression"
            }
          ],
          "description": "Azure storage Blob folder data set mapping property bag."
        }
      },
      "required": [
        "kind",
        "properties"
      ],
      "description": "A Blob folder data set mapping."
    },
    "BlobFolderMappingProperties": {
      "type": "object",
      "properties": {
        "containerName": {
          "type": "string",
          "description": "Container that has the file path."
        },
        "dataSetId": {
          "type": "string",
          "description": "The id of the source data set."
        },
        "prefix": {
          "type": "string",
          "description": "Prefix for blob folder"
        },
        "resourceGroup": {
          "type": "string",
          "description": "Resource group of storage account."
        },
        "storageAccountName": {
          "type": "string",
          "description": "Storage account name of the source data set."
        },
        "subscriptionId": {
          "type": "string",
          "description": "Subscription id of storage account."
        }
      },
      "required": [
        "containerName",
        "dataSetId",
        "prefix",
        "resourceGroup",
        "storageAccountName",
        "subscriptionId"
      ],
      "description": "Azure storage Blob folder data set mapping property bag."
    },
    "BlobFolderProperties": {
      "type": "object",
      "properties": {
        "containerName": {
          "type": "string",
          "description": "Container that has the file path."
        },
        "prefix": {
          "type": "string",
          "description": "Prefix for blob folder"
        },
        "resourceGroup": {
          "type": "string",
          "description": "Resource group of storage account"
        },
        "storageAccountName": {
          "type": "string",
          "description": "Storage account name of the source data set"
        },
        "subscriptionId": {
          "type": "string",
          "description": "Subscription id of storage account"
        }
      },
      "required": [
        "containerName",
        "prefix",
        "resourceGroup",
        "storageAccountName",
        "subscriptionId"
      ],
      "description": "Properties of the blob folder data set."
    },
    "BlobMappingProperties": {
      "type": "object",
      "properties": {
        "containerName": {
          "type": "string",
          "description": "Container that has the file path."
        },
        "dataSetId": {
          "type": "string",
          "description": "The id of the source data set."
        },
        "filePath": {
          "type": "string",
          "description": "File path within the source data set"
        },
        "outputType": {
          "oneOf": [
            {
              "type": "string",
              "enum": [
                "Csv",
                "Parquet"
              ]
            },
            {
              "$ref": "https://schema.management.azure.com/schemas/common/definitions.json#/definitions/expression"
            }
          ],
          "description": "File output type."
        },
        "resourceGroup": {
          "type": "string",
          "description": "Resource group of storage account."
        },
        "storageAccountName": {
          "type": "string",
          "description": "Storage account name of the source data set."
        },
        "subscriptionId": {
          "type": "string",
          "description": "Subscription id of storage account."
        }
      },
      "required": [
        "containerName",
        "dataSetId",
        "filePath",
        "resourceGroup",
        "storageAccountName",
        "subscriptionId"
      ],
      "description": "Azure storage Blob data set mapping property bag."
    },
    "BlobProperties": {
      "type": "object",
      "properties": {
        "containerName": {
          "type": "string",
          "description": "Container that has the file path."
        },
        "filePath": {
          "type": "string",
          "description": "File path within the source data set"
        },
        "resourceGroup": {
          "type": "string",
          "description": "Resource group of storage account"
        },
        "storageAccountName": {
          "type": "string",
          "description": "Storage account name of the source data set"
        },
        "subscriptionId": {
          "type": "string",
          "description": "Subscription id of storage account"
        }
      },
      "required": [
        "containerName",
        "filePath",
        "resourceGroup",
        "storageAccountName",
        "subscriptionId"
      ],
      "description": "Properties of the blob data set."
    },
    "Identity": {
      "type": "object",
      "properties": {
        "type": {
          "oneOf": [
            {
              "type": "string",
              "enum": [
                "SystemAssigned"
              ]
            },
            {
              "$ref": "https://schema.management.azure.com/schemas/common/definitions.json#/definitions/expression"
            }
          ],
          "description": "Identity Type."
        }
      },
      "description": "Identity of resource"
    },
    "InvitationProperties": {
      "type": "object",
      "properties": {
        "targetActiveDirectoryId": {
          "type": "string",
          "description": "The target Azure AD Id. Can't be combined with email."
        },
        "targetEmail": {
          "type": "string",
          "description": "The email the invitation is directed to."
        },
        "targetObjectId": {
          "type": "string",
          "description": "The target user or application Id that invitation is being sent to.\r\nMust be specified along TargetActiveDirectoryId. This enables sending\r\ninvitations to specific users or applications in an AD tenant."
        }
      },
      "description": "Invitation property bag."
    },
    "KustoClusterDataSet": {
      "type": "object",
      "properties": {
        "kind": {
          "type": "string",
          "enum": [
            "KustoCluster"
          ]
        },
        "properties": {
          "oneOf": [
            {
              "$ref": "#/definitions/KustoClusterDataSetProperties"
            },
            {
              "$ref": "https://schema.management.azure.com/schemas/common/definitions.json#/definitions/expression"
            }
          ],
          "description": "Properties of the kusto cluster data set."
        }
      },
      "required": [
        "kind",
        "properties"
      ],
      "description": "A kusto cluster data set."
    },
    "KustoClusterDataSetMapping": {
      "type": "object",
      "properties": {
        "kind": {
          "type": "string",
          "enum": [
            "KustoCluster"
          ]
        },
        "properties": {
          "oneOf": [
            {
              "$ref": "#/definitions/KustoClusterDataSetMappingProperties"
            },
            {
              "$ref": "https://schema.management.azure.com/schemas/common/definitions.json#/definitions/expression"
            }
          ],
          "description": "Properties of the Kusto cluster data set mapping"
        }
      },
      "required": [
        "kind",
        "properties"
      ],
      "description": "A Kusto cluster data set mapping"
    },
    "KustoClusterDataSetMappingProperties": {
      "type": "object",
      "properties": {
        "dataSetId": {
          "type": "string",
          "description": "The id of the source data set."
        },
        "kustoClusterResourceId": {
          "type": "string",
          "description": "Resource id of the sink kusto cluster."
        }
      },
      "required": [
        "dataSetId",
        "kustoClusterResourceId"
      ],
      "description": "Properties of the Kusto cluster data set mapping"
    },
    "KustoClusterDataSetProperties": {
      "type": "object",
      "properties": {
        "kustoClusterResourceId": {
          "type": "string",
          "description": "Resource id of the kusto cluster."
        }
      },
      "required": [
        "kustoClusterResourceId"
      ],
      "description": "Properties of the kusto cluster data set."
    },
    "KustoDatabaseDataSet": {
      "type": "object",
      "properties": {
        "kind": {
          "type": "string",
          "enum": [
            "KustoDatabase"
          ]
        },
        "properties": {
          "oneOf": [
            {
              "$ref": "#/definitions/KustoDatabaseDataSetProperties"
            },
            {
              "$ref": "https://schema.management.azure.com/schemas/common/definitions.json#/definitions/expression"
            }
          ],
          "description": "Properties of the kusto database data set."
        }
      },
      "required": [
        "kind",
        "properties"
      ],
      "description": "A kusto database data set."
    },
    "KustoDatabaseDataSetMapping": {
      "type": "object",
      "properties": {
        "kind": {
          "type": "string",
          "enum": [
            "KustoDatabase"
          ]
        },
        "properties": {
          "oneOf": [
            {
              "$ref": "#/definitions/KustoDatabaseDataSetMappingProperties"
            },
            {
              "$ref": "https://schema.management.azure.com/schemas/common/definitions.json#/definitions/expression"
            }
          ],
          "description": "Properties of the Kusto database data set mapping"
        }
      },
      "required": [
        "kind",
        "properties"
      ],
      "description": "A Kusto database data set mapping"
    },
    "KustoDatabaseDataSetMappingProperties": {
      "type": "object",
      "properties": {
        "dataSetId": {
          "type": "string",
          "description": "The id of the source data set."
        },
        "kustoClusterResourceId": {
          "type": "string",
          "description": "Resource id of the sink kusto cluster."
        }
      },
      "required": [
        "dataSetId",
        "kustoClusterResourceId"
      ],
      "description": "Properties of the Kusto database data set mapping"
    },
    "KustoDatabaseDataSetProperties": {
      "type": "object",
      "properties": {
        "kustoDatabaseResourceId": {
          "type": "string",
          "description": "Resource id of the kusto database."
        }
      },
      "required": [
        "kustoDatabaseResourceId"
      ],
      "description": "Properties of the kusto database data set."
    },
    "ScheduledSynchronizationSetting": {
      "type": "object",
      "properties": {
        "kind": {
          "type": "string",
          "enum": [
            "ScheduleBased"
          ]
        },
        "properties": {
          "oneOf": [
            {
              "$ref": "#/definitions/ScheduledSynchronizationSettingProperties"
            },
            {
              "$ref": "https://schema.management.azure.com/schemas/common/definitions.json#/definitions/expression"
            }
          ],
          "description": "A Scheduled synchronization setting data transfer object."
        }
      },
      "required": [
        "kind",
        "properties"
      ],
      "description": "A type of synchronization setting based on schedule"
    },
    "ScheduledSynchronizationSettingProperties": {
      "type": "object",
      "properties": {
        "recurrenceInterval": {
          "oneOf": [
            {
              "type": "string",
              "enum": [
                "Hour",
                "Day"
              ]
            },
            {
              "$ref": "https://schema.management.azure.com/schemas/common/definitions.json#/definitions/expression"
            }
          ],
          "description": "Recurrence Interval."
        },
        "synchronizationTime": {
          "type": "string",
          "format": "date-time",
          "description": "Synchronization time"
        }
      },
      "required": [
        "recurrenceInterval",
        "synchronizationTime"
      ],
      "description": "A Scheduled synchronization setting data transfer object."
    },
    "ScheduledTrigger": {
      "type": "object",
      "properties": {
        "kind": {
          "type": "string",
          "enum": [
            "ScheduleBased"
          ]
        },
        "properties": {
          "oneOf": [
            {
              "$ref": "#/definitions/ScheduledTriggerProperties"
            },
            {
              "$ref": "https://schema.management.azure.com/schemas/common/definitions.json#/definitions/expression"
            }
          ],
          "description": "A Scheduled trigger data transfer object."
        }
      },
      "required": [
        "kind",
        "properties"
      ],
      "description": "A type of trigger based on schedule"
    },
    "ScheduledTriggerProperties": {
      "type": "object",
      "properties": {
        "recurrenceInterval": {
          "oneOf": [
            {
              "type": "string",
              "enum": [
                "Hour",
                "Day"
              ]
            },
            {
              "$ref": "https://schema.management.azure.com/schemas/common/definitions.json#/definitions/expression"
            }
          ],
          "description": "Recurrence Interval."
        },
        "synchronizationMode": {
          "oneOf": [
            {
              "type": "string",
              "enum": [
                "Incremental",
                "FullSync"
              ]
            },
            {
              "$ref": "https://schema.management.azure.com/schemas/common/definitions.json#/definitions/expression"
            }
          ],
          "description": "Synchronization mode."
        },
        "synchronizationTime": {
          "type": "string",
          "format": "date-time",
          "description": "Synchronization time"
        }
      },
      "required": [
        "recurrenceInterval",
        "synchronizationTime"
      ],
      "description": "A Scheduled trigger data transfer object."
    },
    "ShareProperties": {
      "type": "object",
      "properties": {
        "description": {
          "type": "string",
          "description": "Share description."
        },
        "shareKind": {
          "oneOf": [
            {
              "type": "string",
              "enum": [
                "CopyBased",
                "InPlace"
              ]
            },
            {
              "$ref": "https://schema.management.azure.com/schemas/common/definitions.json#/definitions/expression"
            }
          ],
          "description": "Share kind."
        },
        "terms": {
          "type": "string",
          "description": "Share terms."
        }
      },
      "description": "Share property bag."
    },
    "ShareSubscriptionProperties": {
      "type": "object",
      "properties": {
        "invitationId": {
          "type": "string",
          "description": "The invitation id."
        },
        "sourceShareLocation": {
          "type": "string",
          "description": "Source share location."
        }
      },
      "required": [
        "invitationId",
        "sourceShareLocation"
      ],
      "description": "Share subscription property bag."
    },
    "SqlDBTableDataSet": {
      "type": "object",
      "properties": {
        "kind": {
          "type": "string",
          "enum": [
            "SqlDBTable"
          ]
        },
        "properties": {
          "oneOf": [
            {
              "$ref": "#/definitions/SqlDBTableProperties"
            },
            {
              "$ref": "https://schema.management.azure.com/schemas/common/definitions.json#/definitions/expression"
            }
          ],
          "description": "Properties of the SQL DB table data set."
        }
      },
      "required": [
        "kind"
      ],
      "description": "A SQL DB table data set."
    },
    "SqlDBTableDataSetMapping": {
      "type": "object",
      "properties": {
        "kind": {
          "type": "string",
          "enum": [
            "SqlDBTable"
          ]
        },
        "properties": {
          "oneOf": [
            {
              "$ref": "#/definitions/SqlDBTableDataSetMappingProperties"
            },
            {
              "$ref": "https://schema.management.azure.com/schemas/common/definitions.json#/definitions/expression"
            }
          ],
          "description": "Properties of the SQL DB table data set mapping."
        }
      },
      "required": [
        "kind",
        "properties"
      ],
      "description": "A SQL DB Table data set mapping."
    },
    "SqlDBTableDataSetMappingProperties": {
      "type": "object",
      "properties": {
        "databaseName": {
          "type": "string",
          "description": "DatabaseName name of the sink data set"
        },
        "dataSetId": {
          "type": "string",
          "description": "The id of the source data set."
        },
        "schemaName": {
          "type": "string",
          "description": "Schema of the table. Default value is dbo."
        },
        "sqlServerResourceId": {
          "type": "string",
          "description": "Resource id of SQL server"
        },
        "tableName": {
          "type": "string",
          "description": "SQL DB table name."
        }
      },
      "required": [
        "databaseName",
        "dataSetId",
        "schemaName",
        "sqlServerResourceId",
        "tableName"
      ],
      "description": "Properties of the SQL DB table data set mapping."
    },
    "SqlDBTableProperties": {
      "type": "object",
      "properties": {
        "databaseName": {
          "type": "string",
          "description": "Database name of the source data set"
        },
        "schemaName": {
          "type": "string",
          "description": "Schema of the table. Default value is dbo."
        },
        "sqlServerResourceId": {
          "type": "string",
          "description": "Resource id of SQL server"
        },
        "tableName": {
          "type": "string",
          "description": "SQL DB table name."
        }
      },
      "required": [
        "databaseName",
        "schemaName",
        "sqlServerResourceId",
        "tableName"
      ],
      "description": "Properties of the SQL DB table data set."
    },
    "SqlDWTableDataSet": {
      "type": "object",
      "properties": {
        "kind": {
          "type": "string",
          "enum": [
            "SqlDWTable"
          ]
        },
        "properties": {
          "oneOf": [
            {
              "$ref": "#/definitions/SqlDWTableProperties"
            },
            {
              "$ref": "https://schema.management.azure.com/schemas/common/definitions.json#/definitions/expression"
            }
          ],
          "description": "Properties of the SQL DW table data set."
        }
      },
      "required": [
        "kind"
      ],
      "description": "A SQL DW table data set."
    },
    "SqlDWTableDataSetMapping": {
      "type": "object",
      "properties": {
        "kind": {
          "type": "string",
          "enum": [
            "SqlDWTable"
          ]
        },
        "properties": {
          "oneOf": [
            {
              "$ref": "#/definitions/SqlDWTableDataSetMappingProperties"
            },
            {
              "$ref": "https://schema.management.azure.com/schemas/common/definitions.json#/definitions/expression"
            }
          ],
          "description": "Properties of the SQL DW table data set mapping."
        }
      },
      "required": [
        "kind",
        "properties"
      ],
      "description": "A SQL DW Table data set mapping."
    },
    "SqlDWTableDataSetMappingProperties": {
      "type": "object",
      "properties": {
        "dataSetId": {
          "type": "string",
          "description": "The id of the source data set."
        },
        "dataWarehouseName": {
          "type": "string",
          "description": "DataWarehouse name of the source data set"
        },
        "schemaName": {
          "type": "string",
          "description": "Schema of the table. Default value is dbo."
        },
        "sqlServerResourceId": {
          "type": "string",
          "description": "Resource id of SQL server"
        },
        "tableName": {
          "type": "string",
          "description": "SQL DW table name."
        }
      },
      "required": [
        "dataSetId",
        "dataWarehouseName",
        "schemaName",
        "sqlServerResourceId",
        "tableName"
      ],
      "description": "Properties of the SQL DW table data set mapping."
    },
    "SqlDWTableProperties": {
      "type": "object",
      "properties": {
        "dataWarehouseName": {
          "type": "string",
          "description": "DataWarehouse name of the source data set"
        },
        "schemaName": {
          "type": "string",
          "description": "Schema of the table. Default value is dbo."
        },
        "sqlServerResourceId": {
          "type": "string",
          "description": "Resource id of SQL server"
        },
        "tableName": {
          "type": "string",
          "description": "SQL DW table name."
        }
      },
      "required": [
        "dataWarehouseName",
        "schemaName",
        "sqlServerResourceId",
        "tableName"
      ],
      "description": "Properties of the SQL DW table data set."
    }
  }
}