{
  "id": "https://schema.management.azure.com/schemas/2018-03-01/Microsoft.Cache.json#",
  "$schema": "http://json-schema.org/draft-04/schema#",
  "title": "Microsoft.Cache",
  "description": "Microsoft Cache Resource Types",
  "resourceDefinitions": {
    "Redis": {
      "type": "object",
      "properties": {
        "apiVersion": {
          "type": "string",
          "enum": [
            "2018-03-01"
          ]
        },
        "location": {
          "type": "string",
          "description": "The geo-location where the resource lives"
        },
        "name": {
          "type": "string",
          "description": "The name of the Redis cache."
        },
        "properties": {
          "oneOf": [
            {
              "$ref": "#/definitions/RedisCreateProperties"
            },
            {
              "$ref": "https://schema.management.azure.com/schemas/common/definitions.json#/definitions/expression"
            }
          ],
          "description": "Properties supplied to Create Redis operation."
        },
        "resources": {
          "type": "array",
          "items": {
            "oneOf": [
              {
                "$ref": "#/definitions/Redis_firewallRules_childResource"
              },
              {
                "$ref": "#/definitions/Redis_patchSchedules_childResource"
              },
              {
                "$ref": "#/definitions/Redis_linkedServers_childResource"
              }
            ]
          }
        },
        "tags": {
          "oneOf": [
            {
              "type": "object",
              "additionalProperties": {
                "type": "string"
              },
              "properties": {}
            },
            {
              "$ref": "https://schema.management.azure.com/schemas/common/definitions.json#/definitions/expression"
            }
          ],
          "description": "Resource tags."
        },
        "type": {
          "type": "string",
          "enum": [
            "Microsoft.Cache/Redis"
          ]
        },
        "zones": {
          "oneOf": [
            {
              "type": "array",
              "items": {
                "type": "string"
              }
            },
            {
              "$ref": "https://schema.management.azure.com/schemas/common/definitions.json#/definitions/expression"
            }
          ],
          "description": "A list of availability zones denoting where the resource needs to come from."
        }
      },
      "required": [
        "apiVersion",
        "location",
        "name",
        "properties",
        "type"
      ],
      "description": "Microsoft.Cache/Redis"
    },
    "Redis_firewallRules": {
      "type": "object",
      "properties": {
        "apiVersion": {
          "type": "string",
          "enum": [
            "2018-03-01"
          ]
        },
        "name": {
          "type": "string",
          "description": "The name of the firewall rule."
        },
        "properties": {
          "oneOf": [
            {
              "$ref": "#/definitions/RedisFirewallRuleProperties"
            },
            {
              "$ref": "https://schema.management.azure.com/schemas/common/definitions.json#/definitions/expression"
            }
          ],
          "description": "Specifies a range of IP addresses permitted to connect to the cache"
        },
        "type": {
          "type": "string",
          "enum": [
            "Microsoft.Cache/Redis/firewallRules"
          ]
        }
      },
      "required": [
        "apiVersion",
        "name",
        "properties",
        "type"
      ],
      "description": "Microsoft.Cache/Redis/firewallRules"
    },
    "Redis_linkedServers": {
      "type": "object",
      "properties": {
        "apiVersion": {
          "type": "string",
          "enum": [
            "2018-03-01"
          ]
        },
        "name": {
          "type": "string",
          "description": "The name of the linked server that is being added to the Redis cache."
        },
        "properties": {
          "oneOf": [
            {
              "$ref": "#/definitions/RedisLinkedServerCreateProperties"
            },
            {
              "$ref": "https://schema.management.azure.com/schemas/common/definitions.json#/definitions/expression"
            }
          ],
          "description": "Create properties for a linked server"
        },
        "type": {
          "type": "string",
          "enum": [
            "Microsoft.Cache/Redis/linkedServers"
          ]
        }
      },
      "required": [
        "apiVersion",
        "name",
        "properties",
        "type"
      ],
      "description": "Microsoft.Cache/Redis/linkedServers"
    },
    "Redis_patchSchedules": {
      "type": "object",
      "properties": {
        "apiVersion": {
          "type": "string",
          "enum": [
            "2018-03-01"
          ]
        },
        "name": {
          "oneOf": [
            {
              "type": "string",
              "pattern": "^.*/default$"
            },
            {
              "$ref": "https://schema.management.azure.com/schemas/common/definitions.json#/definitions/expression"
            }
          ],
          "description": "Default string modeled as parameter for auto generation to work correctly."
        },
        "properties": {
          "oneOf": [
            {
              "$ref": "#/definitions/ScheduleEntries"
            },
            {
              "$ref": "https://schema.management.azure.com/schemas/common/definitions.json#/definitions/expression"
            }
          ],
          "description": "List of patch schedules for a Redis cache."
        },
        "type": {
          "type": "string",
          "enum": [
            "Microsoft.Cache/Redis/patchSchedules"
          ]
        }
      },
      "required": [
        "apiVersion",
        "name",
        "properties",
        "type"
      ],
      "description": "Microsoft.Cache/Redis/patchSchedules"
    }
  },
  "definitions": {
    "RedisCreateProperties": {
      "type": "object",
      "properties": {
        "enableNonSslPort": {
          "oneOf": [
            {
              "type": "boolean"
            },
            {
              "$ref": "https://schema.management.azure.com/schemas/common/definitions.json#/definitions/expression"
            }
          ],
          "description": "Specifies whether the non-ssl Redis server port (6379) is enabled."
        },
        "minimumTlsVersion": {
          "oneOf": [
            {
              "type": "string",
              "enum": [
                "1.0",
                "1.1",
                "1.2"
              ]
            },
            {
              "$ref": "https://schema.management.azure.com/schemas/common/definitions.json#/definitions/expression"
            }
          ],
          "description": "Optional: requires clients to use a specified TLS version (or higher) to connect (e,g, '1.0', '1.1', '1.2')."
        },
        "redisConfiguration": {
          "oneOf": [
            {
              "type": "object",
              "additionalProperties": {
                "type": "string"
              },
              "properties": {}
            },
            {
              "$ref": "https://schema.management.azure.com/schemas/common/definitions.json#/definitions/expression"
            }
          ],
          "description": "All Redis Settings. Few possible keys: rdb-backup-enabled,rdb-storage-connection-string,rdb-backup-frequency,maxmemory-delta,maxmemory-policy,notify-keyspace-events,maxmemory-samples,slowlog-log-slower-than,slowlog-max-len,list-max-ziplist-entries,list-max-ziplist-value,hash-max-ziplist-entries,hash-max-ziplist-value,set-max-intset-entries,zset-max-ziplist-entries,zset-max-ziplist-value etc."
        },
        "shardCount": {
          "oneOf": [
            {
              "type": "integer"
            },
            {
              "$ref": "https://schema.management.azure.com/schemas/common/definitions.json#/definitions/expression"
            }
          ],
          "description": "The number of shards to be created on a Premium Cluster Cache."
        },
        "sku": {
          "oneOf": [
            {
              "$ref": "#/definitions/Sku"
            },
            {
              "$ref": "https://schema.management.azure.com/schemas/common/definitions.json#/definitions/expression"
            }
          ],
          "description": "SKU parameters supplied to the create Redis operation."
        },
        "staticIP": {
          "oneOf": [
            {
              "type": "string",
              "pattern": "^\\d+\\.\\d+\\.\\d+\\.\\d+$"
            },
            {
              "$ref": "https://schema.management.azure.com/schemas/common/definitions.json#/definitions/expression"
            }
          ],
          "description": "Static IP address. Required when deploying a Redis cache inside an existing Azure Virtual Network."
        },
        "subnetId": {
          "oneOf": [
            {
              "type": "string",
              "pattern": "^/subscriptions/[^/]*/resourceGroups/[^/]*/providers/Microsoft.(ClassicNetwork|Network)/virtualNetworks/[^/]*/subnets/[^/]*$"
            },
            {
              "$ref": "https://schema.management.azure.com/schemas/common/definitions.json#/definitions/expression"
            }
          ],
          "description": "The full resource ID of a subnet in a virtual network to deploy the Redis cache in. Example format: /subscriptions/{subscriptionId}/resourceGroups/{resourceGroupName}/Microsoft.{Network|ClassicNetwork}/VirtualNetworks/vnet1/subnets/subnet1"
        },
        "tenantSettings": {
          "oneOf": [
            {
              "type": "object",
              "additionalProperties": {
                "type": "string"
              },
              "properties": {}
            },
            {
              "$ref": "https://schema.management.azure.com/schemas/common/definitions.json#/definitions/expression"
            }
          ],
          "description": "A dictionary of tenant settings"
        }
      },
      "required": [
        "sku"
      ],
      "description": "Properties supplied to Create Redis operation."
    },
    "RedisFirewallRuleProperties": {
      "type": "object",
      "properties": {
        "endIP": {
          "type": "string",
          "description": "highest IP address included in the range"
        },
        "startIP": {
          "type": "string",
          "description": "lowest IP address included in the range"
        }
      },
      "required": [
        "endIP",
        "startIP"
      ],
      "description": "Specifies a range of IP addresses permitted to connect to the cache"
    },
    "RedisLinkedServerCreateProperties": {
      "type": "object",
      "properties": {
        "linkedRedisCacheId": {
          "type": "string",
          "description": "Fully qualified resourceId of the linked redis cache."
        },
        "linkedRedisCacheLocation": {
          "type": "string",
          "description": "Location of the linked redis cache."
        },
        "serverRole": {
          "oneOf": [
            {
              "type": "string",
              "enum": [
                "Primary",
                "Secondary"
              ]
            },
            {
              "$ref": "https://schema.management.azure.com/schemas/common/definitions.json#/definitions/expression"
            }
          ],
          "description": "Role of the linked server."
        }
      },
      "required": [
        "linkedRedisCacheId",
        "linkedRedisCacheLocation",
        "serverRole"
      ],
      "description": "Create properties for a linked server"
    },
    "Redis_firewallRules_childResource": {
      "type": "object",
      "properties": {
        "apiVersion": {
          "type": "string",
          "enum": [
            "2018-03-01"
          ]
        },
        "name": {
          "type": "string",
          "description": "The name of the firewall rule."
        },
        "properties": {
          "oneOf": [
            {
              "$ref": "#/definitions/RedisFirewallRuleProperties"
            },
            {
              "$ref": "https://schema.management.azure.com/schemas/common/definitions.json#/definitions/expression"
            }
          ],
          "description": "Specifies a range of IP addresses permitted to connect to the cache"
        },
        "type": {
          "type": "string",
          "enum": [
            "firewallRules"
          ]
        }
      },
      "required": [
        "apiVersion",
        "name",
        "properties",
        "type"
      ],
      "description": "Microsoft.Cache/Redis/firewallRules"
    },
    "Redis_linkedServers_childResource": {
      "type": "object",
      "properties": {
        "apiVersion": {
          "type": "string",
          "enum": [
            "2018-03-01"
          ]
        },
        "name": {
          "type": "string",
          "description": "The name of the linked server that is being added to the Redis cache."
        },
        "properties": {
          "oneOf": [
            {
              "$ref": "#/definitions/RedisLinkedServerCreateProperties"
            },
            {
              "$ref": "https://schema.management.azure.com/schemas/common/definitions.json#/definitions/expression"
            }
          ],
          "description": "Create properties for a linked server"
        },
        "type": {
          "type": "string",
          "enum": [
            "linkedServers"
          ]
        }
      },
      "required": [
        "apiVersion",
        "name",
        "properties",
        "type"
      ],
      "description": "Microsoft.Cache/Redis/linkedServers"
    },
    "Redis_patchSchedules_childResource": {
      "type": "object",
      "properties": {
        "apiVersion": {
          "type": "string",
          "enum": [
            "2018-03-01"
          ]
        },
        "name": {
          "type": "string",
          "enum": [
            "default"
          ],
          "description": "Default string modeled as parameter for auto generation to work correctly."
        },
        "properties": {
          "oneOf": [
            {
              "$ref": "#/definitions/ScheduleEntries"
            },
            {
              "$ref": "https://schema.management.azure.com/schemas/common/definitions.json#/definitions/expression"
            }
          ],
          "description": "List of patch schedules for a Redis cache."
        },
        "type": {
          "type": "string",
          "enum": [
            "patchSchedules"
          ]
        }
      },
      "required": [
        "apiVersion",
        "name",
        "properties",
        "type"
      ],
      "description": "Microsoft.Cache/Redis/patchSchedules"
    },
    "ScheduleEntries": {
      "type": "object",
      "properties": {
        "scheduleEntries": {
          "oneOf": [
            {
              "type": "array",
              "items": {
                "$ref": "#/definitions/ScheduleEntry"
              }
            },
            {
              "$ref": "https://schema.management.azure.com/schemas/common/definitions.json#/definitions/expression"
            }
          ],
          "description": "List of patch schedules for a Redis cache."
        }
      },
      "required": [
        "scheduleEntries"
      ],
      "description": "List of patch schedules for a Redis cache."
    },
    "ScheduleEntry": {
      "type": "object",
      "properties": {
        "dayOfWeek": {
          "oneOf": [
            {
              "type": "string",
              "enum": [
                "Monday",
                "Tuesday",
                "Wednesday",
                "Thursday",
                "Friday",
                "Saturday",
                "Sunday",
                "Everyday",
                "Weekend"
              ]
            },
            {
              "$ref": "https://schema.management.azure.com/schemas/common/definitions.json#/definitions/expression"
            }
          ],
          "description": "Day of the week when a cache can be patched."
        },
        "maintenanceWindow": {
          "type": "string",
          "format": "duration",
          "description": "ISO8601 timespan specifying how much time cache patching can take. "
        },
        "startHourUtc": {
          "oneOf": [
            {
              "type": "integer"
            },
            {
              "$ref": "https://schema.management.azure.com/schemas/common/definitions.json#/definitions/expression"
            }
          ],
          "description": "Start hour after which cache patching can start."
        }
      },
      "required": [
        "dayOfWeek",
        "startHourUtc"
      ],
      "description": "Patch schedule entry for a Premium Redis Cache."
    },
    "Sku": {
      "type": "object",
      "properties": {
        "capacity": {
          "oneOf": [
            {
              "type": "integer"
            },
            {
              "$ref": "https://schema.management.azure.com/schemas/common/definitions.json#/definitions/expression"
            }
          ],
          "description": "The size of the Redis cache to deploy. Valid values: for C (Basic/Standard) family (0, 1, 2, 3, 4, 5, 6), for P (Premium) family (1, 2, 3, 4)."
        },
        "family": {
          "oneOf": [
            {
              "type": "string",
              "enum": [
                "C",
                "P"
              ]
            },
            {
              "$ref": "https://schema.management.azure.com/schemas/common/definitions.json#/definitions/expression"
            }
          ],
          "description": "The SKU family to use. Valid values: (C, P). (C = Basic/Standard, P = Premium)."
        },
        "name": {
          "oneOf": [
            {
              "type": "string",
              "enum": [
                "Basic",
                "Standard",
                "Premium"
              ]
            },
            {
              "$ref": "https://schema.management.azure.com/schemas/common/definitions.json#/definitions/expression"
            }
          ],
          "description": "The type of Redis cache to deploy. Valid values: (Basic, Standard, Premium)."
        }
      },
      "required": [
        "capacity",
        "family",
        "name"
      ],
      "description": "SKU parameters supplied to the create Redis operation."
    }
  }
}