{
  "id": "https://schema.management.azure.com/schemas/2018-04-16/Microsoft.Insights.json#",
  "$schema": "http://json-schema.org/draft-04/schema#",
  "title": "Microsoft.Insights",
  "description": "Microsoft Insights Resource Types",
  "resourceDefinitions": {
    "scheduledQueryRules": {
      "type": "object",
      "properties": {
        "apiVersion": {
          "type": "string",
          "enum": [
            "2018-04-16"
          ]
        },
        "location": {
          "type": "string",
          "description": "Resource location"
        },
        "name": {
          "type": "string",
          "description": "The name of the rule."
        },
        "properties": {
          "oneOf": [
            {
              "$ref": "#/definitions/LogSearchRule"
            },
            {
              "$ref": "https://schema.management.azure.com/schemas/common/definitions.json#/definitions/expression"
            }
          ],
          "description": "Log Search Rule Definition"
        },
        "tags": {
          "oneOf": [
            {
              "type": "object",
              "additionalProperties": {
                "type": "string"
              },
              "properties": {}
            },
            {
              "$ref": "https://schema.management.azure.com/schemas/common/definitions.json#/definitions/expression"
            }
          ],
          "description": "Resource tags"
        },
        "type": {
          "type": "string",
          "enum": [
            "Microsoft.Insights/scheduledQueryRules"
          ]
        }
      },
      "required": [
        "apiVersion",
        "location",
        "name",
        "properties",
        "type"
      ],
      "description": "Microsoft.Insights/scheduledQueryRules"
    }
  },
  "definitions": {
    "Action": {
      "type": "object",
      "oneOf": [
        {
          "$ref": "#/definitions/AlertingAction"
        },
        {
          "$ref": "#/definitions/LogToMetricAction"
        }
      ],
      "properties": {},
      "description": "Action descriptor."
    },
    "AlertingAction": {
      "type": "object",
      "properties": {
        "aznsAction": {
          "oneOf": [
            {
              "$ref": "#/definitions/AzNsActionGroup"
            },
            {
              "$ref": "https://schema.management.azure.com/schemas/common/definitions.json#/definitions/expression"
            }
          ],
          "description": "Azure action group"
        },
        "odata.type": {
          "type": "string",
          "enum": [
            "Microsoft.WindowsAzure.Management.Monitoring.Alerts.Models.Microsoft.AppInsights.Nexus.DataContracts.Resources.ScheduledQueryRules.AlertingAction"
          ]
        },
        "severity": {
          "oneOf": [
            {
              "type": "string",
              "enum": [
                "0",
                "1",
                "2",
                "3",
                "4"
              ]
            },
            {
              "$ref": "https://schema.management.azure.com/schemas/common/definitions.json#/definitions/expression"
            }
          ],
          "description": "Severity of the alert."
        },
        "throttlingInMin": {
          "oneOf": [
            {
              "type": "integer"
            },
            {
              "$ref": "https://schema.management.azure.com/schemas/common/definitions.json#/definitions/expression"
            }
          ],
          "description": "time (in minutes) for which Alerts should be throttled or suppressed."
        },
        "trigger": {
          "oneOf": [
            {
              "$ref": "#/definitions/TriggerCondition"
            },
            {
              "$ref": "https://schema.management.azure.com/schemas/common/definitions.json#/definitions/expression"
            }
          ],
          "description": "The condition that results in the Log Search rule."
        }
      },
      "required": [
        "odata.type",
        "severity",
        "trigger"
      ],
      "description": "Specify action need to be taken when rule type is Alert"
    },
    "AzNsActionGroup": {
      "type": "object",
      "properties": {
        "actionGroup": {
          "oneOf": [
            {
              "type": "array",
              "items": {
                "type": "string"
              }
            },
            {
              "$ref": "https://schema.management.azure.com/schemas/common/definitions.json#/definitions/expression"
            }
          ],
          "description": "Azure Action Group reference."
        },
        "customWebhookPayload": {
          "type": "string",
          "description": "Custom payload to be sent for all webhook URI in Azure action group"
        },
        "emailSubject": {
          "type": "string",
          "description": "Custom subject override for all email ids in Azure action group"
        }
      },
      "description": "Azure action group"
    },
    "Criteria": {
      "type": "object",
      "properties": {
        "dimensions": {
          "oneOf": [
            {
              "type": "array",
              "items": {
                "$ref": "#/definitions/Dimension"
              }
            },
            {
              "$ref": "https://schema.management.azure.com/schemas/common/definitions.json#/definitions/expression"
            }
          ],
          "description": "List of Dimensions for creating metric"
        },
        "metricName": {
          "type": "string",
          "description": "Name of the metric"
        }
      },
      "required": [
        "metricName"
      ],
      "description": "Specifies the criteria for converting log to metric."
    },
    "Dimension": {
      "type": "object",
      "properties": {
        "name": {
          "type": "string",
          "description": "Name of the dimension"
        },
        "operator": {
          "oneOf": [
            {
              "type": "string",
              "enum": [
                "Include"
              ]
            },
            {
              "$ref": "https://schema.management.azure.com/schemas/common/definitions.json#/definitions/expression"
            }
          ],
          "description": "Operator for dimension values"
        },
        "values": {
          "oneOf": [
            {
              "type": "array",
              "items": {
                "type": "string"
              }
            },
            {
              "$ref": "https://schema.management.azure.com/schemas/common/definitions.json#/definitions/expression"
            }
          ],
          "description": "List of dimension values"
        }
      },
      "required": [
        "name",
        "operator",
        "values"
      ],
      "description": "Specifies the criteria for converting log to metric."
    },
    "LogMetricTrigger": {
      "type": "object",
      "properties": {
        "metricColumn": {
          "type": "string",
          "description": "Evaluation of metric on a particular column"
        },
        "metricTriggerType": {
          "oneOf": [
            {
              "type": "string",
              "enum": [
                "Consecutive",
                "Total"
              ]
            },
            {
              "$ref": "https://schema.management.azure.com/schemas/common/definitions.json#/definitions/expression"
            }
          ],
          "description": "Metric Trigger Type - 'Consecutive' or 'Total'."
        },
        "threshold": {
          "oneOf": [
            {
              "type": "number"
            },
            {
              "$ref": "https://schema.management.azure.com/schemas/common/definitions.json#/definitions/expression"
            }
          ],
          "description": "The threshold of the metric trigger."
        },
        "thresholdOperator": {
          "oneOf": [
            {
              "type": "string",
              "enum": [
                "GreaterThan",
                "LessThan",
                "Equal"
              ]
            },
            {
              "$ref": "https://schema.management.azure.com/schemas/common/definitions.json#/definitions/expression"
            }
          ],
          "description": "Evaluation operation for Metric -'GreaterThan' or 'LessThan' or 'Equal'."
        }
      },
      "description": "A log metrics trigger descriptor."
    },
    "LogSearchRule": {
      "type": "object",
      "properties": {
        "action": {
          "oneOf": [
            {
              "$ref": "#/definitions/Action"
            },
            {
              "$ref": "https://schema.management.azure.com/schemas/common/definitions.json#/definitions/expression"
            }
          ],
          "description": "Action descriptor."
        },
        "description": {
          "type": "string",
          "description": "The description of the Log Search rule."
        },
        "enabled": {
          "oneOf": [
            {
              "type": "string",
              "enum": [
                "true",
                "false"
              ]
            },
            {
              "$ref": "https://schema.management.azure.com/schemas/common/definitions.json#/definitions/expression"
            }
          ],
          "description": "The flag which indicates whether the Log Search rule is enabled. Value should be true or false."
        },
        "schedule": {
          "oneOf": [
            {
              "$ref": "#/definitions/Schedule"
            },
            {
              "$ref": "https://schema.management.azure.com/schemas/common/definitions.json#/definitions/expression"
            }
          ],
          "description": "Defines how often to run the search and the time interval."
        },
        "source": {
          "oneOf": [
            {
              "$ref": "#/definitions/Source"
            },
            {
              "$ref": "https://schema.management.azure.com/schemas/common/definitions.json#/definitions/expression"
            }
          ],
          "description": "Specifies the log search query."
        }
      },
      "required": [
        "action",
        "source"
      ],
      "description": "Log Search Rule Definition"
    },
    "LogToMetricAction": {
      "type": "object",
      "properties": {
        "criteria": {
          "oneOf": [
            {
              "type": "array",
              "items": {
                "$ref": "#/definitions/Criteria"
              }
            },
            {
              "$ref": "https://schema.management.azure.com/schemas/common/definitions.json#/definitions/expression"
            }
          ],
          "description": "Criteria of Metric"
        },
        "odata.type": {
          "type": "string",
          "enum": [
            "Microsoft.WindowsAzure.Management.Monitoring.Alerts.Models.Microsoft.AppInsights.Nexus.DataContracts.Resources.ScheduledQueryRules.LogToMetricAction"
          ]
        }
      },
      "required": [
        "criteria",
        "odata.type"
      ],
      "description": "Specify action need to be taken when rule type is converting log to metric"
    },
    "Schedule": {
      "type": "object",
      "properties": {
        "frequencyInMinutes": {
          "oneOf": [
            {
              "type": "integer"
            },
            {
              "$ref": "https://schema.management.azure.com/schemas/common/definitions.json#/definitions/expression"
            }
          ],
          "description": "frequency (in minutes) at which rule condition should be evaluated."
        },
        "timeWindowInMinutes": {
          "oneOf": [
            {
              "type": "integer"
            },
            {
              "$ref": "https://schema.management.azure.com/schemas/common/definitions.json#/definitions/expression"
            }
          ],
          "description": "Time window for which data needs to be fetched for query (should be greater than or equal to frequencyInMinutes)."
        }
      },
      "required": [
        "frequencyInMinutes",
        "timeWindowInMinutes"
      ],
      "description": "Defines how often to run the search and the time interval."
    },
    "Source": {
      "type": "object",
      "properties": {
        "authorizedResources": {
          "oneOf": [
            {
              "type": "array",
              "items": {
                "type": "string"
              }
            },
            {
              "$ref": "https://schema.management.azure.com/schemas/common/definitions.json#/definitions/expression"
            }
          ],
          "description": "List of  Resource referred into query"
        },
        "dataSourceId": {
          "type": "string",
          "description": "The resource uri over which log search query is to be run."
        },
        "query": {
          "type": "string",
          "description": "Log search query. Required for action type - AlertingAction"
        },
        "queryType": {
          "oneOf": [
            {
              "type": "string",
              "enum": [
                "ResultCount"
              ]
            },
            {
              "$ref": "https://schema.management.azure.com/schemas/common/definitions.json#/definitions/expression"
            }
          ],
          "description": "Set value to 'ResultCount'."
        }
      },
      "required": [
        "dataSourceId"
      ],
      "description": "Specifies the log search query."
    },
    "TriggerCondition": {
      "type": "object",
      "properties": {
        "metricTrigger": {
          "oneOf": [
            {
              "$ref": "#/definitions/LogMetricTrigger"
            },
            {
              "$ref": "https://schema.management.azure.com/schemas/common/definitions.json#/definitions/expression"
            }
          ],
          "description": "A log metrics trigger descriptor."
        },
        "threshold": {
          "oneOf": [
            {
              "type": "number"
            },
            {
              "$ref": "https://schema.management.azure.com/schemas/common/definitions.json#/definitions/expression"
            }
          ],
          "description": "Result or count threshold based on which rule should be triggered."
        },
        "thresholdOperator": {
          "oneOf": [
            {
              "type": "string",
              "enum": [
                "GreaterThan",
                "LessThan",
                "Equal"
              ]
            },
            {
              "$ref": "https://schema.management.azure.com/schemas/common/definitions.json#/definitions/expression"
            }
          ],
          "description": "Evaluation operation for rule - 'GreaterThan' or 'LessThan."
        }
      },
      "required": [
        "threshold",
        "thresholdOperator"
      ],
      "description": "The condition that results in the Log Search rule."
    }
  }
}