{
  "id": "https://schema.management.azure.com/schemas/2018-03-01/Microsoft.BatchAI.json#",
  "$schema": "http://json-schema.org/draft-04/schema#",
  "title": "Microsoft.BatchAI",
  "description": "Microsoft BatchAI Resource Types",
  "resourceDefinitions": {
    "clusters": {
      "type": "object",
      "properties": {
        "apiVersion": {
          "type": "string",
          "enum": [
            "2018-03-01"
          ]
        },
        "location": {
          "type": "string",
          "description": "The region in which to create the cluster."
        },
        "name": {
          "oneOf": [
            {
              "type": "string",
              "pattern": "^[-\\w\\._]+$",
              "minLength": 1,
              "maxLength": 64
            },
            {
              "$ref": "https://schema.management.azure.com/schemas/common/definitions.json#/definitions/expression"
            }
          ],
          "description": "The name of the cluster within the specified resource group. Cluster names can only contain a combination of alphanumeric characters along with dash (-) and underscore (_). The name must be from 1 through 64 characters long."
        },
        "properties": {
          "oneOf": [
            {
              "$ref": "#/definitions/ClusterBaseProperties"
            },
            {
              "$ref": "https://schema.management.azure.com/schemas/common/definitions.json#/definitions/expression"
            }
          ],
          "description": "The properties of a Cluster."
        },
        "tags": {
          "oneOf": [
            {
              "type": "object",
              "additionalProperties": {
                "type": "string"
              },
              "properties": {}
            },
            {
              "$ref": "https://schema.management.azure.com/schemas/common/definitions.json#/definitions/expression"
            }
          ],
          "description": "The user specified tags associated with the Cluster."
        },
        "type": {
          "type": "string",
          "enum": [
            "Microsoft.BatchAI/clusters"
          ]
        }
      },
      "required": [
        "apiVersion",
        "location",
        "name",
        "properties",
        "type"
      ],
      "description": "Microsoft.BatchAI/clusters"
    },
    "fileServers": {
      "type": "object",
      "properties": {
        "apiVersion": {
          "type": "string",
          "enum": [
            "2018-03-01"
          ]
        },
        "location": {
          "type": "string",
          "description": "The region in which to create the File Server."
        },
        "name": {
          "oneOf": [
            {
              "type": "string",
              "pattern": "^[-\\w\\._]+$",
              "minLength": 1,
              "maxLength": 64
            },
            {
              "$ref": "https://schema.management.azure.com/schemas/common/definitions.json#/definitions/expression"
            }
          ],
          "description": "The name of the file server within the specified resource group. File server names can only contain a combination of alphanumeric characters along with dash (-) and underscore (_). The name must be from 1 through 64 characters long."
        },
        "properties": {
          "oneOf": [
            {
              "$ref": "#/definitions/FileServerBaseProperties"
            },
            {
              "$ref": "https://schema.management.azure.com/schemas/common/definitions.json#/definitions/expression"
            }
          ],
          "description": "The properties of a file server."
        },
        "tags": {
          "oneOf": [
            {
              "type": "object",
              "additionalProperties": {
                "type": "string"
              },
              "properties": {}
            },
            {
              "$ref": "https://schema.management.azure.com/schemas/common/definitions.json#/definitions/expression"
            }
          ],
          "description": "The user specified tags associated with the File Server."
        },
        "type": {
          "type": "string",
          "enum": [
            "Microsoft.BatchAI/fileServers"
          ]
        }
      },
      "required": [
        "apiVersion",
        "location",
        "name",
        "properties",
        "type"
      ],
      "description": "Microsoft.BatchAI/fileServers"
    },
    "jobs": {
      "type": "object",
      "properties": {
        "apiVersion": {
          "type": "string",
          "enum": [
            "2018-03-01"
          ]
        },
        "location": {
          "type": "string",
          "description": "The region in which to create the job."
        },
        "name": {
          "oneOf": [
            {
              "type": "string",
              "pattern": "^[-\\w\\._]+$",
              "minLength": 1,
              "maxLength": 64
            },
            {
              "$ref": "https://schema.management.azure.com/schemas/common/definitions.json#/definitions/expression"
            }
          ],
          "description": "The name of the job within the specified resource group. Job names can only contain a combination of alphanumeric characters along with dash (-) and underscore (_). The name must be from 1 through 64 characters long."
        },
        "properties": {
          "oneOf": [
            {
              "$ref": "#/definitions/JobBaseProperties"
            },
            {
              "$ref": "https://schema.management.azure.com/schemas/common/definitions.json#/definitions/expression"
            }
          ],
          "description": "The properties of a Batch AI job."
        },
        "tags": {
          "oneOf": [
            {
              "type": "object",
              "additionalProperties": {
                "type": "string"
              },
              "properties": {}
            },
            {
              "$ref": "https://schema.management.azure.com/schemas/common/definitions.json#/definitions/expression"
            }
          ],
          "description": "The user specified tags associated with the job."
        },
        "type": {
          "type": "string",
          "enum": [
            "Microsoft.BatchAI/jobs"
          ]
        }
      },
      "required": [
        "apiVersion",
        "location",
        "name",
        "properties",
        "type"
      ],
      "description": "Microsoft.BatchAI/jobs"
    }
  },
  "definitions": {
    "AppInsightsReference": {
      "type": "object",
      "properties": {
        "component": {
          "oneOf": [
            {
              "$ref": "#/definitions/ResourceId"
            },
            {
              "$ref": "https://schema.management.azure.com/schemas/common/definitions.json#/definitions/expression"
            }
          ],
          "description": "Represents a resource ID. For example, for a subnet, it is the resource URL for the subnet."
        },
        "instrumentationKey": {
          "type": "string"
        },
        "instrumentationKeySecretReference": {
          "oneOf": [
            {
              "$ref": "#/definitions/KeyVaultSecretReference"
            },
            {
              "$ref": "https://schema.management.azure.com/schemas/common/definitions.json#/definitions/expression"
            }
          ],
          "description": "Describes a reference to Key Vault Secret."
        }
      },
      "required": [
        "component"
      ],
      "description": "Specifies Azure Application Insights information for performance counters reporting."
    },
    "AutoScaleSettings": {
      "type": "object",
      "properties": {
        "initialNodeCount": {
          "oneOf": [
            {
              "type": "integer",
              "default": "0"
            },
            {
              "$ref": "https://schema.management.azure.com/schemas/common/definitions.json#/definitions/expression"
            }
          ]
        },
        "maximumNodeCount": {
          "oneOf": [
            {
              "type": "integer"
            },
            {
              "$ref": "https://schema.management.azure.com/schemas/common/definitions.json#/definitions/expression"
            }
          ]
        },
        "minimumNodeCount": {
          "oneOf": [
            {
              "type": "integer"
            },
            {
              "$ref": "https://schema.management.azure.com/schemas/common/definitions.json#/definitions/expression"
            }
          ]
        }
      },
      "required": [
        "maximumNodeCount",
        "minimumNodeCount"
      ],
      "description": "The system automatically scales the cluster up and down (within minimumNodeCount and maximumNodeCount) based on the pending and running jobs on the cluster."
    },
    "AzureBlobFileSystemReference": {
      "type": "object",
      "properties": {
        "accountName": {
          "type": "string"
        },
        "containerName": {
          "type": "string"
        },
        "credentials": {
          "oneOf": [
            {
              "$ref": "#/definitions/AzureStorageCredentialsInfo"
            },
            {
              "$ref": "https://schema.management.azure.com/schemas/common/definitions.json#/definitions/expression"
            }
          ],
          "description": "Credentials to access Azure File Share."
        },
        "mountOptions": {
          "type": "string"
        },
        "relativeMountPath": {
          "type": "string",
          "description": "Note that all cluster level blob file systems will be mounted under $AZ_BATCHAI_MOUNT_ROOT location and all job level blob file systems will be mounted under $AZ_BATCHAI_JOB_MOUNT_ROOT."
        }
      },
      "required": [
        "accountName",
        "containerName",
        "credentials",
        "relativeMountPath"
      ],
      "description": "Provides required information, for the service to be able to mount Azure Blob Storage container on the cluster nodes."
    },
    "AzureFileShareReference": {
      "type": "object",
      "properties": {
        "accountName": {
          "type": "string"
        },
        "azureFileUrl": {
          "type": "string"
        },
        "credentials": {
          "oneOf": [
            {
              "$ref": "#/definitions/AzureStorageCredentialsInfo"
            },
            {
              "$ref": "https://schema.management.azure.com/schemas/common/definitions.json#/definitions/expression"
            }
          ],
          "description": "Credentials to access Azure File Share."
        },
        "directoryMode": {
          "type": "string",
          "default": "0777",
          "description": "Default value is 0777. Valid only if OS is linux."
        },
        "fileMode": {
          "type": "string",
          "default": "0777",
          "description": "Default value is 0777. Valid only if OS is linux."
        },
        "relativeMountPath": {
          "type": "string",
          "description": "Note that all cluster level file shares will be mounted under $AZ_BATCHAI_MOUNT_ROOT location and all job level file shares will be mounted under $AZ_BATCHAI_JOB_MOUNT_ROOT."
        }
      },
      "required": [
        "accountName",
        "azureFileUrl",
        "credentials",
        "relativeMountPath"
      ],
      "description": "Details of the Azure File Share to mount on the cluster."
    },
    "AzureStorageCredentialsInfo": {
      "type": "object",
      "properties": {
        "accountKey": {
          "type": "string",
          "description": "One of accountKey or accountKeySecretReference must be specified."
        },
        "accountKeySecretReference": {
          "oneOf": [
            {
              "$ref": "#/definitions/KeyVaultSecretReference"
            },
            {
              "$ref": "https://schema.management.azure.com/schemas/common/definitions.json#/definitions/expression"
            }
          ],
          "description": "Describes a reference to Key Vault Secret."
        }
      },
      "description": "Credentials to access Azure File Share."
    },
    "Caffe2Settings": {
      "type": "object",
      "properties": {
        "commandLineArgs": {
          "type": "string"
        },
        "pythonInterpreterPath": {
          "type": "string"
        },
        "pythonScriptFilePath": {
          "type": "string"
        }
      },
      "required": [
        "pythonScriptFilePath"
      ],
      "description": "Specifies the settings for Caffe2 job."
    },
    "CaffeSettings": {
      "type": "object",
      "properties": {
        "commandLineArgs": {
          "type": "string"
        },
        "configFilePath": {
          "type": "string",
          "description": "This property cannot be specified if pythonScriptFilePath is specified."
        },
        "processCount": {
          "oneOf": [
            {
              "type": "integer"
            },
            {
              "$ref": "https://schema.management.azure.com/schemas/common/definitions.json#/definitions/expression"
            }
          ],
          "description": "The default value for this property is equal to nodeCount property"
        },
        "pythonInterpreterPath": {
          "type": "string",
          "description": "This property can be specified only if the pythonScriptFilePath is specified."
        },
        "pythonScriptFilePath": {
          "type": "string",
          "description": "This property cannot be specified if configFilePath is specified."
        }
      },
      "description": "Specifies the settings for Caffe job."
    },
    "ChainerSettings": {
      "type": "object",
      "properties": {
        "commandLineArgs": {
          "type": "string"
        },
        "processCount": {
          "oneOf": [
            {
              "type": "integer"
            },
            {
              "$ref": "https://schema.management.azure.com/schemas/common/definitions.json#/definitions/expression"
            }
          ],
          "description": "The default value for this property is equal to nodeCount property"
        },
        "pythonInterpreterPath": {
          "type": "string"
        },
        "pythonScriptFilePath": {
          "type": "string"
        }
      },
      "required": [
        "pythonScriptFilePath"
      ],
      "description": "Specifies the settings for Chainer job."
    },
    "ClusterBaseProperties": {
      "type": "object",
      "properties": {
        "nodeSetup": {
          "oneOf": [
            {
              "$ref": "#/definitions/NodeSetup"
            },
            {
              "$ref": "https://schema.management.azure.com/schemas/common/definitions.json#/definitions/expression"
            }
          ],
          "description": "Use this to prepare the VM. NOTE: The volumes specified in mountVolumes are mounted first and then the setupTask is run. Therefore the setup task can use local mountPaths in its execution."
        },
        "scaleSettings": {
          "oneOf": [
            {
              "$ref": "#/definitions/ScaleSettings"
            },
            {
              "$ref": "https://schema.management.azure.com/schemas/common/definitions.json#/definitions/expression"
            }
          ],
          "description": "At least one of manual or autoScale settings must be specified. Only one of manual or autoScale settings can be specified. If autoScale settings are specified, the system automatically scales the cluster up and down (within the supplied limits) based on the pending jobs on the cluster."
        },
        "subnet": {
          "oneOf": [
            {
              "$ref": "#/definitions/ResourceId"
            },
            {
              "$ref": "https://schema.management.azure.com/schemas/common/definitions.json#/definitions/expression"
            }
          ],
          "description": "Represents a resource ID. For example, for a subnet, it is the resource URL for the subnet."
        },
        "userAccountSettings": {
          "oneOf": [
            {
              "$ref": "#/definitions/UserAccountSettings"
            },
            {
              "$ref": "https://schema.management.azure.com/schemas/common/definitions.json#/definitions/expression"
            }
          ],
          "description": "Settings for user account that gets created on each on the nodes of a cluster."
        },
        "virtualMachineConfiguration": {
          "oneOf": [
            {
              "$ref": "#/definitions/VirtualMachineConfiguration"
            },
            {
              "$ref": "https://schema.management.azure.com/schemas/common/definitions.json#/definitions/expression"
            }
          ],
          "description": "Settings for OS image."
        },
        "vmPriority": {
          "oneOf": [
            {
              "type": "string",
              "enum": [
                "dedicated",
                "lowpriority"
              ]
            },
            {
              "$ref": "https://schema.management.azure.com/schemas/common/definitions.json#/definitions/expression"
            }
          ],
          "description": "Default is dedicated."
        },
        "vmSize": {
          "type": "string",
          "description": "All virtual machines in a cluster are the same size. For information about available VM sizes for clusters using images from the Virtual Machines Marketplace (see Sizes for Virtual Machines (Linux) or Sizes for Virtual Machines (Windows). Batch AI service supports all Azure VM sizes except STANDARD_A0 and those with premium storage (STANDARD_GS, STANDARD_DS, and STANDARD_DSV2 series)."
        }
      },
      "required": [
        "userAccountSettings",
        "vmSize"
      ],
      "description": "The properties of a Cluster."
    },
    "CNTKsettings": {
      "type": "object",
      "properties": {
        "commandLineArgs": {
          "type": "string"
        },
        "configFilePath": {
          "type": "string",
          "description": "This property can be specified only if the languageType is 'BrainScript'."
        },
        "languageType": {
          "type": "string",
          "description": "Valid values are 'BrainScript' or 'Python'."
        },
        "processCount": {
          "oneOf": [
            {
              "type": "integer"
            },
            {
              "$ref": "https://schema.management.azure.com/schemas/common/definitions.json#/definitions/expression"
            }
          ],
          "description": "The default value for this property is equal to nodeCount property"
        },
        "pythonInterpreterPath": {
          "type": "string",
          "description": "This property can be specified only if the languageType is 'Python'."
        },
        "pythonScriptFilePath": {
          "type": "string",
          "description": "This property can be specified only if the languageType is 'Python'."
        }
      },
      "description": "Specifies the settings for CNTK (aka Microsoft Cognitive Toolkit) job."
    },
    "ContainerSettings": {
      "type": "object",
      "properties": {
        "imageSourceRegistry": {
          "oneOf": [
            {
              "$ref": "#/definitions/ImageSourceRegistry"
            },
            {
              "$ref": "https://schema.management.azure.com/schemas/common/definitions.json#/definitions/expression"
            }
          ],
          "description": "Details of the container image such as name, URL and credentials."
        }
      },
      "required": [
        "imageSourceRegistry"
      ],
      "description": "Settings for the container to be downloaded."
    },
    "CustomToolkitSettings": {
      "type": "object",
      "properties": {
        "commandLine": {
          "type": "string"
        }
      },
      "description": "Specifies the settings for a custom tool kit job."
    },
    "DataDisks": {
      "type": "object",
      "properties": {
        "cachingType": {
          "oneOf": [
            {
              "type": "string",
              "enum": [
                "none",
                "readonly",
                "readwrite"
              ]
            },
            {
              "$ref": "https://schema.management.azure.com/schemas/common/definitions.json#/definitions/expression"
            }
          ]
        },
        "diskCount": {
          "oneOf": [
            {
              "type": "integer"
            },
            {
              "$ref": "https://schema.management.azure.com/schemas/common/definitions.json#/definitions/expression"
            }
          ]
        },
        "diskSizeInGB": {
          "oneOf": [
            {
              "type": "integer"
            },
            {
              "$ref": "https://schema.management.azure.com/schemas/common/definitions.json#/definitions/expression"
            }
          ]
        },
        "storageAccountType": {
          "oneOf": [
            {
              "type": "string",
              "enum": [
                "Standard_LRS",
                "Premium_LRS"
              ]
            },
            {
              "$ref": "https://schema.management.azure.com/schemas/common/definitions.json#/definitions/expression"
            }
          ]
        }
      },
      "required": [
        "diskCount",
        "diskSizeInGB",
        "storageAccountType"
      ],
      "description": "Settings for the data disk which would be created for the File Server."
    },
    "EnvironmentVariable": {
      "type": "object",
      "properties": {
        "name": {
          "type": "string"
        },
        "value": {
          "type": "string"
        }
      },
      "required": [
        "name",
        "value"
      ],
      "description": "A collection of environment variables to set."
    },
    "EnvironmentVariableWithSecretValue": {
      "type": "object",
      "properties": {
        "name": {
          "type": "string"
        },
        "value": {
          "type": "string"
        },
        "valueSecretReference": {
          "oneOf": [
            {
              "$ref": "#/definitions/KeyVaultSecretReference"
            },
            {
              "$ref": "https://schema.management.azure.com/schemas/common/definitions.json#/definitions/expression"
            }
          ],
          "description": "Describes a reference to Key Vault Secret."
        }
      },
      "required": [
        "name"
      ],
      "description": "A collection of environment variables with secret values to set."
    },
    "FileServerBaseProperties": {
      "type": "object",
      "properties": {
        "dataDisks": {
          "oneOf": [
            {
              "$ref": "#/definitions/DataDisks"
            },
            {
              "$ref": "https://schema.management.azure.com/schemas/common/definitions.json#/definitions/expression"
            }
          ],
          "description": "Settings for the data disk which would be created for the File Server."
        },
        "sshConfiguration": {
          "oneOf": [
            {
              "$ref": "#/definitions/SshConfiguration"
            },
            {
              "$ref": "https://schema.management.azure.com/schemas/common/definitions.json#/definitions/expression"
            }
          ],
          "description": "SSH configuration settings for the VM"
        },
        "subnet": {
          "oneOf": [
            {
              "$ref": "#/definitions/ResourceId"
            },
            {
              "$ref": "https://schema.management.azure.com/schemas/common/definitions.json#/definitions/expression"
            }
          ],
          "description": "Represents a resource ID. For example, for a subnet, it is the resource URL for the subnet."
        },
        "vmSize": {
          "type": "string",
          "description": "For information about available VM sizes for fileservers from the Virtual Machines Marketplace, see Sizes for Virtual Machines (Linux)."
        }
      },
      "required": [
        "dataDisks",
        "sshConfiguration",
        "vmSize"
      ],
      "description": "The properties of a file server."
    },
    "FileServerReference": {
      "type": "object",
      "properties": {
        "fileServer": {
          "oneOf": [
            {
              "$ref": "#/definitions/ResourceId"
            },
            {
              "$ref": "https://schema.management.azure.com/schemas/common/definitions.json#/definitions/expression"
            }
          ],
          "description": "Represents a resource ID. For example, for a subnet, it is the resource URL for the subnet."
        },
        "mountOptions": {
          "type": "string"
        },
        "relativeMountPath": {
          "type": "string",
          "description": "Note that all cluster level file servers will be mounted under $AZ_BATCHAI_MOUNT_ROOT location and job level file servers will be mounted under $AZ_BATCHAI_JOB_MOUNT_ROOT."
        },
        "sourceDirectory": {
          "type": "string",
          "description": "If this property is not specified, the entire File Server will be mounted."
        }
      },
      "required": [
        "fileServer",
        "relativeMountPath"
      ],
      "description": "Provides required information, for the service to be able to mount Azure FileShare on the cluster nodes."
    },
    "ImageReference": {
      "type": "object",
      "properties": {
        "offer": {
          "type": "string"
        },
        "publisher": {
          "type": "string"
        },
        "sku": {
          "type": "string"
        },
        "version": {
          "type": "string"
        },
        "virtualMachineImageId": {
          "type": "string",
          "description": "The virtual machine image must be in the same region and subscription as the cluster. For information about the firewall settings for the Batch node agent to communicate with the Batch service see https://docs.microsoft.com/en-us/azure/batch/batch-api-basics#virtual-network-vnet-and-firewall-configuration. Note, you need to provide publisher, offer and sku of the base OS image of which the custom image has been derived from."
        }
      },
      "required": [
        "offer",
        "publisher",
        "sku"
      ],
      "description": "The image reference."
    },
    "ImageSourceRegistry": {
      "type": "object",
      "properties": {
        "credentials": {
          "oneOf": [
            {
              "$ref": "#/definitions/PrivateRegistryCredentials"
            },
            {
              "$ref": "https://schema.management.azure.com/schemas/common/definitions.json#/definitions/expression"
            }
          ],
          "description": "Credentials to access a container image in a private repository."
        },
        "image": {
          "type": "string"
        },
        "serverUrl": {
          "type": "string"
        }
      },
      "required": [
        "image"
      ],
      "description": "Details of the container image such as name, URL and credentials."
    },
    "InputDirectory": {
      "type": "object",
      "properties": {
        "id": {
          "type": "string",
          "description": "The path of the input directory will be available as a value of an environment variable with AZ_BATCHAI_INPUT_<id> name, where <id> is the value of id attribute."
        },
        "path": {
          "type": "string"
        }
      },
      "required": [
        "id",
        "path"
      ],
      "description": "Input directory for the job."
    },
    "JobBaseProperties": {
      "type": "object",
      "properties": {
        "caffe2Settings": {
          "oneOf": [
            {
              "$ref": "#/definitions/Caffe2Settings"
            },
            {
              "$ref": "https://schema.management.azure.com/schemas/common/definitions.json#/definitions/expression"
            }
          ],
          "description": "Specifies the settings for Caffe2 job."
        },
        "caffeSettings": {
          "oneOf": [
            {
              "$ref": "#/definitions/CaffeSettings"
            },
            {
              "$ref": "https://schema.management.azure.com/schemas/common/definitions.json#/definitions/expression"
            }
          ],
          "description": "Specifies the settings for Caffe job."
        },
        "chainerSettings": {
          "oneOf": [
            {
              "$ref": "#/definitions/ChainerSettings"
            },
            {
              "$ref": "https://schema.management.azure.com/schemas/common/definitions.json#/definitions/expression"
            }
          ],
          "description": "Specifies the settings for Chainer job."
        },
        "cluster": {
          "oneOf": [
            {
              "$ref": "#/definitions/ResourceId"
            },
            {
              "$ref": "https://schema.management.azure.com/schemas/common/definitions.json#/definitions/expression"
            }
          ],
          "description": "Represents a resource ID. For example, for a subnet, it is the resource URL for the subnet."
        },
        "cntkSettings": {
          "oneOf": [
            {
              "$ref": "#/definitions/CNTKsettings"
            },
            {
              "$ref": "https://schema.management.azure.com/schemas/common/definitions.json#/definitions/expression"
            }
          ],
          "description": "Specifies the settings for CNTK (aka Microsoft Cognitive Toolkit) job."
        },
        "constraints": {
          "oneOf": [
            {
              "$ref": "#/definitions/JobBasePropertiesConstraints"
            },
            {
              "$ref": "https://schema.management.azure.com/schemas/common/definitions.json#/definitions/expression"
            }
          ],
          "description": "Constraints associated with the Job."
        },
        "containerSettings": {
          "oneOf": [
            {
              "$ref": "#/definitions/ContainerSettings"
            },
            {
              "$ref": "https://schema.management.azure.com/schemas/common/definitions.json#/definitions/expression"
            }
          ],
          "description": "Settings for the container to be downloaded."
        },
        "customToolkitSettings": {
          "oneOf": [
            {
              "$ref": "#/definitions/CustomToolkitSettings"
            },
            {
              "$ref": "https://schema.management.azure.com/schemas/common/definitions.json#/definitions/expression"
            }
          ],
          "description": "Specifies the settings for a custom tool kit job."
        },
        "environmentVariables": {
          "oneOf": [
            {
              "type": "array",
              "items": {
                "$ref": "#/definitions/EnvironmentVariable"
              }
            },
            {
              "$ref": "https://schema.management.azure.com/schemas/common/definitions.json#/definitions/expression"
            }
          ],
          "description": "Batch AI will setup these additional environment variables for the job."
        },
        "experimentName": {
          "type": "string",
          "description": "Describe the experiment information of the job"
        },
        "inputDirectories": {
          "oneOf": [
            {
              "type": "array",
              "items": {
                "$ref": "#/definitions/InputDirectory"
              }
            },
            {
              "$ref": "https://schema.management.azure.com/schemas/common/definitions.json#/definitions/expression"
            }
          ]
        },
        "jobPreparation": {
          "oneOf": [
            {
              "$ref": "#/definitions/JobPreparation"
            },
            {
              "$ref": "https://schema.management.azure.com/schemas/common/definitions.json#/definitions/expression"
            }
          ],
          "description": "Specifies the settings for job preparation."
        },
        "mountVolumes": {
          "oneOf": [
            {
              "$ref": "#/definitions/MountVolumes"
            },
            {
              "$ref": "https://schema.management.azure.com/schemas/common/definitions.json#/definitions/expression"
            }
          ],
          "description": "Details of volumes to mount on the cluster."
        },
        "nodeCount": {
          "oneOf": [
            {
              "type": "integer"
            },
            {
              "$ref": "https://schema.management.azure.com/schemas/common/definitions.json#/definitions/expression"
            }
          ],
          "description": "The job will be gang scheduled on that many compute nodes"
        },
        "outputDirectories": {
          "oneOf": [
            {
              "type": "array",
              "items": {
                "$ref": "#/definitions/OutputDirectory"
              }
            },
            {
              "$ref": "https://schema.management.azure.com/schemas/common/definitions.json#/definitions/expression"
            }
          ]
        },
        "priority": {
          "oneOf": [
            {
              "type": "integer",
              "default": "0"
            },
            {
              "$ref": "https://schema.management.azure.com/schemas/common/definitions.json#/definitions/expression"
            }
          ],
          "description": "Priority associated with the job. Priority values can range from -1000 to 1000, with -1000 being the lowest priority and 1000 being the highest priority. The default value is 0."
        },
        "pyTorchSettings": {
          "oneOf": [
            {
              "$ref": "#/definitions/PyTorchSettings"
            },
            {
              "$ref": "https://schema.management.azure.com/schemas/common/definitions.json#/definitions/expression"
            }
          ],
          "description": "Specifies the settings for pyTorch job."
        },
        "secrets": {
          "oneOf": [
            {
              "type": "array",
              "items": {
                "$ref": "#/definitions/EnvironmentVariableWithSecretValue"
              }
            },
            {
              "$ref": "https://schema.management.azure.com/schemas/common/definitions.json#/definitions/expression"
            }
          ],
          "description": "Batch AI will setup these additional environment variables for the job. Server will never report values of these variables back."
        },
        "stdOutErrPathPrefix": {
          "type": "string",
          "description": "The path where the Batch AI service will upload stdout and stderror of the job."
        },
        "tensorFlowSettings": {
          "oneOf": [
            {
              "$ref": "#/definitions/TensorFlowSettings"
            },
            {
              "$ref": "https://schema.management.azure.com/schemas/common/definitions.json#/definitions/expression"
            }
          ],
          "description": "Specifies the settings for TensorFlow job."
        }
      },
      "required": [
        "cluster",
        "nodeCount",
        "stdOutErrPathPrefix"
      ],
      "description": "The properties of a Batch AI job."
    },
    "JobBasePropertiesConstraints": {
      "type": "object",
      "properties": {
        "maxWallClockTime": {
          "type": "string",
          "default": "7.00:00:00",
          "format": "duration",
          "description": "Default Value = 1 week."
        }
      },
      "description": "Constraints associated with the Job."
    },
    "JobPreparation": {
      "type": "object",
      "properties": {
        "commandLine": {
          "type": "string",
          "description": "If containerSettings is specified on the job, this commandLine will be executed in the same container as job. Otherwise it will be executed on the node."
        }
      },
      "required": [
        "commandLine"
      ],
      "description": "Specifies the settings for job preparation."
    },
    "KeyVaultSecretReference": {
      "type": "object",
      "properties": {
        "secretUrl": {
          "type": "string"
        },
        "sourceVault": {
          "oneOf": [
            {
              "$ref": "#/definitions/ResourceId"
            },
            {
              "$ref": "https://schema.management.azure.com/schemas/common/definitions.json#/definitions/expression"
            }
          ],
          "description": "Represents a resource ID. For example, for a subnet, it is the resource URL for the subnet."
        }
      },
      "required": [
        "secretUrl",
        "sourceVault"
      ],
      "description": "Describes a reference to Key Vault Secret."
    },
    "ManualScaleSettings": {
      "type": "object",
      "properties": {
        "nodeDeallocationOption": {
          "oneOf": [
            {
              "type": "string",
              "enum": [
                "requeue",
                "terminate",
                "waitforjobcompletion",
                "unknown"
              ]
            },
            {
              "$ref": "https://schema.management.azure.com/schemas/common/definitions.json#/definitions/expression"
            }
          ],
          "description": "The default value is requeue."
        },
        "targetNodeCount": {
          "oneOf": [
            {
              "type": "integer",
              "default": "0"
            },
            {
              "$ref": "https://schema.management.azure.com/schemas/common/definitions.json#/definitions/expression"
            }
          ],
          "description": "Default is 0. If autoScaleSettings are not specified, then the Cluster starts with this target."
        }
      },
      "required": [
        "targetNodeCount"
      ],
      "description": "Manual scale settings for the cluster."
    },
    "MountVolumes": {
      "type": "object",
      "properties": {
        "azureBlobFileSystems": {
          "oneOf": [
            {
              "type": "array",
              "items": {
                "$ref": "#/definitions/AzureBlobFileSystemReference"
              }
            },
            {
              "$ref": "https://schema.management.azure.com/schemas/common/definitions.json#/definitions/expression"
            }
          ],
          "description": "References to Azure Blob FUSE that are to be mounted to the cluster nodes."
        },
        "azureFileShares": {
          "oneOf": [
            {
              "type": "array",
              "items": {
                "$ref": "#/definitions/AzureFileShareReference"
              }
            },
            {
              "$ref": "https://schema.management.azure.com/schemas/common/definitions.json#/definitions/expression"
            }
          ],
          "description": "References to Azure File Shares that are to be mounted to the cluster nodes."
        },
        "fileServers": {
          "oneOf": [
            {
              "type": "array",
              "items": {
                "$ref": "#/definitions/FileServerReference"
              }
            },
            {
              "$ref": "https://schema.management.azure.com/schemas/common/definitions.json#/definitions/expression"
            }
          ]
        },
        "unmanagedFileSystems": {
          "oneOf": [
            {
              "type": "array",
              "items": {
                "$ref": "#/definitions/UnmanagedFileSystemReference"
              }
            },
            {
              "$ref": "https://schema.management.azure.com/schemas/common/definitions.json#/definitions/expression"
            }
          ]
        }
      },
      "description": "Details of volumes to mount on the cluster."
    },
    "NodeSetup": {
      "type": "object",
      "properties": {
        "mountVolumes": {
          "oneOf": [
            {
              "$ref": "#/definitions/MountVolumes"
            },
            {
              "$ref": "https://schema.management.azure.com/schemas/common/definitions.json#/definitions/expression"
            }
          ],
          "description": "Details of volumes to mount on the cluster."
        },
        "performanceCountersSettings": {
          "oneOf": [
            {
              "$ref": "#/definitions/PerformanceCountersSettings"
            },
            {
              "$ref": "https://schema.management.azure.com/schemas/common/definitions.json#/definitions/expression"
            }
          ],
          "description": "Performance counters reporting settings."
        },
        "setupTask": {
          "oneOf": [
            {
              "$ref": "#/definitions/SetupTask"
            },
            {
              "$ref": "https://schema.management.azure.com/schemas/common/definitions.json#/definitions/expression"
            }
          ],
          "description": "Specifies a setup task which can be used to customize the compute nodes of the cluster."
        }
      },
      "description": "Use this to prepare the VM. NOTE: The volumes specified in mountVolumes are mounted first and then the setupTask is run. Therefore the setup task can use local mountPaths in its execution."
    },
    "OutputDirectory": {
      "type": "object",
      "properties": {
        "createNew": {
          "oneOf": [
            {
              "type": "boolean",
              "default": true
            },
            {
              "$ref": "https://schema.management.azure.com/schemas/common/definitions.json#/definitions/expression"
            }
          ],
          "description": "Default is true. If false, then the directory is not created and can be any directory path that the user specifies."
        },
        "id": {
          "type": "string",
          "description": "The path of the output directory will be available as a value of an environment variable with AZ_BATCHAI_OUTPUT_<id> name, where <id> is the value of id attribute."
        },
        "pathPrefix": {
          "type": "string",
          "description": "NOTE: This is an absolute path to prefix. E.g. $AZ_BATCHAI_MOUNT_ROOT/MyNFS/MyLogs. You can find the full path to the output directory by combining pathPrefix, jobOutputDirectoryPathSegment (reported by get job) and pathSuffix."
        },
        "pathSuffix": {
          "type": "string",
          "description": "The suffix path where the output directory will be created. E.g. models. You can find the full path to the output directory by combining pathPrefix, jobOutputDirectoryPathSegment (reported by get job) and pathSuffix."
        },
        "type": {
          "oneOf": [
            {
              "type": "string",
              "enum": [
                "model",
                "logs",
                "summary",
                "custom"
              ]
            },
            {
              "$ref": "https://schema.management.azure.com/schemas/common/definitions.json#/definitions/expression"
            }
          ],
          "description": "Default value is Custom. The possible values are Model, Logs, Summary, and Custom. Users can use multiple enums for a single directory. Eg. outPutType='Model,Logs, Summary'."
        }
      },
      "required": [
        "id",
        "pathPrefix"
      ],
      "description": "Output directory for the job."
    },
    "PerformanceCountersSettings": {
      "type": "object",
      "properties": {
        "appInsightsReference": {
          "oneOf": [
            {
              "$ref": "#/definitions/AppInsightsReference"
            },
            {
              "$ref": "https://schema.management.azure.com/schemas/common/definitions.json#/definitions/expression"
            }
          ],
          "description": "Specifies Azure Application Insights information for performance counters reporting."
        }
      },
      "required": [
        "appInsightsReference"
      ],
      "description": "Performance counters reporting settings."
    },
    "PrivateRegistryCredentials": {
      "type": "object",
      "properties": {
        "password": {
          "type": "string",
          "description": "One of password or passwordSecretReference must be specified."
        },
        "passwordSecretReference": {
          "oneOf": [
            {
              "$ref": "#/definitions/KeyVaultSecretReference"
            },
            {
              "$ref": "https://schema.management.azure.com/schemas/common/definitions.json#/definitions/expression"
            }
          ],
          "description": "Describes a reference to Key Vault Secret."
        },
        "username": {
          "type": "string"
        }
      },
      "required": [
        "username"
      ],
      "description": "Credentials to access a container image in a private repository."
    },
    "PyTorchSettings": {
      "type": "object",
      "properties": {
        "commandLineArgs": {
          "type": "string"
        },
        "communicationBackend": {
          "type": "string",
          "description": "Valid values are 'TCP', 'Gloo' or 'MPI'. Not required for non-distributed jobs."
        },
        "processCount": {
          "oneOf": [
            {
              "type": "integer"
            },
            {
              "$ref": "https://schema.management.azure.com/schemas/common/definitions.json#/definitions/expression"
            }
          ],
          "description": "The default value for this property is equal to nodeCount property."
        },
        "pythonInterpreterPath": {
          "type": "string"
        },
        "pythonScriptFilePath": {
          "type": "string"
        }
      },
      "required": [
        "pythonScriptFilePath"
      ],
      "description": "Specifies the settings for pyTorch job."
    },
    "ResourceId": {
      "type": "object",
      "properties": {
        "id": {
          "type": "string",
          "description": "The ID of the resource"
        }
      },
      "required": [
        "id"
      ],
      "description": "Represents a resource ID. For example, for a subnet, it is the resource URL for the subnet."
    },
    "ScaleSettings": {
      "type": "object",
      "properties": {
        "autoScale": {
          "oneOf": [
            {
              "$ref": "#/definitions/AutoScaleSettings"
            },
            {
              "$ref": "https://schema.management.azure.com/schemas/common/definitions.json#/definitions/expression"
            }
          ],
          "description": "The system automatically scales the cluster up and down (within minimumNodeCount and maximumNodeCount) based on the pending and running jobs on the cluster."
        },
        "manual": {
          "oneOf": [
            {
              "$ref": "#/definitions/ManualScaleSettings"
            },
            {
              "$ref": "https://schema.management.azure.com/schemas/common/definitions.json#/definitions/expression"
            }
          ],
          "description": "Manual scale settings for the cluster."
        }
      },
      "description": "At least one of manual or autoScale settings must be specified. Only one of manual or autoScale settings can be specified. If autoScale settings are specified, the system automatically scales the cluster up and down (within the supplied limits) based on the pending jobs on the cluster."
    },
    "SetupTask": {
      "type": "object",
      "properties": {
        "commandLine": {
          "type": "string"
        },
        "environmentVariables": {
          "oneOf": [
            {
              "type": "array",
              "items": {
                "$ref": "#/definitions/EnvironmentVariable"
              }
            },
            {
              "$ref": "https://schema.management.azure.com/schemas/common/definitions.json#/definitions/expression"
            }
          ]
        },
        "runElevated": {
          "oneOf": [
            {
              "type": "boolean",
              "default": false
            },
            {
              "$ref": "https://schema.management.azure.com/schemas/common/definitions.json#/definitions/expression"
            }
          ],
          "description": "Note. Non-elevated tasks are run under an account added into sudoer list and can perform sudo when required."
        },
        "secrets": {
          "oneOf": [
            {
              "type": "array",
              "items": {
                "$ref": "#/definitions/EnvironmentVariableWithSecretValue"
              }
            },
            {
              "$ref": "https://schema.management.azure.com/schemas/common/definitions.json#/definitions/expression"
            }
          ],
          "description": "Server will never report values of these variables back."
        },
        "stdOutErrPathPrefix": {
          "type": "string",
          "description": "The prefix of a path where the Batch AI service will upload the stdout and stderr of the setup task."
        }
      },
      "required": [
        "commandLine",
        "stdOutErrPathPrefix"
      ],
      "description": "Specifies a setup task which can be used to customize the compute nodes of the cluster."
    },
    "SshConfiguration": {
      "type": "object",
      "properties": {
        "publicIPsToAllow": {
          "oneOf": [
            {
              "type": "array",
              "items": {
                "type": "string"
              }
            },
            {
              "$ref": "https://schema.management.azure.com/schemas/common/definitions.json#/definitions/expression"
            }
          ],
          "description": "Default value is '*' can be used to match all source IPs. Maximum number of IP ranges that can be specified are 400."
        },
        "userAccountSettings": {
          "oneOf": [
            {
              "$ref": "#/definitions/UserAccountSettings"
            },
            {
              "$ref": "https://schema.management.azure.com/schemas/common/definitions.json#/definitions/expression"
            }
          ],
          "description": "Settings for user account that gets created on each on the nodes of a cluster."
        }
      },
      "required": [
        "userAccountSettings"
      ],
      "description": "SSH configuration settings for the VM"
    },
    "TensorFlowSettings": {
      "type": "object",
      "properties": {
        "masterCommandLineArgs": {
          "type": "string"
        },
        "parameterServerCommandLineArgs": {
          "type": "string",
          "description": "This property is optional for single machine training."
        },
        "parameterServerCount": {
          "oneOf": [
            {
              "type": "integer"
            },
            {
              "$ref": "https://schema.management.azure.com/schemas/common/definitions.json#/definitions/expression"
            }
          ],
          "description": "If specified, the value must be less than or equal to nodeCount. If not specified, the default value is equal to 1 for distributed TensorFlow training (This property is not applicable for single machine training). This property can be specified only for distributed TensorFlow training."
        },
        "pythonInterpreterPath": {
          "type": "string"
        },
        "pythonScriptFilePath": {
          "type": "string"
        },
        "workerCommandLineArgs": {
          "type": "string",
          "description": "This property is optional for single machine training."
        },
        "workerCount": {
          "oneOf": [
            {
              "type": "integer"
            },
            {
              "$ref": "https://schema.management.azure.com/schemas/common/definitions.json#/definitions/expression"
            }
          ],
          "description": "If specified, the value must be less than or equal to (nodeCount * numberOfGPUs per VM). If not specified, the default value is equal to nodeCount. This property can be specified only for distributed TensorFlow training"
        }
      },
      "required": [
        "pythonScriptFilePath"
      ],
      "description": "Specifies the settings for TensorFlow job."
    },
    "UnmanagedFileSystemReference": {
      "type": "object",
      "properties": {
        "mountCommand": {
          "type": "string"
        },
        "relativeMountPath": {
          "type": "string",
          "description": "Note that all cluster level unmanaged file system will be mounted under $AZ_BATCHAI_MOUNT_ROOT location and job level unmanaged file system will be mounted under $AZ_BATCHAI_JOB_MOUNT_ROOT."
        }
      },
      "required": [
        "mountCommand",
        "relativeMountPath"
      ],
      "description": "Details of the file system to mount on the compute cluster nodes."
    },
    "UserAccountSettings": {
      "type": "object",
      "properties": {
        "adminUserName": {
          "type": "string"
        },
        "adminUserPassword": {
          "type": "string"
        },
        "adminUserSshPublicKey": {
          "type": "string"
        }
      },
      "required": [
        "adminUserName"
      ],
      "description": "Settings for user account that gets created on each on the nodes of a cluster."
    },
    "VirtualMachineConfiguration": {
      "type": "object",
      "properties": {
        "imageReference": {
          "oneOf": [
            {
              "$ref": "#/definitions/ImageReference"
            },
            {
              "$ref": "https://schema.management.azure.com/schemas/common/definitions.json#/definitions/expression"
            }
          ],
          "description": "The image reference."
        }
      },
      "description": "Settings for OS image."
    }
  }
}