{
  "id": "https://schema.management.azure.com/schemas/2019-06-01/Microsoft.ManagedServices.json#",
  "$schema": "http://json-schema.org/draft-04/schema#",
  "title": "Microsoft.ManagedServices",
  "description": "Microsoft ManagedServices Resource Types",
  "resourceDefinitions": {
    "registrationAssignments": {
      "type": "object",
      "properties": {
        "name": {
          "type": "string",
          "description": "Guid of the registration assignment."
        },
        "type": {
          "type": "string",
          "enum": [
            "Microsoft.ManagedServices/registrationAssignments"
          ]
        },
        "apiVersion": {
          "type": "string",
          "enum": [
            "2019-06-01"
          ]
        },
        "properties": {
          "oneOf": [
            {
              "$ref": "#/definitions/RegistrationAssignmentProperties"
            },
            {
              "$ref": "https://schema.management.azure.com/schemas/common/definitions.json#/definitions/expression"
            }
          ],
          "description": "Properties of a registration assignment."
        }
      },
      "required": [
        "name",
        "type",
        "apiVersion",
        "properties"
      ],
      "description": "Microsoft.ManagedServices/registrationAssignments"
    },
    "registrationDefinitions": {
      "type": "object",
      "properties": {
        "name": {
          "type": "string",
          "description": "Guid of the registration definition."
        },
        "type": {
          "type": "string",
          "enum": [
            "Microsoft.ManagedServices/registrationDefinitions"
          ]
        },
        "apiVersion": {
          "type": "string",
          "enum": [
            "2019-06-01"
          ]
        },
        "properties": {
          "oneOf": [
            {
              "$ref": "#/definitions/RegistrationDefinitionProperties"
            },
            {
              "$ref": "https://schema.management.azure.com/schemas/common/definitions.json#/definitions/expression"
            }
          ],
          "description": "Properties of a registration definition."
        },
        "plan": {
          "oneOf": [
            {
              "$ref": "#/definitions/Plan"
            },
            {
              "$ref": "https://schema.management.azure.com/schemas/common/definitions.json#/definitions/expression"
            }
          ],
          "description": "Plan details for the managed services."
        }
      },
      "required": [
        "name",
        "type",
        "apiVersion",
        "properties"
      ],
      "description": "Microsoft.ManagedServices/registrationDefinitions"
    }
  },
  "definitions": {
    "Authorization": {
      "type": "object",
      "properties": {
        "principalId": {
          "type": "string",
          "description": "Principal Id of the security group/service principal/user that would be assigned permissions to the projected subscription"
        },
        "roleDefinitionId": {
          "type": "string",
          "description": "The role definition identifier. This role will define all the permissions that the security group/service principal/user must have on the projected subscription. This role cannot be an owner role."
        }
      },
      "required": [
        "principalId",
        "roleDefinitionId"
      ],
      "description": "Authorization tuple containing principal Id (of user/service principal/security group) and role definition id."
    },
    "Plan": {
      "type": "object",
      "properties": {
        "name": {
          "type": "string",
          "description": "The plan name."
        },
        "publisher": {
          "type": "string",
          "description": "The publisher ID."
        },
        "product": {
          "type": "string",
          "description": "The product code."
        },
        "version": {
          "type": "string",
          "description": "The plan's version."
        }
      },
      "required": [
        "name",
        "publisher",
        "product",
        "version"
      ],
      "description": "Plan details for the managed services."
    },
    "RegistrationAssignmentProperties": {
      "type": "object",
      "properties": {
        "registrationDefinitionId": {
          "type": "string",
          "description": "Fully qualified path of the registration definition."
        }
      },
      "required": [
        "registrationDefinitionId"
      ],
      "description": "Properties of a registration assignment."
    },
    "RegistrationDefinitionProperties": {
      "type": "object",
      "properties": {
        "description": {
          "type": "string",
          "description": "Description of the registration definition."
        },
        "authorizations": {
          "oneOf": [
            {
              "type": "array",
              "items": {
                "$ref": "#/definitions/Authorization"
              }
            },
            {
              "$ref": "https://schema.management.azure.com/schemas/common/definitions.json#/definitions/expression"
            }
          ],
          "description": "Authorization tuple containing principal id of the user/security group or service principal and id of the build-in role."
        },
        "registrationDefinitionName": {
          "type": "string",
          "description": "Name of the registration definition."
        },
        "managedByTenantId": {
          "type": "string",
          "description": "Id of the managedBy tenant."
        }
      },
      "required": [
        "authorizations",
        "managedByTenantId"
      ],
      "description": "Properties of a registration definition."
    }
  }
}
