{
  "appConfigCodeComponentName": "Code",
  "appConfigCodeComponentDescription": "Der Code wird hinzugefügt, um die Einbindung des Azure App Configuration-Diensts in die App zu demonstrieren.",
  "appConfigStartupCodeComponentName": "Startcode",
  "appConfigStartupCodeComponentDescription": "Der Startcode wird hinzugefügt, um zu demonstrieren, wie die neueste Konfiguration in Azure Functions-Aufrufe eingefügt wird.",
  "appConfigItemTemplateCreatorSampleComponentName": "Azure-Funktion",
  "appConfigItemTemplateCreatorSampleComponentDescription": "Eine neue HTTP-ausgelöste Azure-Funktion wird dem Projekt hinzugefügt.",
  "appConfigItemTemplateCreatorStartupComponentName": "C#-Codedatei",
  "appConfigItemTemplateCreatorStartupComponentDescription": "Eine neue Klasse, die Azure App Configuration-Startcode hostet, wird dem Projekt hinzugefügt.",
  "appInsigtsConfigComponentName": "Einstellungen in \"ApplicationInsights.config\"",
  "appInsightsConfigComponentDescription": "Hiermit wird die Verbindungszeichenfolge in der Konfigurationsdatei aktualisiert.",
  "appServiceSettingsComponentName": "Azure AppService-Einstellungen",
  "appServiceSettingsComponentDescription": "Die Azure AppService-Einstellungen werden geändert, um einen optimalen Betrieb der neuen Abhängigkeit sicherzustellen.",
  "appSettingsComponentName": "Einstellungen in \"appsettings.json\"",
  "appSettingsComponentDescription": "Die Anwendungseinstellungen werden geändert, um einen optimalen Betrieb der neuen Abhängigkeit sicherzustellen.",
  "codeComponentName": "Code",
  "codeComponentDescription": "Der Code wird dem Projekt hinzugefügt, um eine neue Abhängigkeit zu aktivieren.",
  "dotNetMsIdentityComponentName": "Azure AD aktualisieren",
  "dotNetMsIdentityDescription": "Ruft das dotnet msidentity-Befehlszeilentool auf, um die Aktualisierung von Azure AD abzuschließen.",
  "identityCodeUpdateDescription": "Der Code wird dem Projekt hinzugefügt, um Azure AD zu aktivieren.",
  "launchSettingsComponentName": "Einstellungen in \"launchSettings.json\"",
  "launchSettingsComponentDescription": "\"launchSettings.json\" muss aktualisiert werden, um ein ordnungsgemäßes Verhalten der lokalen Runtime sicherzustellen.",
  "localAccessComponentName": "Berechtigungen für lokalen Zugriff",
  "localAccessComponentDescription": "Die Berechtigungen für die Instanz werden geändert, damit Ihr lokaler Computer eine Verbindung herstellen kann.",
  "msbuildPropertyComponentName": "Profileigenschaften",
  "msbuildPropertyComponentDescription": "Die *.pubxml-Datei des Profils wird aktualisiert, um einen optimalen Betrieb der neuen Abhängigkeit sicherzustellen.",
  "nugetComponentName": "NuGet-Pakete",
  "nugetComponentDescription": "Die NuGet-Pakete werden geändert, um einen optimalen Betrieb der neuen Abhängigkeit sicherzustellen.",
  "projectPropertyComponentName": "Projekteigenschaften",
  "projectPropertyComponentDescription": "Die Projekteigenschaften werden aktualisiert, um die neue Abhängigkeit zu aktivieren.",
  "remoteAccessComponentName": "Berechtigungen für Remotezugriff",
  "remoteAccessComponentDescription": "Die Berechtigungen für die Instanz werden geändert, damit Ihre App Service-Instanz eine Verbindung herstellen kann.",
  "secretStoreComponentName": "Geheimnisspeicher",
  "secretStoreComponentDescription": "Von der neuen Abhängigkeit verwendete Anwendungsgeheimnisse werden im ausgewählten Geheimnisspeicher gespeichert.",
  "itemTemplateCreatorComponentName": "C#-Codedatei(en)",
  "itemTemplateCreatorComponentDescription": "Aus der Elementvorlage werden neue C#-Codedateien erstellt."
}