{
  "appConfigCodeComponentName": "Código",
  "appConfigCodeComponentDescription": "Se agregará código para demostrar cómo incorporar el servicio de Azure App Configuration en la aplicación.",
  "appConfigStartupCodeComponentName": "Código de inicio",
  "appConfigStartupCodeComponentDescription": "Se agregará código de inicio para demostrar cómo insertar la configuración más reciente en las llamadas de Azure Functions.",
  "appConfigItemTemplateCreatorSampleComponentName": "Función de Azure",
  "appConfigItemTemplateCreatorSampleComponentDescription": "Se agregará al proyecto una nueva función Azure activada en HTTP",
  "appConfigItemTemplateCreatorStartupComponentName": "Archivo de código de C#",
  "appConfigItemTemplateCreatorStartupComponentDescription": "Se agregará al proyecto una nueva clase que aloja el código de inicio de Azure App Configuration.",
  "appInsigtsConfigComponentName": "Configuración de ApplicationInsights.config",
  "appInsightsConfigComponentDescription": "La cadena de conexión se actualizará en el archivo de configuración.",
  "appServiceSettingsComponentName": "Configuración de Azure App Service",
  "appServiceSettingsComponentDescription": "La configuración de Azure App Service se modificará para garantizar el funcionamiento óptimo de la nueva dependencia.",
  "appSettingsComponentName": "Configuración en appsettings.json",
  "appSettingsComponentDescription": "La configuración de la aplicación se modificará para garantizar el funcionamiento óptimo de la nueva dependencia.",
  "codeComponentName": "Código",
  "codeComponentDescription": "Se agregará código al proyecto para habilitar la nueva dependencia.",
  "dotNetMsIdentityComponentName": "Actualizar Azure AD",
  "dotNetMsIdentityDescription": "Llama a la herramienta de línea de comandos dotnet msidentity para finalizar la actualización de Azure AD",
  "identityCodeUpdateDescription": "Se agregará código al proyecto para habilitar Azure AD",
  "launchSettingsComponentName": "Configuración en launchSettings.json",
  "launchSettingsComponentDescription": "Debe actualizarse launchSettings.json para garantizar un comportamiento correcto del entorno de ejecución local.",
  "localAccessComponentName": "Permisos de acceso local",
  "localAccessComponentDescription": "Los permisos de la instancia se modificarán para permitir la conexión de la máquina local.",
  "msbuildPropertyComponentName": "Propiedades del perfil",
  "msbuildPropertyComponentDescription": "El archivo *.pubxml del perfil se actualizará para garantizar el funcionamiento óptimo de la nueva dependencia.",
  "nugetComponentName": "Paquetes NuGet",
  "nugetComponentDescription": "Los paquetes NuGet se modificarán para garantizar el funcionamiento óptimo de la nueva dependencia.",
  "projectPropertyComponentName": "Propiedades del proyecto",
  "projectPropertyComponentDescription": "Las propiedades del proyecto se actualizarán para habilitar la nueva dependencia.",
  "remoteAccessComponentName": "Permisos de acceso remoto",
  "remoteAccessComponentDescription": "Los permisos de la instancia se modificarán para permitir la conexión de la instancia de App Service.",
  "secretStoreComponentName": "Almacén de secretos",
  "secretStoreComponentDescription": "Los secretos de la aplicación que usa la nueva dependencia se guardarán en el almacén de secretos seleccionado.",
  "itemTemplateCreatorComponentName": "Archivos de código de C#",
  "itemTemplateCreatorComponentDescription": "Los archivos de código de C# se crearán a partir de la plantilla de elemento."
}