{
  "appConfigCodeComponentName": "Kod",
  "appConfigCodeComponentDescription": "Kod, Azure Uygulaması Yapılandırması hizmetinin uygulamayla nasıl birleştirileceğini göstermek için eklenir",
  "appConfigStartupCodeComponentName": "Başlangıç kodu",
  "appConfigStartupCodeComponentDescription": "Başlangıç kodu, Azure İşlevleri çağrılarına en son yapılandırmanın nasıl ekleneceğini göstermek için eklenir",
  "appConfigItemTemplateCreatorSampleComponentName": "Azure İşlevi",
  "appConfigItemTemplateCreatorSampleComponentDescription": "Projeye HTTP tarafından tetiklenen yeni bir Azure İşlevi eklenecek",
  "appConfigItemTemplateCreatorStartupComponentName": "C# kod dosyası",
  "appConfigItemTemplateCreatorStartupComponentDescription": "Azure Uygulaması Yapılandırması başlatma kodunu barındıran yeni bir sınıf projeye eklenir",
  "appInsigtsConfigComponentName": "ApplicationInsights.config içindeki ayarlar",
  "appInsightsConfigComponentDescription": "Bağlantı dizesi yapılandırma dosyasında güncelleştirilecek",
  "appServiceSettingsComponentName": "Azure AppService ayarları",
  "appServiceSettingsComponentDescription": "Yeni bağımlılığın en iyi şekilde çalışmasını sağlamak için Azure AppService ayarları değiştirilecek",
  "appSettingsComponentName": "appsettings.json içindeki ayarlar",
  "appSettingsComponentDescription": "Yeni bağımlılığın en iyi şekilde çalışmasını sağlamak için uygulama ayarları değiştirilecek",
  "codeComponentName": "Kod",
  "codeComponentDescription": "Kod, yeni bağımlılığı etkinleştirmek için projeye eklenecek",
  "dotNetMsIdentityComponentName": "Microsoft Azure AD’yi güncelleştir",
  "dotNetMsIdentityDescription": "Microsoft Azure AD’yi güncelleştirme işlemini tamamlamak için dotnet msidentity komut satırını çağırır",
  "identityCodeUpdateDescription": "Kod, Microsoft Azure AD’yi etkinleştirmek için projeye eklenir",
  "launchSettingsComponentName": "launchSettings.json içindeki ayarlar",
  "launchSettingsComponentDescription": "Doğru yerel çalışma zamanı davranışını sağlamak için launchSettings.json dosyasının güncelleştirilmesi gerekiyor",
  "localAccessComponentName": "Yerel erişim izinleri",
  "localAccessComponentDescription": "Örnekteki izinler yerel makinenizin örneğe bağlanmasına izin verecek şekilde değiştirilecek",
  "msbuildPropertyComponentName": "Profil özellikleri",
  "msbuildPropertyComponentDescription": "Yeni bağımlılığın en iyi şekilde çalışmasını sağlamak için profilin *.pubxml dosyası güncelleştirilecek",
  "nugetComponentName": "NuGet paketleri",
  "nugetComponentDescription": "Yeni bağımlılığın en iyi şekilde çalışmasını sağlamak için NuGet paketleri değiştirilecek",
  "projectPropertyComponentName": "Proje özellikleri",
  "projectPropertyComponentDescription": "Proje özellikleri, yeni bağımlılığı etkinleştirecek şekilde güncelleştirilecek",
  "remoteAccessComponentName": "Uzaktan erişim izinleri",
  "remoteAccessComponentDescription": "Örnekteki izinler App Service'in örneğe bağlanmasına izin verecek şekilde değiştirilecek",
  "secretStoreComponentName": "Gizli dizi deposu",
  "secretStoreComponentDescription": "Yeni bağımlılığın kullandığı uygulama gizli dizileri seçili gizli dizi deposunda depolanacak",
  "itemTemplateCreatorComponentName": "C# kod dosyaları",
  "itemTemplateCreatorComponentDescription": "C# kod dosyaları öğe şablonundan oluşturulacak"
}