{
  "components": {
    "signalr.component.appServiceSettings": {
      "definition": {
        "$refmerge": "/definitions/components.json#/appServiceSettings"
      },
      "detectors": [],
      "modifiers": [
        {
          "$ref": "/features/configs/signalr/signalr.json#/components/signalr.component.appServiceSettings/modifiers/0"
        },
        {
          "$ref": "/features/configs/signalr/signalr.json#/components/signalr.component.appServiceSettings/modifiers/1"
        }
      ]
    },
    "signalr.component.nuget": {
      "definition": {
        "$refmerge": "/definitions/components.json#/nuget"
      },
      "detectors": [],
      "modifiers": [
        {
          "$ref": "/features/configs/signalr/signalr.json#/components/signalr.component.nuget/modifiers/0"
        }
      ]
    },
    "signalr.component.secretStore": {
      "definition": {
        "$refmerge": "/definitions/components.json#/secretStore"
      },
      "detectors": [],
      "modifiers": [
        {
          "$ref": "/features/configs/signalr/signalr.json#/components/signalr.component.secretStore/modifiers/0"
        }
      ]
    }
  }
}
