{
  "definitions": {
    "locations": {
      "ConfigureMethod": [
        {
          "kind": "Method",
          "properties": {
            "Method": "Configure",
            "TypeName": "Microsoft.AspNetCore.Builder.IApplicationBuilder",
            "MethodParameterAnyPosition": true,
            "MethodParameterAnyNumberOfParameters": true
          }
        }
      ]
    }
  },
  "components": {
    "signalr.component.appServiceSettings": {
      "definition": {
        "$refmerge": "/definitions/components.json#/appServiceSettings"
      },
      "detectors": [],
      "modifiers": [
        {
          "id": "appServiceSettings.generic/appSettings",
          "restorable": true,
          "model": {
            "appServiceResourceId": "@@ProfileResourceId@@",
            "settingType": "Setting",
            "properties": {
              "ASPNETCORE_HOSTINGSTARTUPASSEMBLIES": {
                "value": "Microsoft.Azure.SignalR",
                "action": "append"
              },
              "Azure__SignalR__StickyServerMode": {
                "value": "Required",
                "action": "replace"
              }
            }
          }
        },
        {
          "id": "appServiceSettings.generic/webAppSettings",
          "restorable": true,
          "model": {
            "appServiceResourceId": "@@ProfileResourceId@@",
            "settingType": "WebAppProperty",
            "properties": {
              "clientAffinityEnabled": {
                "value": "true",
                "action": "replace"
              }
            }
          }
        }
      ]
    },
    "signalr.component.appSettings": {
      "definition": {
        "$refmerge": "/definitions/components.json#/appSettings"
      },
      "detectors": [
      ],
      "modifiers": [
        {
          "id": "jsonproperty.generic/enable",
          "restorable": true,
          "model": {
            "filePath": "appsettings.json",
            "key": "Azure/SignalR",
            "properties": {
              "Enabled": {
                "value": "true",
                "action": "replace"
              }
            }
          }
        }
      ]
    },
    "signalr.component.code": {
      "definition": {
        "$refmerge": "/definitions/components.json#/code"
      },
      "detectors": [
        {
          "id": "code.generic/startup",
          "confidence": "High",
          "model": {
            "kind": "Generic",
            "detectionLocations": [
              {
                "parts": [
                  {
                    "$refmerge": "#/definitions/locations/ConfigureMethod"
                  },
                  {
                    "kind": "Invocation",
                    "properties": {
                      "Invocation": "UseSignalR",
                      "TypeName": "Microsoft.AspNetCore.Builder.SignalRAppBuilderExtensions"
                    }
                  }
                ]
              },
              {
                "parts": [
                  {
                    "$refmerge": "#/definitions/locations/ConfigureMethod"
                  },
                  {
                    "kind": "Invocation",
                    "properties": {
                      "Invocation": "MapHub",
                      "TypeName": "Microsoft.AspNetCore.Builder.HubEndpointRouteBuilderExtensions"
                    }
                  }
                ]
              },
              {
                "parts": [
                  {
                    "$refmerge": "#/definitions/locations/ConfigureMethod"
                  },
                  {
                    "kind": "Invocation",
                    "properties": {
                      "Invocation": "MapBlazorHub",
                      "TypeName": "Microsoft.AspNetCore.Builder.ComponentEndpointRouteBuilderExtensions"
                    }
                  }
                ]
              }
            ]
          }
        }
      ],
      "modifiers": []
    },
    "signalr.component.launchsettings": {
      "definition": {
        "$refmerge": "/definitions/components.json#/launchsettings"
      },
      "detectors": [
        {
          "id": "jsonproperty.generic/envVars",
          "confidence": "Low",
          "model": {
            "filePath": "@@propertiesFolder@@/launchSettings.json",
            "key": "profiles/*/environmentVariables",
            "properties": {
              "ASPNETCORE_HOSTINGSTARTUPASSEMBLIES": {
                "value": "Microsoft.Azure.SignalR",
                "action": "append"
              }
            }
          }
        }
      ],
      "modifiers": [
        {
          "id": "jsonproperty.generic/envVars",
          "restorable": true,
          "model": {
            "filePath": "@@propertiesFolder@@/launchSettings.json",
            "key": "profiles/*/environmentVariables",
            "properties": {
              "ASPNETCORE_HOSTINGSTARTUPASSEMBLIES": {
                "value": "Microsoft.Azure.SignalR",
                "action": "append"
              }
            }
          }
        }
      ]
    },
    "signalr.component.msbuildproperty": {
      "definition": {
        "$refmerge": "/definitions/components.json#/msbuildproperty"
      },
      "detectors": [],
      "modifiers": [
        {
          "id": "msbuildproperty.generic/runtimePackageProperty",
          "restorable": true,
          "model": {
            "filePath": "@@ProfilePath@@",
            "properties": {
              "WebConfigEnvironmentVariables": {
                "value": "ASPNETCORE_HOSTINGSTARTUPASSEMBLIES=Microsoft.Azure.SignalR",
                "action": "replace"
              }
            }
          }
        }
      ]
    },
    "signalr.component.nuget": {
      "definition": {
        "$refmerge": "/definitions/components.json#/nuget"
      },
      "detectors": [
        {
          "id": "nuget.generic/allPackages",
          "confidence": "Medium",
          "model": {
            "packages": {
              "Microsoft.AspNetCore.SignalR.Common": "",
              "Microsoft.AspNetCore.SignalR": "",
              "Microsoft.AspNetCore.SignalR.Core": "",
              "Microsoft.AspNetCore.SignalR.Protocols.Json": "",
              "Microsoft.AspNet.SignalR": "",
              "Microsoft.AspNet.SignalR.SystemWeb": "",
              "Microsoft.Azure.SignalR": "",
              "Microsoft.Azure.SignalR.Protocols": "",
              "Microsoft.Azure.SignalR.AspNet": ""
            }
          }
        }
      ],
      "modifiers": [
        {
          "id": "nuget.generic/allPackages",
          "order": 10,
          "model": {
            "jobs": {
              ".NETCoreApp,Version=1.0": {
                "$ref": "/definitions/packages.json#/signalr.azure/.NETCoreApp,Version=1.0"
              }
            }
          }
        }
      ]
    },
    "signalr.component.secretStore": {
      "definition": {
        "$refmerge": "/definitions/components.json#/secretStore"
      },
      "detectors": [],
      "modifiers": [
        {
          "id": "secrets.secretStore/local",
          "order": 30,
          "restorable": true,
          "model": {
            "secretStore": "@@secretStore@@",
            "secretName": "@@connectionId@@",
            "secretValue": "@@ConnectionValue@@",
            "secretStoreResourceId": "@@SecretStoreResourceId@@",
            "secretExtraData": {
              "valueKind": "Setting"
            }
          }
        }
      ]
    }
  }
}
