{
  "components": {
    "shared": {
      "$refmerge": "/features/configs/signalr/signalr.local.json#/components"
    },
    "signalr.azure.function.component.itemTemplateCreator": {
      "definition": {
        "$refmerge": "/definitions/components.json#/itemTemplateCreator"
      },
      "detectors": [],
      "modifiers": [
        {
          "id": "itemTemplates.itemTemplateCreator/local",
          "order": 40,
          "model": {
            "itemTemplate": "Azure.Function.SignalR",
            "parameters": {
              "IncludeLaunchSettings": "False",
              "AccessRights": "@@AccessRights@@",
              "HubName": "@@HubName@@"
            }
          }
        }
      ]
    }
  }
}
