{
  "components": {
    "signalr.component.appSettings": {
      "definition": {
        "$refmerge": "/definitions/components.json#/appSettings"
      },
      "detectors": [],
      "modifiers": [
        {
          "$ref": "/features/configs/signalr/signalr.coreweb.json#/components/signalr.component.appSettings/modifiers/0"
        }
      ]
    },
    "signalr.component.nuget": {
      "definition": {
        "$refmerge": "/definitions/components.json#/nuget"
      },
      "detectors": [],
      "modifiers": [
        {
          "$ref": "/features/configs/signalr/signalr.coreweb.json#/components/signalr.component.nuget/modifiers/0"
        }
      ]
    },
    "signalr.component.launchsettings": {
      "definition": {
        "$refmerge": "/definitions/components.json#/launchsettings"
      },
      "detectors": [],
      "modifiers": [
        {
          "$ref": "/features/configs/signalr/signalr.coreweb.json#/components/signalr.component.launchsettings/modifiers/0"
        }
      ]
    },
    "signalr.component.secretStore": {
      "definition": {
        "$refmerge": "/definitions/components.json#/secretStore"
      },
      "detectors": [],
      "modifiers": [
        {
          "$ref": "/features/configs/signalr/signalr.coreweb.json#/components/signalr.component.secretStore/modifiers/0"
        }
      ]
    }
  }
}
