{
  "appInsightsConfig": {
    "name": {
      "$ref": "strings:#/appInsigtsConfigComponentName"
    },
    "image": {
      "$ref": "images:#/settingsFile"
    },
    "description": {
      "$ref": "strings:#/appInsightsConfigComponentDescription"
    },
    "restorable": true
  },
  "appSettings": {
    "name": {
      "$ref": "strings:#/appSettingsComponentName"
    },
    "image": {
      "$ref": "images:#/settingsFile"
    },
    "description": {
      "$ref": "strings:#/appSettingsComponentDescription"
    },
    "restorable": true
  },
  "appServiceSettings": {
    "name": {
      "$ref": "strings:#/appServiceSettingsComponentName"
    },
    "image": {
      "$ref": "images:#/settingsFile"
    },
    "description": {
      "$ref": "strings:#/appServiceSettingsComponentDescription"
    },
    "restorable": true
  },
  "code": {
    "name": {
      "$ref": "strings:#/codeComponentName"
    },
    "image": {
      "$ref": "images:#/code"
    },
    "description": {
      "$ref": "strings:#/codeComponentDescription"
    }
  },
  "dotNetMsIdentity": {
    "name": {
      "$ref": "strings:#/dotNetMsIdentityComponentName"
    },
    "image": {
      "$ref": "images:#/console"
    },
    "description": {
      "$ref": "strings:#/dotNetMsIdentityDescription"
    },
    "restorable": true
  },
  "identityCodeUpdate": {
    "name": {
      "$ref": "strings:#/codeComponentName"
    },
    "image": {
      "$ref": "images:#/code"
    },
    "description": {
      "$ref": "strings:#/identityCodeUpdateDescription"
    },
    "restorable": true
  },
  "itemTemplateCreator": {
    "name": {
      "$ref": "strings:#/itemTemplateCreatorComponentName"
    },
    "image": {
      "$ref": "images:#/csFile"
    },
    "description": {
      "$ref": "strings:#/itemTemplateCreatorComponentDescription"
    }
  },
  "launchsettings": {
    "name": {
      "$ref": "strings:#/launchSettingsComponentName"
    },
    "image": {
      "$ref": "images:#/settingsFile"
    },
    "description": {
      "$ref": "strings:#/launchSettingsComponentDescription"
    }
  },
  "localAccess": {
    "name": {
      "$ref": "strings:#/localAccessComponentName"
    },
    "image": {
      "$ref": "images:#/localAccess"
    },
    "description": {
      "$ref": "strings:#/localAccessComponentDescription"
    },
    "restorable": true
  },
  "msbuildproperty": {
    "name": {
      "$ref": "strings:#/msbuildPropertyComponentName"
    },
    "image": {
      "$ref": "images:#/projectFile"
    },
    "description": {
      "$ref": "strings:#/msbuildPropertyComponentDescription"
    }
  },
  "nuget": {
    "name": {
      "$ref": "strings:#/nugetComponentName"
    },
    "image": {
      "$ref": "images:#/nuget"
    },
    "description": {
      "$ref": "strings:#/nugetComponentDescription"
    }
  },
  "projectproperty": {
    "name": {
      "$ref": "strings:#/projectPropertyComponentName"
    },
    "image": {
      "$ref": "images:#/projectFile"
    },
    "description": {
      "$ref": "strings:#/projectPropertyComponentDescription"
    },
    "restorable": true
  },
  "remoteAccess": {
    "name": {
      "$ref": "strings:#/remoteAccessComponentName"
    },
    "image": {
      "$ref": "images:#/remoteAccess"
    },
    "description": {
      "$ref": "strings:#/remoteAccessComponentDescription"
    },
    "restorable": true
  },
  "secretStore": {
    "name": {
      "$ref": "strings:#/secretStoreComponentName"
    },
    "image": {
      "$ref": "images:#/secrets"
    },
    "description": {
      "$ref": "strings:#/secretStoreComponentDescription"
    },
    "restorable": true
  }
}
