{
  "appConfig.core": {
    ".NETCoreApp,Version=2.0": [
      {
        "Id": "Microsoft.Extensions.Configuration.AzureAppConfiguration",
        "Version": "4.0.0",
        "Operation": "Install"
      },
      {
        "Id": "Microsoft.Extensions.Configuration.UserSecrets",
        "Version": "3.0.0",
        "Operation": "Install"
      },
      {
        "Id": "Azure.Identity",
        "Version": "1.3.0",
        "Operation": "Install"
      }
    ],
    ".NETCoreApp,Version=3.1": [
      {
        "Id": "Microsoft.Extensions.Configuration.AzureAppConfiguration",
        "Version": "4.2.0",
        "Operation": "Install"
      },
      {
        "Id": "Microsoft.Extensions.Configuration.UserSecrets",
        "Version": "3.1.13",
        "Operation": "Install"
      },
      {
        "Id": "Azure.Identity",
        "Version": "1.3.0",
        "Operation": "Install"
      }
    ],
    ".NETCoreApp,Version=5.0": [
      {
        "Id": "Microsoft.Extensions.Configuration.AzureAppConfiguration",
        "Version": "4.2.0",
        "Operation": "Install"
      },
      {
        "Id": "Microsoft.Extensions.Configuration.UserSecrets",
        "Version": "5.0.0",
        "Operation": "Install"
      },
      {
        "Id": "Azure.Identity",
        "Version": "1.3.0",
        "Operation": "Install"
      }
    ]
  },
  "appConfig.coreweb": {
    ".NETCoreApp,Version=2.0": [
      {
        "Id": "Microsoft.Azure.AppConfiguration.AspNetCore",
        "Version": "4.0.0",
        "Operation": "Install"
      },
      {
        "Id": "Azure.Identity",
        "Version": "1.3.0",
        "Operation": "Install"
      }
    ],
    ".NETCoreApp,Version=3.1": [
      {
        "Id": "Microsoft.Azure.AppConfiguration.AspNetCore",
        "Version": "4.2.0",
        "Operation": "Install"
      },
      {
        "Id": "Azure.Identity",
        "Version": "1.3.0",
        "Operation": "Install"
      }
    ]
  },
  "appConfig.function": {
    ".NETCoreApp,Version=2.0": [
      {
        "Id": "Microsoft.Azure.Functions.Extensions",
        "Version": "1.1.0",
        "Operation": "Install"
      },
      {
        "Id": "Microsoft.Extensions.Configuration.AzureAppConfiguration",
        "Version": "4.0.0",
        "Operation": "Install"
      },
      {
        "Id": "Microsoft.Extensions.Configuration.UserSecrets",
        "Version": "2.1.1",
        "Operation": "Install"
      },
      {
        "Id": "Azure.Identity",
        "Version": "1.3.0",
        "Operation": "Install"
      }
    ],
    ".NETCoreApp,Version=3.1": [
      {
        "Id": "Microsoft.Azure.Functions.Extensions",
        "Version": "1.1.0",
        "Operation": "Install"
      },
      {
        "Id": "Microsoft.Extensions.Configuration.AzureAppConfiguration",
        "Version": "4.2.0",
        "Operation": "Install"
      },
      {
        "Id": "Microsoft.Extensions.Configuration.UserSecrets",
        "Version": "3.1.13",
        "Operation": "Install"
      },
      {
        "Id": "Azure.Identity",
        "Version": "1.3.0",
        "Operation": "Install"
      }
    ],
    ".NETCoreApp,Version=5.0": [
      {
        "Id": "Microsoft.Azure.Functions.Extensions",
        "Version": "1.1.0",
        "Operation": "Install"
      },
      {
        "Id": "Microsoft.Extensions.Configuration.AzureAppConfiguration",
        "Version": "4.2.0",
        "Operation": "Install"
      },
      {
        "Id": "Microsoft.Extensions.Configuration.UserSecrets",
        "Version": "5.0.0",
        "Operation": "Install"
      },
      {
        "Id": "Azure.Identity",
        "Version": "1.3.0",
        "Operation": "Install"
      }
    ]
  },
  "appConfig": {
    ".NETCoreApp,Version=2.0": [
      {
        "Id": "Microsoft.Extensions.Configuration.AzureAppConfiguration",
        "Version": "4.0.0",
        "Operation": "Install"
      }
    ],
    ".NETCoreApp,Version=3.1": [
      {
        "Id": "Microsoft.Extensions.Configuration.AzureAppConfiguration",
        "Version": "4.2.0",
        "Operation": "Install"
      }
    ],
    ".NETFramework,Version=4.7.1": [
      {
        "Id": "Microsoft.Configuration.ConfigurationBuilders.AzureAppConfiguration",
        "Version": "1.0.0",
        "Operation": "Install"
      },
      {
        "Id": "Microsoft.Configuration.ConfigurationBuilders.Environment",
        "Version": "2.0.0",
        "Operation": "Install"
      },
      {
        "Id": "System.Configuration.ConfigurationManager",
        "Version": "5.0.0",
        "Operation": "Install"
      }
    ]
  },
  "appinsights.coreweb": {
    ".NETCoreApp,Version=1.0": [
      {
        "Id": "Microsoft.ApplicationInsights.AspNetCore",
        "Version": "2.15.0",
        "Operation": "Install"
      }
    ],
    ".NETFramework,Version=2.0": [
      {
        "Id": "Microsoft.ApplicationInsights.Web",
        "Version": "2.15.0",
        "Operation": "Install"
      },
      {
        "Id": "Microsoft.ApplicationInsights.AspNetCore",
        "Version": "2.15.0",
        "Operation": "Install"
      }
    ]
  },
  "appinsights.web": {
    ".NETFramework,Version=2.0": [
      {
        "Id": "Microsoft.ApplicationInsights.Web",
        "Version": "2.15.0",
        "Operation": "Install"
      }
    ]
  },
  "appinsights.worker": {
    ".NETCoreApp,Version=3.0": [
      {
        "Id": "Microsoft.ApplicationInsights.WorkerService",
        "Version": "2.15.0",
        "Operation": "Install"
      }
    ]
  },
  "cosmosdb": {
    ".NETCoreApp,Version=2.1": [
      {
        "Id": "Microsoft.Azure.Cosmos",
        "Version": "3.6.0",
        "Operation": "Install"
      }
    ]
  },
  "ef.sqlServer": {
    ".NETCoreApp,Version=3.0": [
      {
        "Id": "Microsoft.EntityFrameworkCore.SqlServer",
        "Version": "3.0.3",
        "Operation": "Install"
      },
      {
        "Id": "Microsoft.EntityFrameworkCore.Tools",
        "Version": "3.0.3",
        "Operation": "Install"
      }
    ],
    ".NETCoreApp,Version=3.1": [
      {
        "Id": "Microsoft.EntityFrameworkCore.SqlServer",
        "Version": "3.1.3",
        "Operation": "Install"
      },
      {
        "Id": "Microsoft.EntityFrameworkCore.Tools",
        "Version": "3.1.3",
        "Operation": "Install"
      }
    ],
    ".NETCoreApp,Version=5.0": [
      {
        "Id": "Microsoft.EntityFrameworkCore.SqlServer",
        "Version": "5.0.1",
        "Operation": "Install"
      },
      {
        "Id": "Microsoft.EntityFrameworkCore.Tools",
        "Version": "5.0.1",
        "Operation": "Install"
      }
    ],
    ".NETFramework,Version=4.0": [
      {
        "Id": "EntityFramework",
        "Version": "6.4.0",
        "Operation": "Install"
      }
    ]
  },
  "identityapp.aad": {
    ".NETCoreApp,Version=2.1": [
      {
        "Id": "Microsoft.AspNetCore.Authentication.AzureAD.UI",
        "Version": "2.1.1",
        "Operation": "Install"
      }
    ],
    ".NETCoreApp,Version=3.1": [
      {
        "Id": "Microsoft.AspNetCore.Authentication.AzureAD.UI",
        "Version": "3.1.13",
        "Operation": "Install"
      },
      {
        "Id": "Microsoft.Identity.Web",
        "Version": "1.10.0",
        "Operation": "Install"
      },
      {
        "Id": "Microsoft.Identity.Web.UI",
        "Version": "1.10.0",
        "Operation": "Install"
      }
    ],
    ".NETCoreApp,Version=5.0": [
      {
        "Id": "Microsoft.Identity.Web",
        "Version": "1.1.0",
        "Operation": "Install"
      },
      {
        "Id": "Microsoft.Identity.Web.UI",
        "Version": "1.1.0",
        "Operation": "Install"
      },
      {
        "Id": "Microsoft.AspNetCore.Authentication.JwtBearer",
        "Version": "5.0.7",
        "Operation": "Install"
      },
      {
        "Id": "Microsoft.AspNetCore.Authentication.OpenIdConnect",
        "Version": "5.0.7",
        "Operation": "Install"
      }
    ]
  },
  "redis": {
    ".NETCoreApp,Version=2.1": [
      {
        "Id": "Microsoft.Extensions.Caching.Redis",
        "Version": "2.2.0",
        "Operation": "Install"
      }
    ],
    ".NETFramework,Version=4.6.1": [
      {
        "Id": "Microsoft.Extensions.Caching.Redis",
        "Version": "2.2.0",
        "Operation": "Install"
      }
    ]
  },
  "secrets.keyVault.coreweb": {
    ".NETCoreApp,Version=1.0": [
      {
        "Id": "Microsoft.Extensions.Configuration.AzureKeyVault",
        "Version": "1.0.2",
        "Operation": "Install"
      }
    ],
    ".NETCoreApp,Version=2.0": [
      {
        "Id": "Microsoft.AspNetCore.AzureKeyVault.HostingStartup",
        "Version": "2.0.4",
        "Operation": "Install"
      }
    ],
    ".NETCoreApp,Version=3.1": [
      {
        "Id": "Microsoft.AspNetCore.AzureKeyVault.HostingStartup",
        "Version": "2.0.4",
        "Operation": "Uninstall"
      },
      {
        "Id": "Azure.Identity",
        "Version": "1.2.2",
        "Operation": "Install"
      },
      {
        "Id": "Azure.Extensions.Configuration.Secrets",
        "Version": "1.0.0-preview.1",
        "Operation": "Uninstall"
      },
      {
        "Id": "Azure.Extensions.AspNetCore.Configuration.Secrets",
        "Version": "1.0.0",
        "Operation": "Install"
      }
    ],
    ".NETFramework,Version=4.5.2": [
      {
        "Id": "Microsoft.Azure.KeyVault",
        "Version": "2.3.2",
        "Operation": "Install"
      }
    ],
    ".NETFramework,Version=4.6.1": [
      {
        "Id": "Azure.Security.KeyVault.Keys",
        "Version": "4.0.0",
        "Operation": "Install"
      },
      {
        "Id": "Azure.Security.KeyVault.Secrets",
        "Version": "4.0.0",
        "Operation": "Install"
      }
    ],
    ".NETFramework,Version=4.7.1": [
      {
        "Id": "Azure.Security.KeyVault.Keys",
        "Version": "4.0.0",
        "Operation": "Install"
      },
      {
        "Id": "Azure.Security.KeyVault.Secrets",
        "Version": "4.0.0",
        "Operation": "Install"
      },
      {
        "Id": "Microsoft.Configuration.ConfigurationBuilders.Azure",
        "Version": "1.0.1",
        "Operation": "Install"
      }
    ]
  },
  "secrets.keyVault": {
    ".NETCoreApp,Version=1.0": [
      {
        "Id": "Microsoft.Extensions.Configuration.AzureKeyVault",
        "Version": "1.0.2",
        "Operation": "Install"
      }
    ],
    ".NETCoreApp,Version=2.0": [
      {
        "Id": "Microsoft.AspNetCore.AzureKeyVault.HostingStartup",
        "Version": "2.0.4",
        "Operation": "Install"
      }
    ],
    ".NETCoreApp,Version=3.1": [
      {
        "Id": "Microsoft.AspNetCore.AzureKeyVault.HostingStartup",
        "Version": "2.0.4",
        "Operation": "Uninstall"
      },
      {
        "Id": "Azure.Identity",
        "Version": "1.2.2",
        "Operation": "Install"
      },
      {
        "Id": "Azure.Extensions.Configuration.Secrets",
        "Version": "1.0.0-preview.1",
        "Operation": "Uninstall"
      },
      {
        "Id": "Azure.Extensions.AspNetCore.Configuration.Secrets",
        "Version": "1.0.0",
        "Operation": "Install"
      }
    ],
    ".NETFramework,Version=4.5.2": [
      {
        "Id": "Microsoft.Azure.KeyVault",
        "Version": "2.3.2",
        "Operation": "Install"
      }
    ],
    ".NETFramework,Version=4.6.1": [
      {
        "Id": "Azure.Security.KeyVault.Keys",
        "Version": "4.0.0",
        "Operation": "Install"
      },
      {
        "Id": "Azure.Security.KeyVault.Secrets",
        "Version": "4.0.0",
        "Operation": "Install"
      }
    ],
    ".NETFramework,Version=4.7.1": [
      {
        "Id": "Azure.Security.KeyVault.Keys",
        "Version": "4.0.0",
        "Operation": "Install"
      },
      {
        "Id": "Azure.Security.KeyVault.Secrets",
        "Version": "4.0.0",
        "Operation": "Install"
      },
      {
        "Id": "Microsoft.Configuration.ConfigurationBuilders.Azure",
        "Version": "2.0.0",
        "Operation": "Install"
      }
    ]
  },
  "secrets.user": {
    ".NETCoreApp,Version=2.0": [
      {
        "Id": "Microsoft.Extensions.Configuration.UserSecrets",
        "Version": "3.0.0",
        "Operation": "Install"
      }
    ],
    ".NETCoreApp,Version=3.1": [
      {
        "Id": "Microsoft.Extensions.Configuration.UserSecrets",
        "Version": "3.1.13",
        "Operation": "Install"
      }
    ],
    ".NETCoreApp,Version=5.0": [
      {
        "Id": "Microsoft.Extensions.Configuration.UserSecrets",
        "Version": "5.0.0",
        "Operation": "Install"
      }
    ],
    ".NETFramework,Version=4.7.1": [
      {
        "Id": "Microsoft.Configuration.ConfigurationBuilders.UserSecrets",
        "Version": "2.0.0",
        "Operation": "Install"
      }
    ]
  },
  "secrets.user.function": {
    ".NETCoreApp,Version=2.0": [
      {
        "Id": "Microsoft.Extensions.Configuration.UserSecrets",
        "Version": "2.1.1",
        "Operation": "Install"
      }
    ],
    ".NETCoreApp,Version=3.0": [
      {
        "Id": "Microsoft.Extensions.Configuration.UserSecrets",
        "Version": "3.1.13",
        "Operation": "Install"
      }
    ],
    ".NETCoreApp,Version=5.0": [
      {
        "Id": "Microsoft.Extensions.Configuration.UserSecrets",
        "Version": "5.0.0",
        "Operation": "Install"
      }
    ],
    ".NETFramework,Version=4.7.1": [
      {
        "Id": "Microsoft.Configuration.ConfigurationBuilders.UserSecrets",
        "Version": "2.0.0",
        "Operation": "Install"
      }
    ]
  },
  "signalr.azure.coreweb": {
    ".NETCoreApp,Version=1.0": [
      {
        "Id": "Microsoft.Azure.SignalR",
        "Version": "1.4.0",
        "Operation": "Install"
      }
    ]
  },
  "signalr.azure": {
    ".NETCoreApp,Version=1.0": [
      {
        "Id": "Microsoft.AspNetCore.SignalR.Client",
        "Version": "3.1.2",
        "Operation": "Install"
      }
    ]
  },
  "springcloud.azure.steeltoe24": {
    ".NETCoreApp,Version=3.1": [
      {
        "Id": "Microsoft.Azure.SpringCloud.Client",
        "Version": "1.0.0-alpha.1",
        "Operation": "Install"
      }
    ]
  },
  "springcloud.azure.steeltoe30": {
    ".NETCoreApp,Version=3.1": [
      {
        "Id": "Microsoft.Azure.SpringCloud.Client",
        "Version": "2.0.0-preview.1",
        "Operation": "Install"
      }
    ]
  },
  "storage.azure": {
    ".NETCoreApp,Version=1.0": [
      {
        "Id": "WindowsAzure.Storage",
        "Version": "8.7.0",
        "Operation": "Install"
      }
    ],
    ".NETCoreApp,Version=2.0": [
      {
        "Id": "Azure.Storage.Blobs",
        "Version": "12.3.0",
        "Operation": "Install"
      },
      {
        "Id": "Azure.Storage.Files.Shares",
        "Version": "12.1.0",
        "Operation": "Install"
      },
      {
        "Id": "Azure.Storage.Files",
        "Operation": "Uninstall"
      },
      {
        "Id": "Azure.Storage.Queues",
        "Version": "12.2.0",
        "Operation": "Install"
      },
      {
        "Id": "Microsoft.Extensions.Azure",
        "Version": "1.0.0",
        "Operation": "Install"
      }
    ],
    ".NETFramework,Version=2.0": [
      {
        "Id": "WindowsAzure.Storage",
        "Version": "9.1.1",
        "Operation": "Install"
      }
    ],
    ".NETFramework,Version=4.0": [
      {
        "Id": "WindowsAzure.Storage",
        "Version": "9.1.1",
        "Operation": "Install"
      },
      {
        "Id": "Microsoft.WindowsAzure.ConfigurationManager",
        "Version": "3.2.3",
        "Operation": "Install"
      }
    ],
    ".NETFramework,Version=4.5.2": [
      {
        "Id": "WindowsAzure.Storage",
        "Version": "9.1.1",
        "Operation": "Install"
      },
      {
        "Id": "Microsoft.WindowsAzure.ConfigurationManager",
        "Version": "3.2.3",
        "Operation": "Uninstall"
      },
      {
        "Id": "Microsoft.Azure.ConfigurationManager",
        "Version": "4.0.0",
        "Operation": "Install"
      }
    ],
    ".NETFramework,Version=4.6.1": [
      {
        "Id": "Azure.Storage.Blobs",
        "Version": "12.2.0",
        "Operation": "Install"
      },
      {
        "Id": "Azure.Storage.Files.Shares",
        "Version": "12.0.1",
        "Operation": "Install"
      },
      {
        "Id": "Azure.Storage.Files",
        "Operation": "Uninstall"
      },
      {
        "Id": "Azure.Storage.Queues",
        "Version": "12.1.1",
        "Operation": "Install"
      },
      {
        "Id": "Microsoft.Extensions.Azure",
        "Version": "1.0.0",
        "Operation": "Install"
      }
    ]
  }
}
