{
  "components": {
    "identityapp.aad.component.nuget": {
      "definition": {
        "$refmerge": "/definitions/components.json#/nuget"
      },
      "detectors": [
        {
          "id": "nuget.generic/allPackages",
          "confidence": "Medium",
          "model": {
            "packages": {
              "Microsoft.Identity.Web": "",
              "Microsoft.Identity.Web.UI": "",
              "Microsoft.AspNetCore.Authentication.JwtBearer": "",
              "Microsoft.AspNetCore.Authentication.OpenIdConnect": "",
              "Microsoft.AspNetCore.Authentication.AzureAD.UI": ""
            }
          }
        }
      ],
      "modifiers": [
        {
          "id": "nuget.generic/allPackages",
          "order": 10,
          "model": {
            "jobs": {
              ".NETCoreApp,Version=2.1": {
                "$ref": "/definitions/packages.json#/identityapp.aad/.NETCoreApp,Version=2.1"
              },
              ".NETCoreApp,Version=3.1": {
                "$ref": "/definitions/packages.json#/identityapp.aad/.NETCoreApp,Version=3.1"
              },
              ".NETCoreApp,Version=5.0": {
                "$ref": "/definitions/packages.json#/identityapp.aad/.NETCoreApp,Version=5.0"
              }
            }
          }
        }
      ]
    },
    "identityapp.aad.component.appSettings": {
      "definition": {
        "$refmerge": "/definitions/components.json#/appSettings"
      },
      "detectors": [],
      "modifiers": [
        {
          "id": "jsonproperty.generic/identityapp_aad",
          "restorable": true,
          "model": {
            "filePath": "appsettings.json",
            "key": "AzureAd",
            "properties": {
              "Instance": {
                "value": "https://login.microsoftonline.com/",
                "action": "replace"
              },
              "Domain": {
                "value": "@@Domain@@",
                "action": "replace"
              },
              "TenantId": {
                "value": "@@TenantId@@",
                "action": "replace"
              },
              "ClientId": {
                "value": "@@ClientId@@",
                "action": "replace"
              },
              "CallbackPath": {
                "value": "/signin-oidc",
                "action": "replace"
              },
              "SignedOutCallbackPath": {
                "value": "/signout-callback-oidc",
                "action": "replace"
              }
            }
          }
        }
      ]
    },
    "identityapp.aad.component.code":
    {
      "definition": {
        "$refmerge": "/definitions/components.json#/identityCodeUpdate"
      },
      "detectors": [],
      "modifiers": [
        {
          "id": "identityapp.code/aad",
          "restorable": true,
          "order": 40,
          "model": {}
        }
      ]
    },
    "identityapp.aad.component.cli":
    {
      "definition": {
        "$refmerge": "/definitions/components.json#/dotNetMsIdentity"
      },
      "detectors": [],
      "modifiers": [
        {
          "id": "identityapp.cli/aad",
          "restorable": true,
          "order": 50,
          "model": {}
        }
      ]
    }
  }
}
