{
  "components": {
    "identityapp.aad.component.nuget": {
      "$ref": "/features/configs/aad/identityapp.aad.json#/components/identityapp.aad.component.nuget"
    },
    "identityapp.aad.component.appSettings": {
      "definition": {
        "$refmerge": "/definitions/components.json#/appSettings"
      },
      "detectors": [],
      "modifiers": [
        {
          "id": "jsonproperty.generic/appsettings_azuread",
          "restorable": true,
          "order": 10,
          "model": {
            "filePath": "appsettings.json",
            "key": "AzureAd",
            "properties": {
              "Instance": {
                "value": "https://login.microsoftonline.com/",
                "action": "replace"
              },
              "Domain": {
                "value": "@@Domain@@",
                "action": "replace"
              },
              "TenantId": {
                "value": "@@TenantId@@",
                "action": "replace"
              },
              "ClientId": {
                "value": "@@ClientId@@",
                "action": "replace"
              },
              "CallbackPath": {
                "value": "/signin-oidc",
                "action": "replace"
              },
              "SignedOutCallbackPath": {
                "value": "/signout-callback-oidc",
                "action": "replace"
              }
            }
          }
        },
        {
          "id": "jsonproperty.generic/appsettings_microsoftgraph",
          "restorable": true,
          "order": 20,
          "model": {
            "filePath": "appsettings.json",
            "key": "MicrosoftGraph",
            "properties": {
              "Scopes": {
                "value": "user.read",
                "action": "replace"
              },
              "BaseUrl": {
                "value": "https://graph.microsoft.com/v1.0",
                "action": "replace"
              }
            }
          }
        }
      ]
    },
    "identityapp.aad.component.secretStore": {
      "definition": {
        "$refmerge": "/definitions/components.json#/secretStore"
      },
      "detectors": [],
      "modifiers": [
        {
          "id": "secrets.secretStore/local",
          "restorable": true,
          "model": {
            "secretType": "ProjectSecrets",
            "secretStore": "@@secretStore@@",
            "secretName": "@@connectionId@@",
            "secretValue": "@@ConnectionValue@@",
            "secretStoreResourceId": "@@SecretStoreResourceId@@",
            "secretExtraData": {
              "valueKind": "Setting"
            }
          }
        }
      ]
    },
    "identityapp.aad.component.code":
    {
      "$ref": "/features/configs/aad/identityapp.aad.json#/components/identityapp.aad.component.code"
    },
    "identityapp.aad.component.cli":
    {
      "definition": {
        "$refmerge": "/definitions/components.json#/dotNetMsIdentity"
      },
      "detectors": [],
      "modifiers": [
        {
          "id": "identityapp.cli/aad",
          "restorable": true,
          "order": 50,
          "model": {}
        }
      ]
    }
  }
}
