{
  "components": {
    "identityapp.aad.component.nuget": {
      "$ref": "/features/configs/aad/identityapp.aad.json#/components/identityapp.aad.component.nuget"
    },
    "identityapp.aad.b2c.downstreamapi.component.appSettings": {
      "definition": {
        "$refmerge": "/definitions/components.json#/appSettings"
      },
      "detectors": [],
      "modifiers": [
        {
          "id": "jsonproperty.generic/b2c.downstreamapi_appsettings_azuread",
          "restorable": true,
          "order": 10,
          "model": {
            "filePath": "appsettings.json",
            "key": "AzureAd",
            "properties": {
              "Instance": {
                "value": "https://login.microsoftonline.com/",
                "action": "replace"
              },
              "ClientId": {
                "value": "@@ClientId@@",
                "action": "replace"
              },
              "Domain": {
                "value": "@@Domain@@",
                "action": "replace"
              },
              "SignedOutCallbackPath": {
                "value": "/signout-callback-oidc", // ~ TODO ~
                "action": "replace"
              },
              "SignUpSignInPolicyId": {
                "value": "TODO", //signout-callback-oidc", // ~ TODO ~
                "action": "replace"
              },
              "ResetPasswordPolicyId": {
                "value": "TODO", //signout-callback-oidc", // ~ TODO ~
                "action": "replace"
              },
              "EditProfilePolicyId": {
                "value": "TODO", //signout-callback-oidc", // ~ TODO ~
                "action": "replace"
              },
              "CallbackPath": {
                "value": "/signin-oidc",
                "action": "replace"
              },
              "ClientSecret": {
                "value": "See user secrets",
                "action": "replace"
              }
            }
          }
        },
        {
          "id": "jsonproperty.generic/b2c.downstreamapi_appsettings_downstreamapi",
          "restorable": true,
          "order": 20,
          "model": {
            "filePath": "appsettings.json",
            "key": "DownstreamWebAPI",
            "properties": {
              "Scopes": {
                "value": "user.read",
                "action": "replace"
              },
              "BaseUrl": {
                "value": "BaseUrl",
                "action": "replace"
              }
            }
          }
        }
      ]
    },
    "identityapp.aad.component.secretStore": {
      "definition": {
        "$refmerge": "/definitions/components.json#/secretStore"
      },
      "detectors": [],
      "modifiers": [
        {
          "id": "secrets.secretStore/local",
          "restorable": true,
          "model": {
            "secretType": "ProjectSecrets",
            "secretStore": "@@secretStore@@",
            "secretName": "@@connectionId@@",
            "secretValue": "@@ConnectionValue@@",
            "secretStoreResourceId": "@@SecretStoreResourceId@@",
            "secretExtraData": {
              "valueKind": "Setting"
            }
          }
        }
      ]
    },
    "identityapp.aad.component.code":
    {
      "$ref": "/features/configs/aad/identityapp.aad.json#/components/identityapp.aad.component.code"
    },
    "identityapp.aad.component.cli":
    {
      "definition": {
        "$refmerge": "/definitions/components.json#/dotNetMsIdentity"
      },
      "detectors": [],
      "modifiers": [
        {
          "id": "identityapp.cli/aad",
          "restorable": true,
          "order": 50,
          "model": {}
        }
      ]
    }
  }
}
