{
  "appConfigCodeComponentName": "Kod",
  "appConfigCodeComponentDescription": "Kod zostanie dodany, aby zademonstrować, jak włączyć usługę Azure App Configuration do aplikacji",
  "appConfigStartupCodeComponentName": "Kod startowy",
  "appConfigStartupCodeComponentDescription": "Kod startowy zostanie dodany, aby zademonstrować, jak wprowadzić najnowszą konfigurację do wywołań funkcji usługi Azure Functions",
  "appConfigItemTemplateCreatorSampleComponentName": "Funkcje platformy Azure",
  "appConfigItemTemplateCreatorSampleComponentDescription": "Do projektu zostanie dodana nowa funkcja platformy Azure wyzwalana przez protokół HTTP",
  "appConfigItemTemplateCreatorStartupComponentName": "Plik kodu C#",
  "appConfigItemTemplateCreatorStartupComponentDescription": "Do projektu zostanie dodana nowa klasa obsługująca kod startowy usługi Azure App Configuration",
  "appInsigtsConfigComponentName": "Ustawienia w pliku ApplicationInsights.config",
  "appInsightsConfigComponentDescription": "Parametry połączenia zostaną zaktualizowane w pliku konfiguracji",
  "appServiceSettingsComponentName": "Ustawienia usługi Azure AppService",
  "appServiceSettingsComponentDescription": "Ustawienia usługi Azure AppService zostaną zmodyfikowane w celu zapewnienia optymalnego działania nowej zależności",
  "appSettingsComponentName": "Ustawienia w pliku appsettings.json",
  "appSettingsComponentDescription": "Ustawienia aplikacji zostaną zmodyfikowane w celu zapewnienia optymalnego działania nowej zależności",
  "codeComponentName": "Kod",
  "codeComponentDescription": "Kod zostanie dodany do projektu w celu włączenia nowej zależności",
  "dotNetMsIdentityComponentName": "Aktualizuj usługę Azure AD",
  "dotNetMsIdentityDescription": "Wywołuje narzędzie wiersza polecenia dotnet msidentity, aby zakończyć aktualizowanie usługi Azure AD",
  "identityCodeUpdateDescription": "Kod zostanie dodany do projektu w celu włączenia usługi Microsoft Azure Active Directory",
  "launchSettingsComponentName": "Ustawienia w pliku launchSettings.json",
  "launchSettingsComponentDescription": "Plik launchsettings.json należy zaktualizować, aby zapewnić poprawne działanie lokalnego środowiska uruchomieniowego",
  "localAccessComponentName": "Uprawnienia dostępu lokalnego",
  "localAccessComponentDescription": "Uprawnienia w wystąpieniu zostaną zmodyfikowane, aby umożliwić maszynie lokalnej nawiązanie z nim połączenia",
  "msbuildPropertyComponentName": "Właściwości profilu",
  "msbuildPropertyComponentDescription": "Plik *.pubxml profilu zostanie zaktualizowany w celu zapewnienia optymalnego działania nowej zależności",
  "nugetComponentName": "Pakiety NuGet",
  "nugetComponentDescription": "Pakiety NuGet zostaną zmodyfikowane w celu zapewnienia optymalnego działania nowej zależności",
  "projectPropertyComponentName": "Właściwości projektu",
  "projectPropertyComponentDescription": "Właściwości projektu zostaną zaktualizowane w celu włączenia nowej zależności",
  "remoteAccessComponentName": "Uprawnienia dostępu zdalnego",
  "remoteAccessComponentDescription": "Uprawnienia w wystąpieniu zostaną zmodyfikowane, aby umożliwić usłudze App Service nawiązanie z nim połączenia",
  "secretStoreComponentName": "Magazyn wpisów tajnych",
  "secretStoreComponentDescription": "Wpisy tajne aplikacji używane przez nową zależność będą przechowywane w wybranym magazynie wpisów tajnych",
  "itemTemplateCreatorComponentName": "Pliki kodu C#",
  "itemTemplateCreatorComponentDescription": "Zostaną utworzone pliki kodu C# na podstawie szablonu elementu"
}