{
  "model": {
    "id": "appConfig.azure.remote"
  },
  "appliesTo": [
    {
      "when": {
        "$ref": "/definitions/conditions.json#/isDotNetCoreWeb31AndNotNetStandard"
      },
      "config": "appConfig.azure.remote.coreweb"
    },
    {
      "when": {
        "$ref": "/definitions/conditions.json#/isDotNetCoreWebAndNotNetStandard"
      },
      "config": "appConfig.azure.remote.coreweb30"
    },
    {
      "when": {
        "$ref": "/definitions/conditions.json#/isDotNetCoreWithAppConfigCode"
      },
      "config": "appConfig.azure.remote.core"
    },
    {
      "when": {
        "$ref": "/definitions/conditions.json#/isNotDotNetCoreWebAndNotNetStandard"
      },
      "config": "appConfig.azure.remote"
    }
  ]
}
