{
  "model": {
    "id": "appConfig.azure"
  },
  "appliesTo": [
    {
      "when": {
        "$ref": "/definitions/conditions.json#/isDotNetCoreWebAndNotNetStandard"
      },
      "config": "appConfig.azure.coreweb"
    },
    {
      "when": {
        "$ref": "/definitions/conditions.json#/isDotNetCoreWithAppConfigCode"
      },
      "config": "appConfig.azure.core"
    },
    {
      "when": {
        "$ref": "/definitions/conditions.json#/isAzureFunctionWithAppConfigCode"
      },
      "config": "appConfig.azure.function"
    },
    {
      "when": {
        "$ref": "/definitions/conditions.json#/isNotDotNetCoreWebAndNotNetStandard"
      },
      "config": "appConfig.azure"
    }
  ]
}
