{
  "model": {
    "id": "appConfig.azure.local"
  },
  "appliesTo": [
    {
      "when": {
        "$ref": "/definitions/conditions.json#/isDotNetCoreWeb31AndNotNetStandard"
      },
      "config": "appConfig.azure.local.coreweb"
    },
    {
      "when": {
        "$ref": "/definitions/conditions.json#/isDotNetCoreWebAndNotNetStandard"
      },
      "config": "appConfig.azure.local.coreweb30"
    },
    {
      "when": {
        "$ref": "/definitions/conditions.json#/isDotNetCoreWithAppConfigCode"
      },
      "config": "appConfig.azure.local.core"
    },
    {
      "when": {
        "$ref": "/definitions/conditions.json#/isAzureFunctionWithAppConfigCode"
      },
      "config": "appConfig.azure.function"
    },
    {
      "when": {
        "$ref": "/definitions/conditions.json#/isNotDotNetCoreWebAndNotNetStandard"
      },
      "config": "appConfig.azure.local"
    }
  ]
}
