{
  "definitions": {
  },
  "components": {
    "shared": { "$refmerge": "/features/configs/cosmosdb/cosmosdb.json#/components" }, 
    "storage.azure.component.itemTemplateCreator": {
      "definition": {
        "$refmerge": "/definitions/components.json#/itemTemplateCreator"
      },
      "detectors": [],
      "modifiers": [
        {
          "id": "itemTemplates.itemTemplateCreator/local",
          "order": 40,
          "model": {
            "itemTemplate": "Azure.Function.CosmosDBTrigger",
            "parameters": {
              "ConnectionStringSetting": "@@connectionId@@",
              "IncludeLaunchSettings": "False",
              "DatabaseName": "@@DatabaseName@@",
              "CollectionName": "@@CollectionName@@"
            }
          }
        }
      ]
    }
  }
}
