{
  "definitions": {
  },
  "components": {
    "cosmosdb.component.nuget": {
      "definition": {
        "$refmerge": "/definitions/components.json#/nuget"
      },
      "detectors": [
        {
          "id": "nuget.generic/allPackages",
          "confidence": "Medium",
          "model": {
            "packages": {
              "Microsoft.Azure.Cosmos": ""
            }
          }
        }
      ],
      "modifiers": [
        {
          "id": "nuget.generic/allPackages",
          "order": 10,
          "model": {
            "jobs": {
              ".NETCoreApp,Version=2.1": {
                "$ref": "/definitions/packages.json#/cosmosdb/.NETCoreApp,Version=2.1"
              }
            }
          }
        }
      ]
    },
    "cosmosdb.component.secretStore": {
      "definition": {
        "$refmerge": "/definitions/components.json#/secretStore"
      },
      "detectors": [],
      "modifiers": [
        {
          "id": "secrets.secretStore/local",
          "restorable": true,
          "model": {
            "secretStore": "@@secretStore@@",
            "secretName": "@@connectionId@@",
            "secretValue": "@@ConnectionValue@@",
            "secretStoreResourceId": "@@SecretStoreResourceId@@",
            "secretExtraData": {
              "valueKind": "Setting"
            }
          }
        }
      ]
    }
  }
}
