{
  "appConfigCodeComponentName": "코드",
  "appConfigCodeComponentDescription": "Azure App Configuration 서비스를 앱에 통합하는 방법을 보여 주는 코드가 추가됩니다.",
  "appConfigStartupCodeComponentName": "시작 코드",
  "appConfigStartupCodeComponentDescription": "Azure Functions 호출에 최신 구성을 삽입하는 방법을 보여 주는 시작 코드가 추가됩니다.",
  "appConfigItemTemplateCreatorSampleComponentName": "Azure 함수",
  "appConfigItemTemplateCreatorSampleComponentDescription": "새 HTTP 트리거된 Azure 함수가 프로젝트에 추가됩니다.",
  "appConfigItemTemplateCreatorStartupComponentName": "C# 코드 파일",
  "appConfigItemTemplateCreatorStartupComponentDescription": "Azure App Configuration 시작 코드를 호스팅하는 새 클래스가 프로젝트에 추가됩니다.",
  "appInsigtsConfigComponentName": "ApplicationInsights.config의 설정",
  "appInsightsConfigComponentDescription": "구성 파일에서 연결 문자열이 업데이트됩니다.",
  "appServiceSettingsComponentName": "Azure AppService 설정",
  "appServiceSettingsComponentDescription": "새 종속성이 최적으로 작동하도록 Azure AppService 설정이 수정됩니다.",
  "appSettingsComponentName": "appsettings.json의 설정",
  "appSettingsComponentDescription": "새 종속성이 최적으로 작동하도록 애플리케이션 설정이 수정됩니다.",
  "codeComponentName": "코드",
  "codeComponentDescription": "새 종속성을 사용하도록 설정하기 위해 코드가 프로젝트에 추가됩니다.",
  "dotNetMsIdentityComponentName": "Azure AD 업데이트",
  "dotNetMsIdentityDescription": "dotnet msidentity 명령줄 도구를 호출하여 Azure AD 업데이트를 완료합니다",
  "identityCodeUpdateDescription": "Azure AD를 사용하도록 설정하는 코드가 프로젝트에 추가됩니다.",
  "launchSettingsComponentName": "launchSettings.json의 설정",
  "launchSettingsComponentDescription": "올바른 로컬 런타임 동작을 수행하려면 launchSettings.json을 업데이트해야 합니다.",
  "localAccessComponentName": "로컬 액세스 권한",
  "localAccessComponentDescription": "로컬 머신에서 인스턴스에 연결할 수 있도록 인스턴스에 대한 권한이 수정됩니다.",
  "msbuildPropertyComponentName": "프로필 속성",
  "msbuildPropertyComponentDescription": "새 종속성이 최적으로 작동하도록 프로필의 *.pubxml 파일이 업데이트됩니다.",
  "nugetComponentName": "NuGet 패키지",
  "nugetComponentDescription": "새 종속성이 최적으로 작동하도록 NuGet 패키지가 수정됩니다.",
  "projectPropertyComponentName": "프로젝트 속성",
  "projectPropertyComponentDescription": "새 종속성을 사용하도록 설정하기 위해 프로젝트 속성이 업데이트됩니다.",
  "remoteAccessComponentName": "원격 액세스 권한",
  "remoteAccessComponentDescription": "App Service에서 인스턴스에 연결할 수 있도록 인스턴스에 대한 권한이 수정됩니다.",
  "secretStoreComponentName": "비밀 저장소",
  "secretStoreComponentDescription": "새 종속성에 사용되는 애플리케이션 비밀이 선택한 비밀 저장소에 저장됩니다.",
  "itemTemplateCreatorComponentName": "C# 코드 파일",
  "itemTemplateCreatorComponentDescription": "항목 템플릿에서 C# 코드 파일이 생성됨"
}