{
  "appConfigCodeComponentName": "Code",
  "appConfigCodeComponentDescription": "Du code sera ajouté pour montrer comment incorporer le service de Azure App Configuration dans l’application",
  "appConfigStartupCodeComponentName": "Code de démarrage",
  "appConfigStartupCodeComponentDescription": "Le code de démarrage sera ajouté pour montrer comment injecter la dernière configuration sur des appels Azure Functions",
  "appConfigItemTemplateCreatorSampleComponentName": "Fonction Azure",
  "appConfigItemTemplateCreatorSampleComponentDescription": "Une nouvelle fonction Azure déclenchée par HTTP va être ajoutée au projet",
  "appConfigItemTemplateCreatorStartupComponentName": "Fichier de code C#",
  "appConfigItemTemplateCreatorStartupComponentDescription": "Une nouvelle classe hébergeant le code de démarrage de Azure App Configuration sera ajoutée au projet",
  "appInsigtsConfigComponentName": "Paramètres dans ApplicationInsights.config",
  "appInsightsConfigComponentDescription": "La chaîne de connexion va être mise à jour dans le fichier config",
  "appServiceSettingsComponentName": "Paramètres d'Azure App Service",
  "appServiceSettingsComponentDescription": "Les paramètres d'Azure App Service vont être modifiés pour garantir le fonctionnement optimal de la nouvelle dépendance",
  "appSettingsComponentName": "Paramètres dans appsettings.json",
  "appSettingsComponentDescription": "Les paramètres d'application vont être modifiés pour garantir le fonctionnement optimal de la nouvelle dépendance",
  "codeComponentName": "Code",
  "codeComponentDescription": "Du code va être ajouté au projet pour permettre l'utilisation d'une nouvelle dépendance",
  "dotNetMsIdentityComponentName": "Mettre à jour Azure AD",
  "dotNetMsIdentityDescription": "Appelle l’outil en ligne de commande dotnet msidentity pour terminer la mise à jour Azure AD",
  "identityCodeUpdateDescription": "Du code va être ajouté au projet pour permettre l'utilisation d'Azure AD",
  "launchSettingsComponentName": "Paramètres dans launchSettings.json",
  "launchSettingsComponentDescription": "launchSettings.json doit être mis à jour pour permettre au runtime local de se comporter de manière appropriée",
  "localAccessComponentName": "Autorisations pour l'accès local",
  "localAccessComponentDescription": "Les autorisations d'accès à l'instance vont être modifiées pour permettre à votre machine locale de s'y connecter",
  "msbuildPropertyComponentName": "Propriétés du profil",
  "msbuildPropertyComponentDescription": "Le fichier *.pubxml du profil va être mis à jour pour garantir le fonctionnement optimal de la nouvelle dépendance",
  "nugetComponentName": "Packages NuGet",
  "nugetComponentDescription": "Les packages NuGet vont être modifiés pour garantir le fonctionnement optimal de la nouvelle dépendance",
  "projectPropertyComponentName": "Propriétés du projet",
  "projectPropertyComponentDescription": "Les propriétés du projet vont être mises à jour pour permettre l'utilisation d'une nouvelle dépendance",
  "remoteAccessComponentName": "Autorisations d'accès à distance",
  "remoteAccessComponentDescription": "Les autorisations d'accès à l'instance vont être modifiées pour permettre à votre instance d'App Service de s'y connecter",
  "secretStoreComponentName": "Magasin de secrets",
  "secretStoreComponentDescription": "Les secrets d'application utilisés par la nouvelle dépendance vont être stockés dans le magasin de secrets sélectionné",
  "itemTemplateCreatorComponentName": "Fichier(s) de code C#",
  "itemTemplateCreatorComponentDescription": "Un ou plusieurs fichiers de code C# vont être créés à partir du modèle d'élément"
}