{
  "model": {
    "id": "secrets.user"
  },
  "appliesTo": [
    {
      "when": {
        "$ref": "/definitions/conditions.json#/isDotNetCoreWebAndNotNetStandard"
      },
      "config": "secrets.user.coreweb"
    },
    {
      "when": {
        "$ref": "/definitions/conditions.json#/isAzureFunction"
      },
      "config": "secrets.user.function"
    },
    {
      "when": {
        "$ref": "/definitions/conditions.json#/isNotDotNetCoreWebAndNotNetStandard"
      },
      "config": "secrets.user"
    }
  ]
}
