{
  "model": {
    "id": "secrets.keyVault.remote"
  },
  "appliesTo": [
    {
      "when": {
        "$ref": "/definitions/conditions.json#/isDotNetCoreWeb31AndNotNetStandard"
      },
      "config": "secrets.keyVault.remote.coreweb31"
    },
    {
      "when": {
        "$ref": "/definitions/conditions.json#/isDotNetCoreWebAndNotNetStandard"
      },
      "config": "secrets.keyVault.remote.coreweb"
    },
    {
      "when": {
        "$ref": "/definitions/conditions.json#/isNotDotNetCoreWebAndNotNetStandard"
      },
      "config": "secrets.keyVault.remote"
    }
  ]
}
