{
  "definitions": { },
  "components": {
    "ef.sqlServer.component.nuget": {
      "definition": {
        "$refmerge": "/definitions/components.json#/nuget"
      },
      "detectors": [
        {
          "id": "nuget.generic/allPackages",
          "confidence": "Medium",
          "model": {
            "packages": {
              "EntityFramework": "",
              "EntityFramework.SqlServer": ""
            }
          }
        }
      ],
      "modifiers": [
        {
          "id": "nuget.generic/allPackages",
          "order": 10,
          "model": {
            "jobs": {
              ".NETFramework,Version=4.0": {
                "$ref": "/definitions/packages.json#/ef.sqlServer/.NETFramework,Version=4.0"
              }
            }
          }
        }
      ]
    },
    "ef.sqlServer.component.secretStore": {
      "definition": {
        "$refmerge": "/definitions/components.json#/secretStore"
      },
      "detectors": [],
      "modifiers": [
        {
          "id": "secrets.secretStore/local",
          "order": 30,
          "restorable": true,
          "model": {
            "secretStore": "@@secretStore@@",
            "secretName": "@@connectionId@@",
            "secretValue": "@@ConnectionValue@@",
            "secretStoreResourceId": "@@SecretStoreResourceId@@",
            "secretExtraData": {
              "valueKind": "ConnectionString",
              "databaseType": "SQLAzure"
            }
          }
        }
      ]
    }
  }
}
