{
  "definitions": { },
  "components": {
    "ef.sqlServer.component.appSettings": {
      "definition": {
        "$refmerge": "/definitions/components.json#/appSettings"
      },
      "detectors": [
        {
          "id": "appSettings.connectionStrings/explicitSection",
          "confidence": "Medium",
          "model": {
            "sections": [
              "ConnectionStrings"
            ],
            "visitors": [
              "settings.sql.connectionString"
            ],
            "trimParentPath": false
          }
        },
        {
          "id": "appSettings.connectionStrings/everywhere",
          "confidence": "Low",
          "model": {
            "sections": [
              "-ConnectionStrings",
              "*"
            ],
            "visitors": [
              "settings.sql.connectionString"
            ]
          }
        }
      ],
      "modifiers": [
      ]
    },
    "ef.sqlServer.component.nuget": {
      "definition": {
        "$refmerge": "/definitions/components.json#/nuget"
      },
      "detectors": [
        {
          "id": "nuget.generic/allPackages",
          "confidence": "Medium",
          "model": {
            "packages": {
              "EntityFramework": "",
              "EntityFramework.SqlServer": "",
              "Microsoft.EntityFrameworkCore": "",
              "Microsoft.EntityFrameworkCore.Relational": "",
              "Microsoft.EntityFrameworkCore.SqlServer": "",
              "Microsoft.EntityFrameworkCore.Abstractions": "",
              "Microsoft.AspNet.Identity.EntityFramework": "",
              "Microsoft.EntityFrameworkCore.Analyzers": "",
              "Microsoft.EntityFrameworkCore.Design": "",
              "Microsoft.EntityFrameworkCore.InMemory": "",
              "Microsoft.EntityFrameworkCore.Tools": ""
            }
          }
        }
      ],
      "modifiers": [
        {
          "id": "nuget.generic/allPackages",
          "order": 10,
          "model": {
            "jobs": {
              ".NETCoreApp,Version=3.0": {
                "$ref": "/definitions/packages.json#/ef.sqlServer/.NETCoreApp,Version=3.0"
              },
              ".NETCoreApp,Version=3.1": {
                "$ref": "/definitions/packages.json#/ef.sqlServer/.NETCoreApp,Version=3.1"
              },
              ".NETCoreApp,Version=5.0": {
                "$ref": "/definitions/packages.json#/ef.sqlServer/.NETCoreApp,Version=5.0"
              },
              ".NETFramework,Version=4.0": {
                "$ref": "/definitions/packages.json#/ef.sqlServer/.NETFramework,Version=4.0"
              }
            }
          }
        }
      ]
    },
    "ef.sqlServer.component.secretStore": {
      "definition": {
        "$refmerge": "/definitions/components.json#/secretStore"
      },
      "detectors": [],
      "modifiers": [
        {
          "id": "secrets.secretStore/local",
          "restorable": true,
          "model": {
            "secretStore": "@@secretStore@@",
            "secretName": "@@connectionId@@",
            "secretValue": "@@ConnectionValue@@",
            "secretStoreResourceId": "@@SecretStoreResourceId@@",
            "secretExtraData": {
              "valueKind": "ConnectionString",
              "databaseType": "SQLAzure"
            }
          }
        }
      ]
    }
  }
}
