{
  "model": {
    "id": "signalr.local"
  },
  "appliesTo": [
    {
      "when": {
        "$ref": "/definitions/conditions.json#/isDotNetCoreWebAndNotNetStandard"
      },
      "config": "signalr.local.coreweb"
    },
    {
      "when": {
        "$ref": "/definitions/conditions.json#/isAzureFunction"
      },
      "config": "signalr.local.azure.function"
    },
    {
      "when": {
        "$ref": "/definitions/conditions.json#/isNotDotNetCoreWebAndNotNetStandard"
      },
      "config": "signalr.local"
    }
  ]
}
