{
  "appConfigCodeComponentName": "Код",
  "appConfigCodeComponentDescription": "Будет добавлен код, чтобы продемонстрировать, как включить службу конфигурации приложения Azure в приложение",
  "appConfigStartupCodeComponentName": "Код запуска",
  "appConfigStartupCodeComponentDescription": "Код запуска будет добавлен, чтобы продемонстрировать, как внедрить последнюю конфигурацию в вызовы функций Azure",
  "appConfigItemTemplateCreatorSampleComponentName": "Функция Azure",
  "appConfigItemTemplateCreatorSampleComponentDescription": "В проект будет добавлена новая функция Azure, запускаемая по протоколу HTTP",
  "appConfigItemTemplateCreatorStartupComponentName": "Файл кода C#",
  "appConfigItemTemplateCreatorStartupComponentDescription": "В проект будет добавлен новый класс, содержащий код запуска конфигурации приложения Azure",
  "appInsigtsConfigComponentName": "Параметры в ApplicationInsights.config",
  "appInsightsConfigComponentDescription": "Строка подключения будет обновлена в файле конфигурации",
  "appServiceSettingsComponentName": "Параметры Службы приложений Azure",
  "appServiceSettingsComponentDescription": "Параметры Службы приложений Azure будут изменены для оптимальной работы новой зависимости.",
  "appSettingsComponentName": "Параметры в appsettings.json",
  "appSettingsComponentDescription": "Параметры приложения будут изменены для оптимальной работы новой зависимости.",
  "codeComponentName": "Код",
  "codeComponentDescription": "В проект будет добавлен код для включения новой зависимости.",
  "dotNetMsIdentityComponentName": "Обновление Azure AD",
  "dotNetMsIdentityDescription": "Вызов средства интерфейса командной строки msidentity dotnet для завершения обновления Azure AD",
  "identityCodeUpdateDescription": "Код будет добавлен в проект для включения Azure AD",
  "launchSettingsComponentName": "Параметры в launchSettings.json",
  "launchSettingsComponentDescription": "Для корректной работы локальной среды выполнения необходимо обновить launchSettings.json.",
  "localAccessComponentName": "Разрешения для локального доступа",
  "localAccessComponentDescription": "Разрешения для экземпляра будут изменены, чтобы разрешить локальному компьютеру подключаться к нему.",
  "msbuildPropertyComponentName": "Свойства профиля",
  "msbuildPropertyComponentDescription": "Файл *.pubxml профиля будет обновлен для обеспечения оптимальной работы новой зависимости.",
  "nugetComponentName": "Пакеты NuGet",
  "nugetComponentDescription": "Пакеты NuGet будут изменены для оптимальной работы новой зависимости.",
  "projectPropertyComponentName": "Свойства проекта",
  "projectPropertyComponentDescription": "Свойства проекта будут обновлены для включения новой зависимости.",
  "remoteAccessComponentName": "Разрешения для удаленного доступа",
  "remoteAccessComponentDescription": "Разрешения для экземпляра будут изменены, чтобы разрешить Службе приложений подключиться к нему.",
  "secretStoreComponentName": "Хранилище секретов",
  "secretStoreComponentDescription": "Секреты приложения, используемые новой зависимостью, будут храниться в выбранном хранилище секретов.",
  "itemTemplateCreatorComponentName": "Файлы кода C#",
  "itemTemplateCreatorComponentDescription": "Будут созданы файлы кода C# на основе шаблона элемента."
}