{
  "definitions": {
    "locations": {
      "ConfigureServicesMethod": [
        {
          "kind": "Method",
          "properties": {
            "Method": "ConfigureServices",
            "TypeName": "Microsoft.Extensions.DependencyInjection.IServiceCollection"
          }
        }
      ]
    }
  },
  "components": {
    "grpc.component.code": {
      "definition": {
        "$refmerge": "/definitions/components.json#/code"
      },
      "detectors": [
        {
          "id": "code.generic/startup",
          "confidence": "High",
          "model": {
            "kind": "Generic",
            "detectionLocations": [
              {
                "parts": [
                  {
                    "$refmerge": "#/definitions/locations/ConfigureServicesMethod"
                  },
                  {
                    "kind": "Invocation",
                    "properties": {
                      "Invocation": "UseEndpoints",
                      "TypeName": "Microsoft.AspNetCore.Builder.IApplicationBuilder"
                    }
                  },
                  {
                    "kind": "ArgumentDelegate",
                    "properties": {
                      "TypeName": "System.Action<Microsoft.AspNetCore.Routing.IEndpointRouteBuilder>"
                    }
                  },
                  {
                    "kind": "Invocation",
                    "properties": {
                      "Invocation": "MapGrpcService",
                      "TypeName": "Microsoft.AspNetCore.Routing.IEndpointRouteBuilder"
                    }
                  }
                ]
              },
              {
                "parts": [
                  {
                    "$refmerge": "#/definitions/locations/ConfigureServicesMethod"
                  },
                  {
                    "kind": "Invocation",
                    "properties": {
                      "Invocation": "AddGrpc",
                      "TypeName": "Microsoft.Extensions.DependencyInjection.GrpcServicesExtensions"
                    }
                  }
                ]
              }
            ]
          }
        }
      ],
      "modifiers": []
    }
  }
}
