{
  "definitions": {
    "shared": {
      "$refmerge": "/features/configs/storage/storage.azure.coreweb.json#/definitions"
    }
  },
  "components": {
    "shared": {
      "$refmerge": "/features/configs/storage/storage.azure.coreweb.json#/components"
    },
    "local": {
      "$ref": "/features/configs/storage/storage.azure.local.json#/components/storage.azure.component.localAccess"
    },
    "storage.azure.component.launchsettings": {
      "definition": {
        "$refmerge": "/definitions/components.json#/launchsettings"
      },
      "detectors": [
      ],
      "modifiers": [
        {
          "id": "jsonproperty.generic/envVars",
          "restorable": true,
          "model": {
            "filePath": "@@propertiesFolder@@/launchSettings.json",
            "key": "profiles/*/environmentVariables",
            "properties": {
              "AZURE_USERNAME": {
                "value": "@@AzureUsername@@",
                "action": "replace"
              }
            }
          }
        }
      ]
    }        
  }
}
