{
  "components": {
    "storage.azure.component.nuget": {
      "definition": {
        "$refmerge": "/definitions/components.json#/nuget"
      },
      "detectors": [
        {
          "id": "nuget.generic/allPackages",
          "confidence": "Medium",
          "model": {
            "packages": {
              "Azure.Storage.Blobs": "",
              "Azure.Storage.Files": "",
              "Azure.Storage.Files.Shares": "",
              "Azure.Storage.Queues": "",
              "WindowsAzure.Storage": ""
            }
          }
        }
      ],
      "modifiers": [
        {
          "id": "nuget.generic/allPackages",
          "order": 10,
          "model": {
            "jobs": {
              ".NETFramework,Version=2.0": {
                "$ref": "/definitions/packages.json#/storage.azure/.NETFramework,Version=2.0"
              },
              ".NETFramework,Version=4.0": {
                "$ref": "/definitions/packages.json#/storage.azure/.NETFramework,Version=4.0"
              },
              ".NETFramework,Version=4.5.2": {
                "$ref": "/definitions/packages.json#/storage.azure/.NETFramework,Version=4.5.2"
              },
              ".NETFramework,Version=4.6.1": {
                "$ref": "/definitions/packages.json#/storage.azure/.NETFramework,Version=4.6.1"
              }
            }
          }
        }
      ]
    },
    "storage.azure.component.secretStore": {
      "definition": {
        "$refmerge": "/definitions/components.json#/secretStore"
      },
      "detectors": [],
      "modifiers": [
        {
          "id": "secrets.secretStore/local",
          "order": 30,
          "restorable": true,
          "model": {
            "secretStore": "@@secretStore@@",
            "secretName": "@@connectionId@@",
            "secretValue": "@@ConnectionValue@@",
            "secretStoreResourceId": "@@SecretStoreResourceId@@",
            "secretExtraData": {
              "valueKind": "Setting"
            }
          }
        }
      ]
    }
  }
}
