{
  "components": {
    "shared": { "$refmerge": "/features/configs/storage/storage.azure.json#/components" },
    "storage.azure.component.remoteAccess": {
      "definition": {
        "$refmerge": "/definitions/components.json#/remoteAccess"
      },
      "detectors": [
      ],
      "modifiers": [
        {
          "id": "access.appservice/rbac",
          "order": 10,
          "model": {
            "targetResourceId": "@@resourceId@@",
            "appServiceResourceId": "@@ProfileResourceId@@",
            "roleDefinitionId": "17d1049b-9a84-46fb-8f53-869881c3d3ab"
          }
        }
      ]
    }
  }
}
