{
  "components": {
    "shared": { "$refmerge": "/features/configs/storage/storage.azure.local.json#/components" },
    "storage.azure.component.itemTemplateCreator": {
      "definition": {
        "$refmerge": "/definitions/components.json#/itemTemplateCreator"
      },
      "detectors": [],
      "modifiers": [
        {
          "id": "itemTemplates.itemTemplateCreator/local",
          "order": 40,
          "model": {
            "itemTemplate": "Azure.Function.BlobTrigger",
            "parameters": {
              "IncludeLaunchSettings": "False",
              "Connection": "@@connectionId@@",
              "Path": "@@Path@@"
            }
          }
        },
        {
          "id": "itemTemplates.itemTemplateCreator/local",
          "order": 40,
          "model": {
            "itemTemplate": "Azure.Function.QueueTrigger",
            "parameters": {
              "IncludeLaunchSettings": "False",
              "Connection": "@@connectionId@@",
              "QueueName": "@@QueueName@@"
            }
          }
        }
      ]
    }
  }
}
