{
  "definitions": {
    "locations": {
      "ConfigureServicesMethod": [
        {
          "kind": "Method",
          "properties": {
            "Method": "ConfigureServices",
            "TypeName": "Microsoft.Extensions.DependencyInjection.IServiceCollection"
          }
        }
      ],
      "ArgumentDelegate_With_AzureClientFactoryBuilder": [
        {
          "$refmerge": "#/definitions/locations/ConfigureServicesMethod"
        },
        {
          "kind": "Invocation",
          "properties": {
            "Invocation": "AddAzureClients",
            "TypeName": "Microsoft.Extensions.DependencyInjection.IServiceCollection"
          }
        },
        {
          "kind": "ArgumentDelegate",
          "properties": {
            "TypeName": "System.Action<Microsoft.Extensions.Azure.AzureClientFactoryBuilder>"
          }
        }
      ],
      "ExtensionsClassNamespace": [
        {
          "$refmerge": "#/definitions/locations/ConfigureServicesMethod"
        },
        {
          "kind": "Namespace",
          "properties": {
          }
        }
      ]
    },
    "tokens": {
      "localVar_AzureClientFactoryBuilder": {
        "name": "localVar",
        "kind": "MethodParameter",
        "properties": {
          "TypeName": "Microsoft.Extensions.Azure.AzureClientFactoryBuilder"
        }
      },
      "localVar_IServiceCollection": {
        "name": "localVar",
        "kind": "MethodParameter",
        "properties": {
          "TypeName": "Microsoft.Extensions.DependencyInjection.IServiceCollection"
        }
      },
      "configurationClassProperty": {
        "name": "configurationClassProperty",
        "kind": "ClassProperty",
        "properties": {
          "TypeName": "Microsoft.Extensions.Configuration.IConfiguration"
        }
      },
      "connectionId": {
        "name": "connectionId",
        "kind": "ExternalValue",
        "properties": {
          "ModelPropertyName": "connectionId"
        }
      }
    }
  },
  "components": {
    "storage.azure.component.appSettings": {
      "definition": {
        "$refmerge": "/definitions/components.json#/appSettings"
      },
      "detectors": [
        {
          "id": "appSettings.connectionStrings/explicitSection",
          "confidence": "Medium",
          "model": {
            "sections": [
              "ConnectionStrings"
            ],
            "visitors": [
              "settings.storage.connectionString"
            ],
            "trimParentPath": false
          }
        },
        {
          "id": "appSettings.connectionStrings/everywhere",
          "confidence": "Low",
          "model": {
            "sections": [
              "-ConnectionStrings",
              "*"
            ],
            "visitors": [
              "settings.storage.connectionString"
            ]
          }
        }
      ],
      "modifiers": [
      ]
    },
    "storage.azure.component.code": {
      "definition": {
        "$refmerge": "/definitions/components.json#/code"
      },
      "detectors": [
        {
          "id": "code.generic/startup",
          "confidence": "High",
          "model": {
            "kind": "Generic",
            "detectionLocations": [
              {
                "parts": [
                  {
                    "$refmerge": "#/definitions/locations/ArgumentDelegate_With_AzureClientFactoryBuilder"
                  },
                  {
                    "kind": "Invocation",
                    "properties": {
                      "Invocation": "AddBlobServiceClient",
                      "TypeName": "Microsoft.Extensions.Azure.AzureClientFactoryBuilder"
                    }
                  }
                ]
              },
              {
                "parts": [
                  {
                    "$refmerge": "#/definitions/locations/ArgumentDelegate_With_AzureClientFactoryBuilder"
                  },
                  {
                    "kind": "Invocation",
                    "properties": {
                      "Invocation": "AddFileServiceClient",
                      "TypeName": "Microsoft.Extensions.Azure.AzureClientFactoryBuilder"
                    }
                  }
                ]
              },
              {
                "parts": [
                  {
                    "$refmerge": "#/definitions/locations/ArgumentDelegate_With_AzureClientFactoryBuilder"
                  },
                  {
                    "kind": "Invocation",
                    "properties": {
                      "Invocation": "AddQueueServiceClient",
                      "TypeName": "Microsoft.Extensions.Azure.AzureClientFactoryBuilder"
                    }
                  }
                ]
              }
            ]
          }
        }
      ],
      "modifiers": [
        {
          "id": "code.generic/startup",
          "order": 20,
          "model": {
            "snippetModels": [
              {
                "name": "EnsureSystemNamespace",
                "snippets": [
                  {
                    "kind": "Empty",
                    "location": {
                      "parts": [
                        {
                          "$refmerge": "#/definitions/locations/ConfigureServicesMethod"
                        },
                        {
                          "kind": "UsingDeclaration",
                          "properties": {
                            "UsingDeclaration": "using System;"
                          }
                        }
                      ]
                    },
                    "body": "",
                    "tokens": {}
                  },
                  {
                    "kind": "UsingDeclaration",
                    "location": {
                      "parts": [
                        {
                          "$refmerge": "#/definitions/locations/ConfigureServicesMethod"
                        }
                      ]
                    },
                    "body": "using System;",
                    "tokens": {}
                  }
                ]
              },
              {
                "name": "EnsureAzureCoreExtensionsNamespace",
                "snippets": [
                  {
                    "kind": "Empty",
                    "location": {
                      "parts": [
                        {
                          "$refmerge": "#/definitions/locations/ConfigureServicesMethod"
                        },
                        {
                          "kind": "UsingDeclaration",
                          "properties": {
                            "UsingDeclaration": "using Azure.Core.Extensions;"
                          }
                        }
                      ]
                    },
                    "body": "",
                    "tokens": {}
                  },
                  {
                    "kind": "UsingDeclaration",
                    "location": {
                      "parts": [
                        {
                          "$refmerge": "#/definitions/locations/ConfigureServicesMethod"
                        }
                      ]
                    },
                    "body": "using Azure.Core.Extensions;",
                    "tokens": {}
                  }
                ]
              },
              {
                "name": "EnsureAzureStorageBlobsNamespace",
                "snippets": [
                  {
                    "kind": "Empty",
                    "location": {
                      "parts": [
                        {
                          "$refmerge": "#/definitions/locations/ConfigureServicesMethod"
                        },
                        {
                          "kind": "UsingDeclaration",
                          "properties": {
                            "UsingDeclaration": "using Azure.Storage.Blobs;"
                          }
                        }
                      ]
                    },
                    "body": "",
                    "tokens": {}
                  },
                  {
                    "kind": "UsingDeclaration",
                    "location": {
                      "parts": [
                        {
                          "$refmerge": "#/definitions/locations/ConfigureServicesMethod"
                        }
                      ]
                    },
                    "body": "using Azure.Storage.Blobs;",
                    "tokens": {}
                  }
                ]
              },
              {
                "name": "EnsureAzureStorageQueuesNamespace",
                "snippets": [
                  {
                    "kind": "Empty",
                    "location": {
                      "parts": [
                        {
                          "$refmerge": "#/definitions/locations/ConfigureServicesMethod"
                        },
                        {
                          "kind": "UsingDeclaration",
                          "properties": {
                            "UsingDeclaration": "using Azure.Storage.Queues;"
                          }
                        }
                      ]
                    },
                    "body": "",
                    "tokens": {}
                  },
                  {
                    "kind": "UsingDeclaration",
                    "location": {
                      "parts": [
                        {
                          "$refmerge": "#/definitions/locations/ConfigureServicesMethod"
                        }
                      ]
                    },
                    "body": "using Azure.Storage.Queues;",
                    "tokens": {}
                  }
                ]
              },
              {
                "name": "EnsureMicrosoftExtensionsAzureNamespaces",
                "snippets": [
                  {
                    "kind": "Empty",
                    "location": {
                      "parts": [
                        {
                          "$refmerge": "#/definitions/locations/ConfigureServicesMethod"
                        },
                        {
                          "kind": "UsingDeclaration",
                          "properties": {
                            "UsingDeclaration": "using Microsoft.Extensions.Azure;"
                          }
                        }
                      ]
                    },
                    "body": "",
                    "tokens": {}
                  },
                  {
                    "kind": "UsingDeclaration",
                    "location": {
                      "parts": [
                        {
                          "$refmerge": "#/definitions/locations/ConfigureServicesMethod"
                        }
                      ]
                    },
                    "body": "using Microsoft.Extensions.Azure;",
                    "tokens": {}
                  }
                ]
              },
              {
                "name": "EnsureMicrosoftExtensionsConfigurationNamespace",
                "snippets": [
                  {
                    "kind": "Empty",
                    "location": {
                      "parts": [
                        {
                          "$refmerge": "#/definitions/locations/ConfigureServicesMethod"
                        },
                        {
                          "kind": "UsingDeclaration",
                          "properties": {
                            "UsingDeclaration": "using Microsoft.Extensions.Configuration;"
                          }
                        }
                      ]
                    },
                    "body": "",
                    "tokens": {}
                  },
                  {
                    "kind": "UsingDeclaration",
                    "location": {
                      "parts": [
                        {
                          "$refmerge": "#/definitions/locations/ConfigureServicesMethod"
                        }
                      ]
                    },
                    "body": "using Microsoft.Extensions.Configuration;",
                    "tokens": {}
                  }
                ]
              },
              {
                "name": "AddExtensionsClassDeclarationAndBody",
                "snippets": [
                  {
                    "kind": "Empty",
                    "location": {
                      "parts": [
                        {
                          "$refmerge": "#/definitions/locations/ExtensionsClassNamespace"
                        },
                        {
                          "kind": "ClassDeclaration",
                          "properties": {
                            "Class": "StartupExtensions"
                          }
                        }
                      ]
                    },
                    "body": "",
                    "tokens": {
                    }
                  },
                  {
                    "kind": "ClassDeclaration",
                    "location": {
                      "parts": [
                        {
                          "$refmerge": "#/definitions/locations/ExtensionsClassNamespace"
                        }
                      ]
                    },
                    "body": "internal static class StartupExtensions\r\n{\r\npublic static IAzureClientBuilder<BlobServiceClient, BlobClientOptions> AddBlobServiceClient(this AzureClientFactoryBuilder builder, string serviceUriOrConnectionString, bool preferMsi)\r\n{\r\nif (preferMsi && Uri.TryCreate(serviceUriOrConnectionString, UriKind.Absolute, out Uri serviceUri))\r\n{\r\nreturn builder.AddBlobServiceClient(serviceUri);\r\n}\r\nelse\r\n{\r\nreturn builder.AddBlobServiceClient(serviceUriOrConnectionString);\r\n}\r\n}\r\npublic static IAzureClientBuilder<QueueServiceClient, QueueClientOptions> AddQueueServiceClient(this AzureClientFactoryBuilder builder, string serviceUriOrConnectionString, bool preferMsi)\r\n{\r\nif (preferMsi && Uri.TryCreate(serviceUriOrConnectionString, UriKind.Absolute, out Uri serviceUri))\r\n{\r\nreturn builder.AddQueueServiceClient(serviceUri);\r\n}\r\nelse\r\n{\r\nreturn builder.AddQueueServiceClient(serviceUriOrConnectionString);\r\n}\r\n}\r\n}",
                    "tokens": {
                    }
                  }
                ]
              },
              {
                "name": "EnsureStartupClassConfigurationProperty",
                "snippets": [
                  {
                    "kind": "Empty",
                    "location": {
                      "parts": [
                        {
                          "kind": "Method",
                          "properties": {
                            "Method": "ConfigureServices",
                            "TypeName": "Microsoft.Extensions.DependencyInjection.IServiceCollection"
                          }
                        },
                        {
                          "kind": "ClassProperty",
                          "properties": {
                            "TypeName": "Microsoft.Extensions.Configuration.IConfiguration"
                          }
                        }
                      ]
                    },
                    "body": "",
                    "tokens": {}
                  },
                  {
                    "kind": "ClassProperty",
                    "location": {
                      "parts": [
                        {
                          "$refmerge": "#/definitions/locations/ConfigureServicesMethod"
                        }
                      ]
                    },
                    "body": "public IConfiguration Configuration { get; }",
                    "tokens": {},
                    "resultTokenName": "configurationClassProperty"
                  }
                ]
              },
              {
                "name": "EnsureStartupClassConstructorWithConfiguration",
                "snippets": [
                  {
                    "kind": "Empty",
                    "location": {
                      "parts": [
                        {
                          "$refmerge": "#/definitions/locations/ConfigureServicesMethod"
                        },
                        {
                          "kind": "ClassConstructor",
                          "properties": {}
                        }
                      ]
                    },
                    "body": "",
                    "tokens": {}
                  },
                  {
                    "kind": "ClassConstructor",
                    "location": {
                      "parts": [
                        {
                          "$refmerge": "#/definitions/locations/ConfigureServicesMethod"
                        }
                      ]
                    },
                    "body": "public @@containingClassName@@(IConfiguration configuration)\r\n    {\r\n    @@configurationClassProperty@@ = configuration;\r\n    }",
                    "tokens": {
                      "containingClassName": {
                        "name": "containingClassName",
                        "kind": "ClassName",
                        "properties": {}
                      },
                      "configurationClassProperty": {
                        "name": "configurationClassProperty",
                        "kind": "ClassProperty",
                        "properties": {
                          "TypeName": "Microsoft.Extensions.Configuration.IConfiguration"
                        }
                      }
                    }
                  }
                ]
              },
              {
                "name": "EnsureBlobClientDIConstruction",
                "snippets": [
                  {
                    "kind": "Empty",
                    "location": {
                      "parts": [
                        {
                          "$refmerge": "#/definitions/locations/ArgumentDelegate_With_AzureClientFactoryBuilder"
                        },
                        {
                          "kind": "Invocation",
                          "properties": {
                            "Invocation": "AddBlobServiceClient",
                            "TypeName": "Microsoft.Extensions.Azure.AzureClientFactoryBuilder"
                          }
                        }
                      ]
                    },
                    "body": "",
                    "tokens": {}
                  },
                  {
                    "kind": "Empty",
                    "location": {
                      "parts": [
                        {
                          "$refmerge": "#/definitions/locations/ArgumentDelegate_With_AzureClientFactoryBuilder"
                        },
                        {
                          "kind": "Invocation",
                          "properties": {
                            "Invocation": "AddQueueServiceClient",
                            "TypeName": "Microsoft.Extensions.Azure.AzureClientFactoryBuilder"
                          }
                        }
                      ]
                    },
                    "body": "",
                    "tokens": {}
                  },
                  {
                    "kind": "Expression",
                    "location": {
                      "parts": [
                        {
                          "$refmerge": "#/definitions/locations/ArgumentDelegate_With_AzureClientFactoryBuilder"
                        }
                      ]
                    },
                    "body": "@@localVar@@.AddBlobServiceClient(@@configurationClassProperty@@[`@@connectionId@@:blob`], preferMsi:true);\r\n@@localVar@@.AddQueueServiceClient(@@configurationClassProperty@@[`@@connectionId@@:queue`], preferMsi:true);\r\n",
                    "tokens": {
                      "localVar": {
                        "$ref": "#/definitions/tokens/localVar_AzureClientFactoryBuilder"
                      },
                      "configurationClassProperty": {
                        "$ref": "#/definitions/tokens/configurationClassProperty"
                      },
                      "connectionId": {
                        "$ref": "#/definitions/tokens/connectionId"
                      }
                    }
                  },
                  {
                    "kind": "Expression",
                    "location": {
                      "parts": [
                        {
                          "$refmerge": "#/definitions/locations/ConfigureServicesMethod"
                        }
                      ]
                    },
                    "body": "@@localVar@@.AddAzureClients(builder =>\r\n    {\r\n    builder.AddBlobServiceClient(@@configurationClassProperty@@[`@@connectionId@@:blob`], preferMsi:true);\r\nbuilder.AddQueueServiceClient(@@configurationClassProperty@@[`@@connectionId@@:queue`], preferMsi:true);\r\n    });",
                    "tokens": {
                      "localVar": {
                        "$ref": "#/definitions/tokens/localVar_IServiceCollection"
                      },
                      "configurationClassProperty": {
                        "$ref": "#/definitions/tokens/configurationClassProperty"
                      },
                      "connectionId": {
                        "$ref": "#/definitions/tokens/connectionId"
                      }
                    }
                  }
                ]
              }
            ]
          }
        }
      ]
    },
    "storage.azure.component.nuget": {
      "definition": {
        "$refmerge": "/definitions/components.json#/nuget"
      },
      "detectors": [
        {
          "id": "nuget.generic/allPackages",
          "confidence": "Medium",
          "model": {
            "packages": {
              "Azure.Storage.Blobs": "",
              "Azure.Storage.Files": "",
              "Azure.Storage.Files.Shares": "",
              "Azure.Storage.Queues": "",
              "WindowsAzure.Storage": ""
            }
          }
        }
      ],
      "modifiers": [
        {
          "id": "nuget.generic/allPackages",
          "order": 10,
          "model": {
            "jobs": {
              ".NETCoreApp,Version=1.0": {
                "$ref": "/definitions/packages.json#/storage.azure/.NETCoreApp,Version=1.0"
              },
              ".NETCoreApp,Version=2.0": {
                "$ref": "/definitions/packages.json#/storage.azure/.NETCoreApp,Version=2.0"
              },
              ".NETFramework,Version=2.0": {
                "$ref": "/definitions/packages.json#/storage.azure/.NETFramework,Version=2.0"
              },
              ".NETFramework,Version=4.0": {
                "$ref": "/definitions/packages.json#/storage.azure/.NETFramework,Version=4.0"
              },
              ".NETFramework,Version=4.5.2": {
                "$ref": "/definitions/packages.json#/storage.azure/.NETFramework,Version=4.5.2"
              },
              ".NETFramework,Version=4.6.1": {
                "$ref": "/definitions/packages.json#/storage.azure/.NETFramework,Version=4.6.1"
              }
            }
          }
        }
      ]
    },
    "storage.azure.component.secretStore": {
      "definition": {
        "$refmerge": "/definitions/components.json#/secretStore"
      },
      "detectors": [],
      "modifiers": [
        {
          "id": "secrets.secretStore/local",
          "restorable": true,
          "model": {
            "secretStore": "@@secretStore@@",
            "secretName": "@@connectionId@@",
            "secretValue": "@@ConnectionValue@@",
            "secretStoreResourceId": "@@SecretStoreResourceId@@",
            "secretExtraData": {
              "valueKind": "Setting"
            }
          }
        },
        {
          "id": "secrets.secretStore/local",
          "restorable": true,
          "model": {
            "secretStore": "@@secretStore@@",
            "secretName": "@@connectionId@@:blob",
            "secretValue": "@@BlobEndpoint@@",
            "secretStoreResourceId": "@@SecretStoreResourceId@@",
            "secretExtraData": {
              "valueKind": "Setting"
            }
          }
        },
        {
          "id": "secrets.secretStore/local",
          "restorable": true,
          "model": {
            "secretStore": "@@secretStore@@",
            "secretName": "@@connectionId@@:queue",
            "secretValue": "@@QueueEndpoint@@",
            "secretStoreResourceId": "@@SecretStoreResourceId@@",
            "secretExtraData": {
              "valueKind": "Setting"
            }
          }
        }
      ]
    }
  }
}
