{
  "components": {
    "shared": { "$refmerge": "/features/configs/storage/storage.azure.json#/components" },
    "storage.azure.component.localAccess": {
      "definition": {
        "$refmerge": "/definitions/components.json#/localAccess"
      },
      "detectors": [
      ],
      "modifiers": [
        {
          "id": "access.local/rbac",
          "order": 10,
          "model": {
            "targetResourceId": "@@resourceId@@",
            "roleDefinitionId": "17d1049b-9a84-46fb-8f53-869881c3d3ab",
            "permissionsToCheck": [
              "Microsoft.Storage/storageAccounts/blobServices/containers/delete",
              "Microsoft.Storage/storageAccounts/blobServices/containers/read",
              "Microsoft.Storage/storageAccounts/blobServices/containers/write",
              "Microsoft.Storage/storageAccounts/queueServices/queues/delete",
              "Microsoft.Storage/storageAccounts/queueServices/queues/read",
              "Microsoft.Storage/storageAccounts/queueServices/queues/write"
            ]
          }
        }
      ]
    }
  }
}
