{
  "definitions": {
    "locations": {
      "StartupCode": [
        {
          "kind": "Document",
          "properties": {
            "RelativePath": "AzureAppConfigStartup.cs"
          }
        }
      ],
      "ConfigureAppConfigurationMethod": [
        {
          "kind": "Method",
          "properties": {
            "Method": "ConfigureAppConfiguration",
            "TypeName": "Microsoft.Azure.Functions.Extensions.DependencyInjection.IFunctionsConfigurationBuilder",
            "MethodParameterAnyPosition": true,
            "MethodParameterAnyNumberOfParameters": true
          }
        }
      ],
      "AddAzureAppConfiguration": [
        {
          "kind": "Invocation",
          "properties": {
            "Invocation": "AddAzureAppConfiguration"
          }
        }
      ],
      "SampleCode": [
        {
          "kind": "Document",
          "properties": {
            "RelativePath": "AzureAppConfigSampleFunction.cs"
          }
        }
      ],
      "AzureAppConfigSampleFunctionClass": [
        {
          "kind": "ClassDeclaration",
          "properties": {
            "Class": "AzureAppConfigSampleFunction",
            "Namespace": "AzureAppConfigSampleFunction"
          }
        }
      ],
      "RunMethod": [
        {
          "kind": "Method",
          "properties": {
            "Method": "Run",
            "TypeName": "Microsoft.AspNetCore.Http.HttpRequest",
            "MethodParameterAnyPosition": true,
            "MethodParameterAnyNumberOfParameters": true
          }
        }
      ]
    },
    "tokens": {
      "connectionId": {
        "name": "connectionId",
        "kind": "ExternalValue",
        "properties": {
          "ModelPropertyName": "connectionId"
        }
      },
      "endpoint": {
        "name": "endpoint",
        "kind": "ExternalValue",
        "properties": {
          "ModelPropertyName": "endpoint"
        }
      }
    }
  },
  "components": {
    "appConfig.azure.component.nuget": {
      "definition": {
        "$refmerge": "/definitions/components.json#/nuget"
      },
      "detectors": [
        {
          "$refmerge": "/features/configs/appConfig/appConfig.azure.json#/components/appConfig.azure.component.nuget/detectors"
        }
      ],
      "modifiers": [
        {
          "id": "nuget.generic/allPackages",
          "order": 10,
          "model": {
            "jobs": {
              ".NETCoreApp,Version=2.0": {
                "$ref": "/definitions/packages.json#/appConfig.function/.NETCoreApp,Version=2.0"
              },
              ".NETCoreApp,Version=3.1": {
                "$ref": "/definitions/packages.json#/appConfig.function/.NETCoreApp,Version=3.1"
              },
              ".NETCoreApp,Version=5.0": {
                "$ref": "/definitions/packages.json#/appConfig.function/.NETCoreApp,Version=5.0"
              }
            }
          }
        }
      ]
    },
    "appConfig.azure.component.secretStore": {
      "$ref": "/features/configs/appConfig/appConfig.azure.core.json#/components/appConfig.azure.component.secretStore"
    },
    "appConfig.azure.component.itemTemplateCreatorStartup": {
      "definition": {
        "$refmerge": "/features/configs/appConfig/appConfig.azure.json#/definitions/itemTemplateCreatorStartup"
      },
      "detectors": [],
      "modifiers": [
        {
          "id": "itemTemplates.itemTemplateCreator/appConfigFunctionStartup",
          "order": 25,
          "model": {
            "itemTemplate": "Azure.Function.HttpTrigger",
            "parameters": {
              "IncludeLaunchSettings": "False",
              "targetName": "AzureAppConfigStartup"
            }
          }
        }
      ]
    },
    "appConfig.azure.component.itemTemplateCreatorSample": {
      "definition": {
        "$refmerge": "/features/configs/appConfig/appConfig.azure.json#/definitions/itemTemplateCreatorSample"
      },
      "detectors": [],
      "modifiers": [
        {
          "id": "itemTemplates.itemTemplateCreator/appConfigFunctionSample",
          "order": 26,
          "model": {
            "itemTemplate": "Azure.Function.HttpTrigger",
            "parameters": {
              "IncludeLaunchSettings": "False",
              "targetName": "AzureAppConfigSampleFunction"
            }
          }
        }
      ]
    },
    "appConfig.azure.component.startupCode": {
      "definition": {
        "$refmerge": "/features/configs/appConfig/appConfig.azure.json#/definitions/startupCode"
      },
      "detectors": [
        {
          "id": "code.generic/appConfigFunctionStartupCode",
          "confidence": "High",
          "model": {
            "kind": "Generic",
            "detectionLocations": [
              {
                "parts": [
                  {
                    "$refmerge": "#/definitions/locations/StartupCode"
                  },
                  {
                    "$refmerge": "#/definitions/locations/ConfigureAppConfigurationMethod"
                  },
                  {
                    "$refmerge": "#/definitions/locations/AddAzureAppConfiguration"
                  }
                ]
              }
            ]
          }
        }
      ],
      "modifiers": [
        {
          "id": "code.generic/appConfigFunction",
          "order": 30,
          "model": {
            "snippetModels": [
              {
                "name": "AppConfigFunctionStartup",
                "snippets": [
                  {
                    "kind": "Empty",
                    "location": {
                      "parts": [
                        {
                          "$refmerge": "#/definitions/locations/StartupCode"
                        },
                        {
                          "$refmerge": "#/definitions/locations/ConfigureAppConfigurationMethod"
                        },
                        {
                          "$refmerge": "#/definitions/locations/AddAzureAppConfiguration"
                        }
                      ]
                    },
                    "body": "",
                    "tokens": {}
                  },
                  {
                    "kind": "Document",
                    "location": {
                      "parts": [
                        {
                          "$refmerge": "#/definitions/locations/StartupCode"
                        }
                      ]
                    },
                    "body": "using System;\r\n\r\nusing Azure.Identity;\r\nusing Microsoft.Azure.Functions.Extensions.DependencyInjection;\r\nusing Microsoft.Extensions.Configuration;\r\n\r\n[assembly: FunctionsStartup(typeof(AzureAppConfigStartup))]\r\nclass AzureAppConfigStartup : FunctionsStartup\r\n{\r\npublic const string SentinelKey = `TestApp:Settings:Sentinel`;\r\n\r\npublic override void ConfigureAppConfiguration(IFunctionsConfigurationBuilder builder)\r\n{\r\nvar userSecretConfig = new ConfigurationBuilder();\r\nuserSecretConfig.AddUserSecrets(System.Reflection.Assembly.GetExecutingAssembly(), true);\r\nvar azAppConfigConnection = userSecretConfig.Build()[`@@connectionId@@`];\r\n\r\nif (!string.IsNullOrEmpty(azAppConfigConnection))\r\n{\r\n// Use the connection string if it is available.\r\nbuilder.ConfigurationBuilder.AddAzureAppConfiguration(options =>{\r\noptions.Connect(azAppConfigConnection);\r\n// Load all keys that start with `TestApp:`\r\noptions.Select(`TestApp:*`);\r\noptions.ConfigureRefresh(refresh =>{\r\n// Register for refresh operation.\r\nrefresh.Register(SentinelKey, refreshAll: true);\r\n});\r\n});\r\n}\r\nelse\r\n{\r\n// Use Azure Active Directory authentication.\r\n// The identity of this app should be assigned 'App Configuration Data Reader' or 'App Configuration Data Owner' role in App Configuration.\r\n// For more information, please visit https://aka.ms/vs/azure-app-configuration/concept-enable-rbac\r\nbuilder.ConfigurationBuilder.AddAzureAppConfiguration(options =>{\r\noptions.Connect(new Uri(`@@endpoint@@`), new DefaultAzureCredential());\r\n// Load all keys that start with `TestApp:`\r\noptions.Select(`TestApp:*`);\r\noptions.ConfigureRefresh(refresh =>{\r\n// Register for refresh operation.\r\nrefresh.Register(SentinelKey, refreshAll: true);\r\n});\r\n});\r\n}\r\n}\r\n\r\npublic override void Configure(IFunctionsHostBuilder builder)\r\n{\r\nbuilder.Services.AddAzureAppConfiguration();\r\n}\r\n}\r\n",
                    "tokens": {
                      "connectionId": {
                        "$ref": "#/definitions/tokens/connectionId"
                      },
                      "endpoint": {
                        "$ref": "#/definitions/tokens/endpoint"
                      }
                    }
                  }
                ]
              }
            ]
          }
        }
      ]
    },
    "appConfig.azure.component.code": {
      "definition": {
        "$refmerge": "/features/configs/appConfig/appConfig.azure.json#/definitions/code"
      },
      "detectors": [
        {
          "id": "code.generic/appConfigFunctionSampleCode",
          "confidence": "High",
          "model": {
            "kind": "Generic",
            "detectionLocations": [
              {
                "parts": [
                  {
                    "$refmerge": "#/definitions/locations/SampleCode"
                  },
                  {
                    "$refmerge": "#/definitions/locations/AzureAppConfigSampleFunctionClass"
                  },
                  {
                    "$refmerge": "#/definitions/locations/RunMethod"
                  }
                ]
              }
            ]
          }
        }
      ],
      "modifiers": [
        {
          "id": "code.generic/appConfigFunction",
          "order": 31,
          "model": {
            "snippetModels": [
              {
                "name": "AppConfigFunctionSampleCode",
                "snippets": [
                  {
                    "kind": "Empty",
                    "location": {
                      "parts": [
                        {
                          "$refmerge": "#/definitions/locations/SampleCode"
                        },
                        {
                          "$refmerge": "#/definitions/locations/AzureAppConfigSampleFunctionClass"
                        },
                        {
                          "$refmerge": "#/definitions/locations/RunMethod"
                        }
                      ]
                    },
                    "body": "",
                    "tokens": {}
                  },
                  {
                    "kind": "Document",
                    "location": {
                      "parts": [
                        {
                          "$refmerge": "#/definitions/locations/SampleCode"
                        }
                      ]
                    },
                    "body": "using System.Linq;\r\nusing System.Threading.Tasks;\r\n\r\nusing Microsoft.AspNetCore.Http;\r\nusing Microsoft.AspNetCore.Mvc;\r\nusing Microsoft.Azure.WebJobs;\r\nusing Microsoft.Azure.WebJobs.Extensions.Http;\r\nusing Microsoft.Extensions.Configuration;\r\nusing Microsoft.Extensions.Configuration.AzureAppConfiguration;\r\nusing Microsoft.Extensions.Logging;\r\n\r\nnamespace AzureAppConfigSampleFunction\r\n{\r\npublic class AzureAppConfigSampleFunction\r\n{\r\nprivate readonly IConfiguration _configuration;\r\nprivate readonly IConfigurationRefresher _configurationRefresher;\r\n\r\npublic AzureAppConfigSampleFunction(IConfiguration configuration, IConfigurationRefresherProvider refresherProvider)\r\n{\r\n_configuration = configuration;\r\n_configurationRefresher = refresherProvider.Refreshers.First();\r\n}\r\n\r\n// Uncomment the FunctionName attribute below to enable the function\r\n//[FunctionName(`AzureAppConfigSampleFunction`)]\r\npublic async Task<IActionResult> Run(\r\n[HttpTrigger(AuthorizationLevel.Function, `get`, `post`, Route = null)] HttpRequest req,\r\nILogger log)\r\n{\r\nlog.LogInformation(`C# HTTP trigger function processed a request.`);\r\n\r\nawait _configurationRefresher.TryRefreshAsync();\r\n\r\n// Read the key value in App Configuration.\r\nstring key = `TestApp:Settings:Message`;\r\nstring message = $`'{key}': '{_configuration[key] ?? `Key not found. Please create the key-value in your Azure App Configuration store.`}'`;\r\nreturn (ActionResult)new OkObjectResult(message);\r\n}\r\n}\r\n}\r\n\r\n",
                    "tokens": {}
                  }
                ]
              }
            ]
          }
        }
      ]
    }
  }
}
