{
  "definitions": {
    "$ref": "/features/configs/appConfig/appConfig.azure.coreweb.json#/definitions"
  },
  "components": {
    "appConfig.azure.component.code": {
      "definition": {
        "$refmerge": "/features/configs/appConfig/appConfig.azure.json#/definitions/code"
      },
      "detectors": [
        {
          "id": "code.generic/appConfigWebCore30",
          "confidence": "High",
          "model": {
            "kind": "Generic",
            "detectionLocations": [
              {
                "parts": [
                  {
                    "$refmerge": "#/definitions/locations/CreateWebHostBuilder"
                  },
                  {
                    "kind": "Invocation",
                    "properties": {
                      "Invocation": "AddAzureAppConfiguration"
                    }
                  }
                ]
              }
            ]
          }
        }
      ],
      "modifiers": [
        {
          "id": "code.generic/appConfigWebCore_Main",
          "order": 30,
          "model": {
            "snippetModels": [
              {
                "name": "EnsureMicrosoftExtensionsConfigurationNamespaces",
                "snippets": [
                  {
                    "kind": "Empty",
                    "location": {
                      "parts": [
                        {
                          "$refmerge": "#/definitions/locations/CreateWebHostBuilder"
                        },
                        {
                          "kind": "UsingDeclaration",
                          "properties": {
                            "UsingDeclaration": "using Microsoft.Extensions.Configuration;"
                          }
                        }
                      ]
                    },
                    "body": "",
                    "tokens": {}
                  },
                  {
                    "kind": "UsingDeclaration",
                    "location": {
                      "parts": [
                        {
                          "$refmerge": "#/definitions/locations/CreateWebHostBuilder"
                        }
                      ]
                    },
                    "body": "using Microsoft.Extensions.Configuration;",
                    "tokens": {}
                  }
                ]
              },
              {
                "name": "EnsureAzureIdentityNamespaces",
                "snippets": [
                  {
                    "kind": "Empty",
                    "location": {
                      "parts": [
                        {
                          "$refmerge": "#/definitions/locations/CreateWebHostBuilder"
                        },
                        {
                          "kind": "UsingDeclaration",
                          "properties": {
                            "UsingDeclaration": "using Azure.Identity;"
                          }
                        }
                      ]
                    },
                    "body": "",
                    "tokens": {}
                  },
                  {
                    "kind": "UsingDeclaration",
                    "location": {
                      "parts": [
                        {
                          "$refmerge": "#/definitions/locations/CreateWebHostBuilder"
                        }
                      ]
                    },
                    "body": "using Azure.Identity;",
                    "tokens": {}
                  }
                ]
              },
              {
                "name": "EnsureAddAzureAppConfiguration",
                "snippets": [
                  {
                    "kind": "Empty",
                    "location": {
                      "parts": [
                        {
                          "$refmerge": "#/definitions/locations/CreateWebHostBuilder"
                        },
                        {
                          "kind": "Invocation",
                          "properties": {
                            "Invocation": "AddAzureAppConfiguration"
                          }
                        }
                      ]
                    },
                    "body": "",
                    "tokens": {}
                  },
                  {
                    "kind": "Expression",
                    "location": {
                      "parts": [
                        {
                          "$refmerge": "#/definitions/locations/CreateWebHostBuilder"
                        },
                        {
                          "kind": "Invocation",
                          "properties": {
                            "Invocation": "ConfigureAppConfiguration"
                          }
                        }
                      ]
                    },
                    "body": {
                      "$ref": "/features/configs/appConfig/appConfig.azure.coreweb.json#/definitions/components/appConfig.azure.component.code/body"
                    },
                    "tokens": {
                      "$ref": "/features/configs/appConfig/appConfig.azure.coreweb.json#/definitions/components/appConfig.azure.component.code/tokens"
                    }
                  },
                  {
                    "kind": "Expression",
                    "location": {
                      "parts": [
                        {
                          "$refmerge": "#/definitions/locations/CreateWebHostBuilder"
                        },
                        {
                          "kind": "Invocation",
                          "properties": {
                            "Invocation": "CreateDefaultBuilder"
                          }
                        }
                      ]
                    },
                    "body": {
                      "$ref": "/features/configs/appConfig/appConfig.azure.coreweb.json#/definitions/components/appConfig.azure.component.code/body"
                    },
                    "tokens": {
                      "$ref": "/features/configs/appConfig/appConfig.azure.coreweb.json#/definitions/components/appConfig.azure.component.code/tokens"
                    }
                  }
                ]
              }
            ]
          }
        }
      ]
    }
  }
}
