{
  "definitions": {
    "code": {
      "name": {
        "$ref": "strings:#/appConfigCodeComponentName"
      },
      "image": {
        "$ref": "images:#/code"
      },
      "description": {
        "$ref": "strings:#/appConfigCodeComponentDescription"
      }
    },
    "startupCode": {
      "name": {
        "$ref": "strings:#/appConfigStartupCodeComponentName"
      },
      "image": {
        "$ref": "images:#/code"
      },
      "description": {
        "$ref": "strings:#/appConfigStartupCodeComponentDescription"
      }
    },
    "itemTemplateCreatorSample": {
      "name": {
        "$ref": "strings:#/appConfigItemTemplateCreatorSampleComponentName"
      },
      "image": {
        "$ref": "images:#/azureFunction"
      },
      "description": {
        "$ref": "strings:#/appConfigItemTemplateCreatorSampleComponentDescription"
      }
    },
    "itemTemplateCreatorStartup": {
      "name": {
        "$ref": "strings:#/appConfigItemTemplateCreatorStartupComponentName"
      },
      "image": {
        "$ref": "images:#/csFile"
      },
      "description": {
        "$ref": "strings:#/appConfigItemTemplateCreatorStartupComponentDescription"
      }
    }
  },
  "components": {
    "appConfig.azure.component.nuget": {
      "definition": {
        "$refmerge": "/definitions/components.json#/nuget"
      },
      "detectors": [
        {
          "id": "nuget.generic/allPackages",
          "confidence": "Medium",
          "model": {
            "packages": {
              "Microsoft.Azure.AppConfiguration.AspNetCore": "",
              "Microsoft.Extensions.Configuration.AzureAppConfiguration": "",
              "Microsoft.Configuration.ConfigurationBuilders.AzureAppConfiguration": ""
            }
          }
        }
      ],
      "modifiers": [
        {
          "id": "nuget.generic/allPackages",
          "order": 10,
          "model": {
            "jobs": {
              ".NETCoreApp,Version=2.0": {
                "$ref": "/definitions/packages.json#/appConfig/.NETCoreApp,Version=2.0"
              },
              ".NETCoreApp,Version=3.1": {
                "$ref": "/definitions/packages.json#/appConfig/.NETCoreApp,Version=3.1"
              },
              ".NETFramework,Version=4.7.1": {
                "$ref": "/definitions/packages.json#/appConfig/.NETFramework,Version=4.7.1"
              }
            }
          }
        }
      ]
    }
  }
}
