{
  "components": {
    "appConfig.azure.component.nuget": {
      "$ref": "/features/configs/appConfig/appConfig.azure.json#/components/appConfig.azure.component.nuget"
    },
    "appConfig.azure.component.secretStore": {
      "$ref": "/features/configs/appConfig/appConfig.azure.core.json#/components/appConfig.azure.component.secretStore"
    },
    "appConfig.azure.component.appServiceSettings": {
      "$ref": "/features/configs/appConfig/appConfig.azure.coreweb.json#/components/appConfig.azure.component.appServiceSettings"
    }
  }
}
