{
  "definitions": {
    "$refmerge": "/features/configs/appConfig/appConfig.azure.core.json#/definitions"
  },
  "components": {
    "appConfig.azure.component.nuget": {
      "$ref": "/features/configs/appConfig/appConfig.azure.core.json#/components/appConfig.azure.component.nuget"
    },
    "appConfig.azure.component.secretStore": {
      "$ref": "/features/configs/appConfig/appConfig.azure.core.json#/components/appConfig.azure.component.secretStore"
    },
    "appConfig.azure.component.code": {
      "$ref": "/features/configs/appConfig/appConfig.azure.core.json#/components/appConfig.azure.component.code"
    }
  }
}
