{
  "definitions": {
    "$ref": "/features/configs/appConfig/appConfig.azure.coreweb30.json#/definitions"
  },
  "components": {
    "appConfig.azure.component.nuget": {
      "$ref": "/features/configs/appConfig/appConfig.azure.coreweb.json#/components/appConfig.azure.component.nuget"
    },
    "appConfig.azure.component.secretStore": {
      "$ref": "/features/configs/appConfig/appConfig.azure.coreweb.json#/components/appConfig.azure.component.secretStore"
    },
    "appConfig.azure.component.code": {
      "$ref": "/features/configs/appConfig/appConfig.azure.coreweb30.json#/components/appConfig.azure.component.code"
    },
    "appConfig.azure.component.startupCode": {
      "$ref": "/features/configs/appConfig/appConfig.azure.coreweb.json#/components/appConfig.azure.component.startupCode"
    },
    "appConfig.azure.component.appSettings": {
      "$ref": "/features/configs/appConfig/appConfig.azure.coreweb.json#/components/appConfig.azure.component.appSettings"
    }
  }
}
