{
  "definitions": {
    "locations": {
      "EntryPoint": [
        {
          "kind": "EntryPoint",
          "properties": {
          }
        }
      ]
    },
    "tokens": {
      "connectionId": {
        "name": "connectionId",
        "kind": "ExternalValue",
        "properties": {
          "ModelPropertyName": "connectionId"
        }
      },
      "endpoint": {
        "name": "endpoint",
        "kind": "ExternalValue",
        "properties": {
          "ModelPropertyName": "endpoint"
        }
      }
    }
  },
  "components": {
    "appConfig.azure.component.nuget": {
      "definition": {
        "$refmerge": "/definitions/components.json#/nuget"
      },
      "detectors": [
        {
          "$refmerge": "/features/configs/appConfig/appConfig.azure.json#/components/appConfig.azure.component.nuget/detectors"
        }
      ],
      "modifiers": [
        {
          "id": "nuget.generic/allPackages",
          "order": 10,
          "model": {
            "jobs": {
              ".NETCoreApp,Version=2.0": {
                "$ref": "/definitions/packages.json#/appConfig.core/.NETCoreApp,Version=2.0"
              },
              ".NETCoreApp,Version=3.1": {
                "$ref": "/definitions/packages.json#/appConfig.core/.NETCoreApp,Version=3.1"
              },
              ".NETCoreApp,Version=5.0": {
                "$ref": "/definitions/packages.json#/appConfig.core/.NETCoreApp,Version=5.0"
              }
            }
          }
        }
      ]
    },
    "appConfig.azure.component.secretStore": {
      "definition": {
        "$refmerge": "/definitions/components.json#/secretStore"
      },
      "detectors": [],
      "modifiers": [
        {
          "id": "secrets.secretStore/local",
          "order": 20,
          "restorable": true,
          "model": {
            "secretStore": "@@secretStore@@",
            "secretName": "@@connectionId@@",
            "secretValue": "@@ConnectionValue@@",
            "secretStoreResourceId": "@@SecretStoreResourceId@@",
            "secretExtraData": {
              "valueKind": "Setting"
            }
          }
        }
      ]
    },
    "appConfig.azure.component.code": {
      "definition": {
        "$refmerge": "/features/configs/appConfig/appConfig.azure.json#/definitions/code"
      },
      "detectors": [
        {
          "id": "code.generic/appConfigCore",
          "confidence": "High",
          "model": {
            "kind": "Generic",
            "detectionLocations": [
              {
                "parts": [
                  {
                    "$refmerge": "#/definitions/locations/EntryPoint"
                  },
                  {
                    "kind": "Invocation",
                    "properties": {
                      "Invocation": "AddAzureAppConfiguration"
                    }
                  }
                ]
              }
            ]
          }
        }
      ],
      "modifiers": [
        {
          "id": "code.generic/appConfigCore",
          "order": 30,
          "model": {
            "snippetModels": [
              {
                "name": "EnsureMicrosoftExtensionsConfigurationNamespaces",
                "snippets": [
                  {
                    "kind": "Empty",
                    "location": {
                      "parts": [
                        {
                          "$refmerge": "#/definitions/locations/EntryPoint"
                        },
                        {
                          "kind": "UsingDeclaration",
                          "properties": {
                            "UsingDeclaration": "using Microsoft.Extensions.Configuration;"
                          }
                        }
                      ]
                    },
                    "body": "",
                    "tokens": {}
                  },
                  {
                    "kind": "UsingDeclaration",
                    "location": {
                      "parts": [
                        {
                          "$refmerge": "#/definitions/locations/EntryPoint"
                        }
                      ]
                    },
                    "body": "using Microsoft.Extensions.Configuration;",
                    "tokens": {}
                  }
                ]
              },
              {
                "name": "EnsureMicrosoftExtensionsConfigurationAzureAppConfigurationNamespaces",
                "snippets": [
                  {
                    "kind": "Empty",
                    "location": {
                      "parts": [
                        {
                          "$refmerge": "#/definitions/locations/EntryPoint"
                        },
                        {
                          "kind": "UsingDeclaration",
                          "properties": {
                            "UsingDeclaration": "using Microsoft.Extensions.Configuration.AzureAppConfiguration;"
                          }
                        }
                      ]
                    },
                    "body": "",
                    "tokens": {}
                  },
                  {
                    "kind": "UsingDeclaration",
                    "location": {
                      "parts": [
                        {
                          "$refmerge": "#/definitions/locations/EntryPoint"
                        }
                      ]
                    },
                    "body": "using Microsoft.Extensions.Configuration.AzureAppConfiguration;",
                    "tokens": {}
                  }
                ]
              },
              {
                "name": "EnsureAzureIdentityNamespaces",
                "snippets": [
                  {
                    "kind": "Empty",
                    "location": {
                      "parts": [
                        {
                          "$refmerge": "#/definitions/locations/EntryPoint"
                        },
                        {
                          "kind": "UsingDeclaration",
                          "properties": {
                            "UsingDeclaration": "using Azure.Identity;"
                          }
                        }
                      ]
                    },
                    "body": "",
                    "tokens": {}
                  },
                  {
                    "kind": "UsingDeclaration",
                    "location": {
                      "parts": [
                        {
                          "$refmerge": "#/definitions/locations/EntryPoint"
                        }
                      ]
                    },
                    "body": "using Azure.Identity;",
                    "tokens": {}
                  }
                ]
              },
              {
                "name": "EnsureAddAzureAppConfiguration",
                "snippets": [
                  {
                    "kind": "Empty",
                    "location": {
                      "parts": [
                        {
                          "$refmerge": "#/definitions/locations/EntryPoint"
                        },
                        {
                          "kind": "Invocation",
                          "properties": {
                            "Invocation": "AddAzureAppConfiguration"
                          }
                        }
                      ]
                    },
                    "body": "",
                    "tokens": {}
                  },
                  {
                    "kind": "Expression",
                    "location": {
                      "parts": [
                        {
                          "$refmerge": "#/definitions/locations/EntryPoint"
                        }
                      ]
                    },
                    "body": "\r\nvar config = new ConfigurationBuilder().AddUserSecrets(System.Reflection.Assembly.GetExecutingAssembly(), true);\r\nvar azAppConfigConnection = config.Build()[`@@connectionId@@`];\r\nIConfigurationRefresher refresher = null;\r\nvar key = `TestApp:Settings:Message`;\r\n\r\nif (!string.IsNullOrEmpty(azAppConfigConnection))\r\n{\r\n// Use the connection string if it is available.\r\nconfig.AddAzureAppConfiguration(options => {\r\noptions.Connect(azAppConfigConnection);\r\noptions.ConfigureRefresh(refresh => {\r\n// Register for refresh operation.\r\nrefresh.Register(key);\r\n});\r\nrefresher = options.GetRefresher();\r\n});\r\n}\r\nelse\r\n{\r\n// Use Azure Active Directory authentication.\r\n// The identity of this app should be assigned 'App Configuration Data Reader' or 'App Configuration Data Owner' role in App Configuration.\r\n// For more information, please visit https://aka.ms/vs/azure-app-configuration/concept-enable-rbac\r\nconfig.AddAzureAppConfiguration(options => {\r\noptions.Connect(new Uri(`@@endpoint@@`), new DefaultAzureCredential());\r\noptions.ConfigureRefresh(refresh => {\r\n// Register for refresh operation.\r\nrefresh.Register(key);\r\n});\r\nrefresher = options.GetRefresher();\r\n});\r\n}\r\n\r\nvar azAppConfig = config.Build();\r\nConsole.WriteLine($`The current value of '{key}' is '{azAppConfig[key] ?? `Key not found`}'.`);\r\n\r\n// Wait for the value to change.\r\nConsole.WriteLine($`Now please change the value of the key '{key}' in App Configuration and then press Enter...`);\r\nConsole.ReadLine();\r\nrefresher.TryRefreshAsync().Wait();\r\n\r\nConsole.WriteLine($`The current value of '{key}' is '{azAppConfig[key] ?? `Key not found`}'.`);",
                    "tokens": {
                      "connectionId": {
                        "$ref": "#/definitions/tokens/connectionId"
                      },
                      "endpoint": {
                        "$ref": "#/definitions/tokens/endpoint"
                      }
                    }
                  }
                ]
              }
            ]
          }
        }
      ]
    }
  }
}
