{
  "definitions": {
    "locations": {
      "ConfigureServicesMethod": [
        {
          "kind": "Method",
          "properties": {
            "Method": "ConfigureServices",
            "TypeName": "Microsoft.Extensions.DependencyInjection.IServiceCollection",
            "MethodParameterAnyPosition": true,
            "MethodParameterAnyNumberOfParameters": true
          }
        }
      ],
      "ConfigureMethod": [
        {
          "kind": "Method",
          "properties": {
            "Method": "Configure",
            "TypeName": "Microsoft.AspNetCore.Builder.IApplicationBuilder",
            "MethodParameterAnyPosition": true,
            "MethodParameterAnyNumberOfParameters": true
          }
        }
      ],
      "AddAzureAppConfiguration": [
        {
          "kind": "Invocation",
          "properties": {
            "Invocation": "AddAzureAppConfiguration",
            "TypeName": "Microsoft.Extensions.Configuration.AzureAppConfigurationExtensions"
          }
        }
      ],
      "CreateWebHostBuilder": [
        {
          "kind": "EntryPoint",
          "properties": {
          }
        },
        {
          "kind": "Method",
          "properties": {
            "Method": "CreateWebHostBuilder",
            "TypeName": "System.String[]"
          }
        }
      ],
      "CreateHostBuilder": [
        {
          "kind": "EntryPoint",
          "properties": {
          }
        },
        {
          "kind": "Method",
          "properties": {
            "Method": "CreateHostBuilder",
            "TypeName": "System.String[]"
          }
        }
      ]
    },
    "tokens": {
      "connectionId": {
        "name": "connectionId",
        "kind": "ExternalValue",
        "properties": {
          "ModelPropertyName": "connectionId"
        }
      },
      "localVar_IApplicationBuilder": {
        "name": "localVar",
        "kind": "MethodParameter",
        "properties": {
          "TypeName": "Microsoft.AspNetCore.Builder.IApplicationBuilder"
        }
      },
      "localVar_IConfigurationBuilder": {
        "name": "localVar",
        "kind": "MethodParameter",
        "properties": {
          "TypeName": "Microsoft.Extensions.Configuration.IConfigurationBuilder"
        }
      },
      "localVar_IServiceCollection": {
        "name": "localVar",
        "kind": "MethodParameter",
        "properties": {
          "TypeName": "Microsoft.Extensions.DependencyInjection.IServiceCollection"
        }
      },
      "configurationClassProperty": {
        "name": "configurationClassProperty",
        "kind": "ClassProperty",
        "properties": {
          "TypeName": "Microsoft.Extensions.Configuration.IConfiguration"
        }
      }
    },
    "components": {
      "appConfig.azure.component.code": {
        "body": "builder\r\n                .ConfigureAppConfiguration((context, config) =>\r\n                {\r\n                    var azAppConfigSettings = config.Build();\r\n                    var azAppConfigConnection = azAppConfigSettings[`@@connectionId@@`];\r\n                    if (!string.IsNullOrEmpty(azAppConfigConnection))\r\n                    {\r\n                        // Use the connection string if it is available.\r\n                        config.AddAzureAppConfiguration(options =>\r\n                        {\r\n                            options.Connect(azAppConfigConnection)\r\n                            .ConfigureRefresh(refresh =>\r\n                            {\r\n                                // All configuration values will be refreshed if the sentinel key changes.\r\n                                refresh.Register(`TestApp:Settings:Sentinel`, refreshAll: true);\r\n                            });\r\n                        });\r\n                    }\r\n                    else if (Uri.TryCreate(azAppConfigSettings[`Endpoints:@@connectionId@@`], UriKind.Absolute, out var endpoint))\r\n                    {\r\n                        // Use Azure Active Directory authentication.\r\n                        // The identity of this app should be assigned 'App Configuration Data Reader' or 'App Configuration Data Owner' role in App Configuration.\r\n                        // For more information, please visit https://aka.ms/vs/azure-app-configuration/concept-enable-rbac\r\n                        config.AddAzureAppConfiguration(options =>\r\n                        {\r\n                            options.Connect(endpoint, new DefaultAzureCredential())\r\n                            .ConfigureRefresh(refresh =>\r\n                            {\r\n                                // All configuration values will be refreshed if the sentinel key changes.\r\n                                refresh.Register(`TestApp:Settings:Sentinel`, refreshAll: true);\r\n                            });\r\n                        });\r\n                    }\r\n                })\r\n",
        "tokens": {
          "connectionId": {
            "$ref": "#/definitions/tokens/connectionId"
          }
        }
      }
    }
  },
  "components": {
    "appConfig.azure.component.nuget": {
      "definition": {
        "$refmerge": "/definitions/components.json#/nuget"
      },
      "detectors": [
        {
          "$refmerge": "/features/configs/appConfig/appConfig.azure.json#/components/appConfig.azure.component.nuget/detectors"
        }
      ],
      "modifiers": [
        {
          "id": "nuget.generic/allPackages",
          "order": 10,
          "model": {
            "jobs": {
              ".NETCoreApp,Version=2.0": {
                "$ref": "/definitions/packages.json#/appConfig.coreweb/.NETCoreApp,Version=2.0"
              },
              ".NETCoreApp,Version=3.1": {
                "$ref": "/definitions/packages.json#/appConfig.coreweb/.NETCoreApp,Version=3.1"
              }
            }
          }
        }
      ]
    },
    "appConfig.azure.component.secretStore": {
      "$ref": "/features/configs/appConfig/appConfig.azure.core.json#/components/appConfig.azure.component.secretStore"
    },
    "appConfig.azure.component.launchsettings": {
      "definition": {
        "$refmerge": "/definitions/components.json#/launchsettings"
      },
      "detectors": [
        {
          "id": "jsonproperty.generic/envVars",
          "model": {
            "filePath": "@@propertiesFolder@@/launchSettings.json",
            "key": "profiles/*/environmentVariables",
            "properties": {
              "Endpoints:@@connectionId@@": {
                "value": ""
              }
            }
          }
        }
      ],
      "modifiers": [
        {
          "id": "jsonproperty.generic/envVars",
          "restorable": true,
          "model": {
            "filePath": "@@propertiesFolder@@/launchSettings.json",
            "key": "profiles/*/environmentVariables",
            "properties": {
              "Endpoints:@@connectionId@@": {
                "value": "@@endpoint@@",
                "action": "replace"
              }
            }
          }
        }
      ]
    },
    "appConfig.azure.component.appSettings": {
      "definition": {
        "$refmerge": "/definitions/components.json#/appSettings"
      },
      "detectors": [
      ],
      "modifiers": [
        {
          "id": "jsonproperty.generic/connectionString",
          "restorable": true,
          "model": {
            "filePath": "appsettings.json",
            "key": "Endpoints",
            "properties": {
              "@@connectionId@@": {
                "value": "@@endpoint@@",
                "action": "replace"
              }
            }
          }
        }
      ]
    },
    "appConfig.azure.component.appServiceSettings": {
      "definition": {
        "$refmerge": "/definitions/components.json#/appServiceSettings"
      },
      "detectors": [],
      "modifiers": [
        {
          "id": "appServiceSettings.generic/appSettings",
          "restorable": true,
          "model": {
            "appServiceResourceId": "@@ProfileResourceId@@",
            "settingType": "Setting",
            "properties": {
              "Endpoints:@@connectionId@@": {
                "value": "@@endpoint@@",
                "action": "replace"
              }
            }
          }
        }
      ]
    },
    "appConfig.azure.component.startupCode": {
      "definition": {
        "$refmerge": "/features/configs/appConfig/appConfig.azure.json#/definitions/startupCode"
      },
      "detectors": [
        {
          "id": "code.generic/appConfigWebStartupCode",
          "confidence": "High",
          "model": {
            "kind": "Generic",
            "detectionLocations": [
              {
                "parts": [
                  {
                    "$refmerge": "#/definitions/locations/ConfigureServicesMethod"
                  },
                  {
                    "$refmerge": "#/definitions/locations/AddAzureAppConfiguration"
                  }
                ]
              }
            ]
          }
        }
      ],
      "modifiers": [
        {
          "id": "code.generic/appConfigWebCore_Startup",
          "order": 30,
          "model": {
            "snippetModels": [
              {
                "name": "EnsureMicrosoftExtensionsConfigurationNamespace",
                "snippets": [
                  {
                    "kind": "Empty",
                    "location": {
                      "parts": [
                        {
                          "$refmerge": "#/definitions/locations/ConfigureServicesMethod"
                        },
                        {
                          "kind": "UsingDeclaration",
                          "properties": {
                            "UsingDeclaration": "using Microsoft.Extensions.Configuration;"
                          }
                        }
                      ]
                    },
                    "body": "",
                    "tokens": {}
                  },
                  {
                    "kind": "UsingDeclaration",
                    "location": {
                      "parts": [
                        {
                          "$refmerge": "#/definitions/locations/ConfigureServicesMethod"
                        }
                      ]
                    },
                    "body": "using Microsoft.Extensions.Configuration;",
                    "tokens": {}
                  }
                ]
              },
              {
                "name": "EnsureStartupClassConfigurationProperty",
                "snippets": [
                  {
                    "kind": "Empty",
                    "location": {
                      "parts": [
                        {
                          "kind": "Method",
                          "properties": {
                            "Method": "ConfigureServices",
                            "TypeName": "Microsoft.Extensions.DependencyInjection.IServiceCollection"
                          }
                        },
                        {
                          "kind": "ClassProperty",
                          "properties": {
                            "TypeName": "Microsoft.Extensions.Configuration.IConfiguration"
                          }
                        }
                      ]
                    },
                    "body": "",
                    "tokens": {}
                  },
                  {
                    "kind": "ClassProperty",
                    "location": {
                      "parts": [
                        {
                          "$refmerge": "#/definitions/locations/ConfigureServicesMethod"
                        }
                      ]
                    },
                    "body": "public IConfiguration Configuration { get; }",
                    "tokens": {},
                    "resultTokenName": "configurationClassProperty"
                  }
                ]
              },
              {
                "name": "EnsureStartupClassConstructorWithConfiguration",
                "snippets": [
                  {
                    "kind": "Empty",
                    "location": {
                      "parts": [
                        {
                          "$refmerge": "#/definitions/locations/ConfigureServicesMethod"
                        },
                        {
                          "kind": "ClassConstructor",
                          "properties": {}
                        }
                      ]
                    },
                    "body": "",
                    "tokens": {}
                  },
                  {
                    "kind": "ClassConstructor",
                    "location": {
                      "parts": [
                        {
                          "$refmerge": "#/definitions/locations/ConfigureServicesMethod"
                        }
                      ]
                    },
                    "body": "public @@containingClassName@@(IConfiguration configuration)\r\n    {\r\n    @@configurationClassProperty@@ = configuration;\r\n    }",
                    "tokens": {
                      "containingClassName": {
                        "name": "containingClassName",
                        "kind": "ClassName",
                        "properties": {}
                      },
                      "configurationClassProperty": {
                        "name": "configurationClassProperty",
                        "kind": "ClassProperty",
                        "properties": {
                          "TypeName": "Microsoft.Extensions.Configuration.IConfiguration"
                        }
                      }
                    }
                  }
                ]
              },
              {
                "name": "EnsureAddAzureAppConfiguration",
                "snippets": [
                  {
                    "kind": "Empty",
                    "location": {
                      "parts": [
                        {
                          "$refmerge": "#/definitions/locations/ConfigureServicesMethod"
                        },
                        {
                          "$refmerge": "#/definitions/locations/AddAzureAppConfiguration"
                        }
                      ]
                    },
                    "body": "",
                    "tokens": {}
                  },
                  {
                    "kind": "Expression",
                    "location": {
                      "parts": [
                        {
                          "$refmerge": "#/definitions/locations/ConfigureServicesMethod"
                        }
                      ]
                    },
                    "body": "@@localVar@@.AddAzureAppConfiguration();\r\n",
                    "tokens": {
                      "localVar": {
                        "$ref": "#/definitions/tokens/localVar_IServiceCollection"
                      }
                    }
                  }
                ]
              },
              {
                "name": "EnsureUseAzureAppConfiguration",
                "snippets": [
                  {
                    "kind": "Empty",
                    "location": {
                      "parts": [
                        {
                          "$refmerge": "#/definitions/locations/ConfigureMethod"
                        },
                        {
                          "kind": "Invocation",
                          "properties": {
                            "Invocation": "UseAzureAppConfiguration",
                            "TypeName": "Microsoft.AspNetCore.Builder.AzureAppConfigurationExtensions"
                          }
                        }
                      ]
                    },
                    "body": "",
                    "tokens": {}
                  },
                  {
                    "kind": "Expression",
                    "location": {
                      "parts": [
                        {
                          "$refmerge": "#/definitions/locations/ConfigureMethod"
                        },
                        {
                          "kind": "Statement",
                          "properties": {
                            "Statement": "app.UseRouting();",
                            "CodeOperation": "InsertBefore"
                          }
                        }
                      ]
                    },
                    "body": "app.UseAzureAppConfiguration();",
                    "tokens": {}
                  },
                  {
                    "kind": "Expression",
                    "location": {
                      "parts": [
                        {
                          "$refmerge": "#/definitions/locations/ConfigureMethod"
                        },
                        {
                          "kind": "Statement",
                          "properties": {
                            "Statement": "app.UseHttpsRedirection();",
                            "CodeOperation": "InsertBefore"
                          }
                        }
                      ]
                    },
                    "body": "app.UseAzureAppConfiguration();",
                    "tokens": {}
                  },
                  {
                    "kind": "Expression",
                    "location": {
                      "parts": [
                        {
                          "$refmerge": "#/definitions/locations/ConfigureMethod"
                        }
                      ]
                    },
                    "body": "@@localVar@@.UseAzureAppConfiguration();\r\n",
                    "tokens": {
                      "localVar": {
                        "$ref": "#/definitions/tokens/localVar_IApplicationBuilder"
                      }
                    }
                  }
                ]
              }
            ]
          }
        }
      ]
    }
  }
}
