{
  "definitions": {
    "locations": {
      "ConfigureServicesMethod": [
        {
          "kind": "Method",
          "properties": {
            "Method": "ConfigureServices",
            "TypeName": "Microsoft.Extensions.DependencyInjection.IServiceCollection"
          }
        }
      ],
      "ArgumentDelegate_With_RedisCacheOptions": [
        {
          "$refmerge": "#/definitions/locations/ConfigureServicesMethod"
        },
        {
          "kind": "Invocation",
          "properties": {
            "Invocation": "AddDistributedRedisCache",
            "TypeName": "Microsoft.Extensions.DependencyInjection.IServiceCollection"
          }
        },
        {
          "kind": "ArgumentDelegate",
          "properties": {
            "TypeName": "System.Action<Microsoft.Extensions.Caching.Redis.RedisCacheOptions>"
          }
        }
      ]
    },
    "tokens": {
      "localVar_RedisCacheOptions": {
        "name": "localVar",
        "kind": "MethodParameter",
        "properties": {
          "TypeName": "Microsoft.Extensions.Caching.Redis.RedisCacheOptions"
        }
      },
      "localVar_IServiceCollection": {
        "name": "localVar",
        "kind": "MethodParameter",
        "properties": {
          "TypeName": "Microsoft.Extensions.DependencyInjection.IServiceCollection"
        }
      },
      "configurationClassProperty": {
        "name": "configurationClassProperty",
        "kind": "ClassProperty",
        "properties": {
          "TypeName": "Microsoft.Extensions.Configuration.IConfiguration"
        }
      },
      "connectionId": {
        "name": "connectionId",
        "kind": "ExternalValue",
        "properties": {
          "ModelPropertyName": "connectionId"
        }
      }
    }
  },
  "components": {
    "redis.component.code": {
      "definition": {
        "$refmerge": "/definitions/components.json#/code"
      },
      "modifiers": [
        {
          "id": "code.generic/startup",
          "order": 20,
          "model": {
            "snippetModels": [
              {
                "name": "EnsureMicrosoftExtensionsConfigurationNamespace",
                "snippets": [
                  {
                    "kind": "Empty",
                    "location": {
                      "parts": [
                        {
                          "$refmerge": "#/definitions/locations/ConfigureServicesMethod"
                        },
                        {
                          "kind": "UsingDeclaration",
                          "properties": {
                            "UsingDeclaration": "using Microsoft.Extensions.Configuration;"
                          }
                        }
                      ]
                    },
                    "body": "",
                    "tokens": {}
                  },
                  {
                    "kind": "UsingDeclaration",
                    "location": {
                      "parts": [
                        {
                          "$refmerge": "#/definitions/locations/ConfigureServicesMethod"
                        }
                      ]
                    },
                    "body": "using Microsoft.Extensions.Configuration;",
                    "tokens": {}
                  }
                ]
              },
              {
                "name": "EnsureMicrosoftExtensionsDependencyInjectionNamespace",
                "snippets": [
                  {
                    "kind": "Empty",
                    "location": {
                      "parts": [
                        {
                          "$refmerge": "#/definitions/locations/ConfigureServicesMethod"
                        },
                        {
                          "kind": "UsingDeclaration",
                          "properties": {
                            "UsingDeclaration": "using Microsoft.Extensions.DependencyInjection;"
                          }
                        }
                      ]
                    },
                    "body": "",
                    "tokens": {}
                  },
                  {
                    "kind": "UsingDeclaration",
                    "location": {
                      "parts": [
                        {
                          "$refmerge": "#/definitions/locations/ConfigureServicesMethod"
                        }
                      ]
                    },
                    "body": "using Microsoft.Extensions.DependencyInjection;",
                    "tokens": {}
                  }
                ]
              },
              {
                "name": "EnsureStartupClassConfigurationProperty",
                "snippets": [
                  {
                    "kind": "Empty",
                    "location": {
                      "parts": [
                        {
                          "kind": "Method",
                          "properties": {
                            "Method": "ConfigureServices",
                            "TypeName": "Microsoft.Extensions.DependencyInjection.IServiceCollection"
                          }
                        },
                        {
                          "kind": "ClassProperty",
                          "properties": {
                            "TypeName": "Microsoft.Extensions.Configuration.IConfiguration"
                          }
                        }
                      ]
                    },
                    "body": "",
                    "tokens": {}
                  },
                  {
                    "kind": "ClassProperty",
                    "location": {
                      "parts": [
                        {
                          "$refmerge": "#/definitions/locations/ConfigureServicesMethod"
                        }
                      ]
                    },
                    "body": "public IConfiguration Configuration { get; }",
                    "tokens": {},
                    "resultTokenName": "configurationClassProperty"
                  }
                ]
              },
              {
                "name": "EnsureStartupClassConstructorWithConfiguration",
                "snippets": [
                  {
                    "kind": "Empty",
                    "location": {
                      "parts": [
                        {
                          "$refmerge": "#/definitions/locations/ConfigureServicesMethod"
                        },
                        {
                          "kind": "ClassConstructor",
                          "properties": {}
                        }
                      ]
                    },
                    "body": "",
                    "tokens": {}
                  },
                  {
                    "kind": "ClassConstructor",
                    "location": {
                      "parts": [
                        {
                          "$refmerge": "#/definitions/locations/ConfigureServicesMethod"
                        }
                      ]
                    },
                    "body": "public @@containingClassName@@(IConfiguration configuration)\r\n    {\r\n    @@configurationClassProperty@@ = configuration;\r\n    }",
                    "tokens": {
                      "containingClassName": {
                        "name": "containingClassName",
                        "kind": "ClassName",
                        "properties": {}
                      },
                      "configurationClassProperty": {
                        "name": "configurationClassProperty",
                        "kind": "ClassProperty",
                        "properties": {
                          "TypeName": "Microsoft.Extensions.Configuration.IConfiguration"
                        }
                      }
                    }
                  }
                ]
              },
              {
                "name": "EnsureAddDistributedRedisCacheCall",
                "snippets": [
                  {
                    "kind": "Empty",
                    "location": {
                      "parts": [
                        {
                          "$refmerge": "#/definitions/locations/ArgumentDelegate_With_RedisCacheOptions"
                        },
                        {
                          "kind": "Invocation",
                          "properties": {
                            "Invocation": "AddDistributedRedisCache",
                            "TypeName": "Microsoft.Extensions.Azure.AzureClientFactoryBuilder"
                          }
                        }
                      ]
                    },
                    "body": "",
                    "tokens": {}
                  },
                  {
                    "kind": "Expression",
                    "location": {
                      "parts": [
                        {
                          "$refmerge": "#/definitions/locations/ConfigureServicesMethod"
                        }
                      ]
                    },
                    "body": "@@localVar@@.AddDistributedRedisCache(option =>\r\n    {\r\n    option.Configuration = @@configurationClassProperty@@[`@@connectionId@@`];\r\n    });",
                    "tokens": {
                      "localVar": {
                        "$ref": "#/definitions/tokens/localVar_IServiceCollection"
                      },
                      "configurationClassProperty": {
                        "$ref": "#/definitions/tokens/configurationClassProperty"
                      },
                      "connectionId": {
                        "$ref": "#/definitions/tokens/connectionId"
                      }
                    },
                    "resultTokenName": "configurationClassProperty"
                  }
                ]
              }
            ]
          }
        }
      ]
    },
    "redis.component.nuget": {
      "definition": {
        "$refmerge": "/definitions/components.json#/nuget"
      },
      "detectors": [
        {
          "id": "nuget.generic/allPackages",
          "confidence": "Medium",
          "model": {
            "packages": {
              "Microsoft.Extensions.Caching.Redis": ""
            }
          }
        }
      ],
      "modifiers": [
        {
          "id": "nuget.generic/allPackages",
          "order": 10,
          "model": {
            "jobs": {
              ".NETCoreApp,Version=2.1": {
                "$ref": "/definitions/packages.json#/redis/.NETCoreApp,Version=2.1"
              }
            }
          }
        }
      ]
    },
    "redis.component.secretStore": {
      "definition": {
        "$refmerge": "/definitions/components.json#/secretStore"
      },
      "detectors": [],
      "modifiers": [
        {
          "id": "secrets.secretStore/local",
          "restorable": true,
          "model": {
            "secretStore": "@@secretStore@@",
            "secretName": "@@connectionId@@",
            "secretValue": "@@ConnectionValue@@",
            "secretStoreResourceId": "@@SecretStoreResourceId@@",
            "secretExtraData": {
              "valueKind": "Setting"
            }
          }
        }
      ]
    }
  }
}
