{
  "definitions": {
    "locations": {
      "ConfigureServicesMethod": [
        {
          "kind": "Method",
          "properties": {
            "Method": "ConfigureServices",
            "TypeName": "Microsoft.Extensions.DependencyInjection.IServiceCollection"
          }
        }
      ],
      "ArgumentDelegate_With_RedisCacheOptions": [
        {
          "$refmerge": "#/definitions/locations/ConfigureServicesMethod"
        },
        {
          "kind": "Invocation",
          "properties": {
            "Invocation": "AddDistributedRedisCache",
            "TypeName": "Microsoft.Extensions.DependencyInjection.IServiceCollection"
          }
        },
        {
          "kind": "ArgumentDelegate",
          "properties": {
            "TypeName": "System.Action<Microsoft.Extensions.Caching.Redis.RedisCacheOptions>"
          }
        }
      ]
    },
    "tokens": {
      "localVar_RedisCacheOptions": {
        "name": "localVar",
        "kind": "MethodParameter",
        "properties": {
          "TypeName": "Microsoft.Extensions.Caching.Redis.RedisCacheOptions"
        }
      },
      "localVar_IServiceCollection": {
        "name": "localVar",
        "kind": "MethodParameter",
        "properties": {
          "TypeName": "Microsoft.Extensions.DependencyInjection.IServiceCollection"
        }
      },
      "configurationClassProperty": {
        "name": "configurationClassProperty",
        "kind": "ClassProperty",
        "properties": {
          "TypeName": "Microsoft.Extensions.Configuration.IConfiguration"
        }
      },
      "connectionId": {
        "name": "connectionId",
        "kind": "ExternalValue",
        "properties": {
          "ModelPropertyName": "connectionId"
        }
      }
    }
  },
  "components": {
    "redis.component.secretStore": {
      "definition": {
        "$refmerge": "/definitions/components.json#/secretStore"
      },
      "detectors": [],
      "modifiers": [
        {
          "id": "secrets.secretStore/local",
          "order": 30,
          "model": {
            "secretStore": "@@secretStore@@",
            "secretName": "@@connectionId@@",
            "secretValue": "@@ConnectionValue@@",
            "secretStoreResourceId": "@@SecretStoreResourceId@@",
            "secretExtraData": {
              "valueKind": "Setting"
            }
          }
        }
      ]
    }
  }
}
