{
  "version": "1.0.0",
  "features": [
    {
      "id": "apis.azure",
      "model": {
        "$ref": "/features/models/apis/apis.azure.json#/model"
      },
      "appliesTo": {
        "$ref": "/features/models/apis/apis.azure.json#/appliesTo"
      }
    },
    {
      "id": "appConfig.azure",
      "model": {
        "$ref": "/features/models/appConfig/appConfig.azure.json#/model"
      },
      "appliesTo": {
        "$ref": "/features/models/appConfig/appConfig.azure.json#/appliesTo"
      }
    },
    {
      "id": "appConfig.azure.local",
      "model": {
        "$ref": "/features/models/appConfig/appConfig.azure.local.json#/model"
      },
      "appliesTo": {
        "$ref": "/features/models/appConfig/appConfig.azure.local.json#/appliesTo"
      }
    },
    {
      "id": "appConfig.azure.remote",
      "model": {
        "$ref": "/features/models/appConfig/appConfig.azure.remote.json#/model"
      },
      "appliesTo": {
        "$ref": "/features/models/appConfig/appConfig.azure.remote.json#/appliesTo"
      }
    },
    {
      "id": "appInsights",
      "model": {
        "$ref": "/features/models/appInsights/appInsights.json#/model"
      },
      "appliesTo": {
        "$ref": "/features/models/appInsights/appInsights.json#/appliesTo"
      }
    },
    {
      "id": "appInsights.local",
      "model": {
        "$ref": "/features/models/appInsights/appInsights.local.json#/model"
      },
      "appliesTo": {
        "$ref": "/features/models/appInsights/appInsights.local.json#/appliesTo"
      }
    },
    {
      "id": "appInsights.remote",
      "model": {
        "$ref": "/features/models/appInsights/appInsights.remote.json#/model"
      },
      "appliesTo": {
        "$ref": "/features/models/appInsights/appInsights.remote.json#/appliesTo"
      }
    },
    {
      "id": "appInsights.sdk",
      "model": {
        "$ref": "/features/models/appInsights/appInsights.sdk.json#/model"
      },
      "appliesTo": {
        "$ref": "/features/models/appInsights/appInsights.sdk.json#/appliesTo"
      }
    },
    {
      "id": "cosmosdb",
      "model": {
        "$ref": "/features/models/cosmosdb/cosmosdb.json#/model"
      },
      "appliesTo": {
        "$ref": "/features/models/cosmosdb/cosmosdb.json#/appliesTo"
      }
    },
    {
      "id": "ef.sqlServer",
      "model": {
        "$ref": "/features/models/mssql/ef.sqlServer.json#/model"
      },
      "appliesTo": {
        "$ref": "/features/models/mssql/ef.sqlServer.json#/appliesTo"
      }
    },
    {
      "id": "grpc",
      "model": {
        "$ref": "/features/models/grpc/grpc.json#/model"
      },
      "appliesTo": {
        "$ref": "/features/models/grpc/grpc.json#/appliesTo"
      }
    },    
    {
      "id": "identityapp.aad",
      "model": {
        "$ref": "/features/models/aad/identityapp.aad.json#/model"
      },
      "appliesTo": {
        "$ref": "/features/models/aad/identityapp.aad.json#/appliesTo"
      }
    },
    {
      "id": "identityapp.aad.callsgraph",
      "model": {
        "$ref": "/features/models/aad/identityapp.aad.callsgraph.json#/model"
      },
      "appliesTo": {
        "$ref": "/features/models/aad/identityapp.aad.callsgraph.json#/appliesTo"
      }
    },
    {
      "id": "identityapp.aad.downstreamapi",
      "model": {
        "$ref": "/features/models/aad/identityapp.aad.downstreamapi.json#/model"
      },
      "appliesTo": {
        "$ref": "/features/models/aad/identityapp.aad.downstreamapi.json#/appliesTo"
      }
    },
    {
      "id": "identityapp.aad.callsgraph_api",
      "model": {
        "$ref": "/features/models/aad/identityapp.aad.callsgraph_api.json#/model"
      },
      "appliesTo": {
        "$ref": "/features/models/aad/identityapp.aad.callsgraph_api.json#/appliesTo"
      }
    },
    {
      "id": "identityapp.aad.b2c.downstreamapi",
      "model": {
        "$ref": "/features/models/aad/identityapp.aad.b2c.downstreamapi.json#/model"
      },
      "appliesTo": {
        "$ref": "/features/models/aad/identityapp.aad.b2c.downstreamapi.json#/appliesTo"
      }
    },
    {
      "id": "identityapp.aad.b2c",
      "model": {
        "$ref": "/features/models/aad/identityapp.aad.b2c.json#/model"
      },
      "appliesTo": {
        "$ref": "/features/models/aad/identityapp.aad.b2c.json#/appliesTo"
      }
    },
    {
      "id": "redis",
      "model": {
        "$ref": "/features/models/redis/redis.json#/model"
      },
      "appliesTo": {
        "$ref": "/features/models/redis/redis.json#/appliesTo"
      }
    },
    {
      "id": "secrets.keyVault",
      "model": {
        "$ref": "/features/models/secrets/secrets.keyVault.json#/model"
      },
      "appliesTo": {
        "$ref": "/features/models/secrets/secrets.keyVault.json#/appliesTo"
      }
    },
    {
      "id": "secrets.keyVault.local",
      "model": {
        "$ref": "/features/models/secrets/secrets.keyVault.local.json#/model"
      },
      "appliesTo": {
        "$ref": "/features/models/secrets/secrets.keyVault.local.json#/appliesTo"
      }
    },
    {
      "id": "secrets.keyVault.remote",
      "model": {
        "$ref": "/features/models/secrets/secrets.keyVault.remote.json#/model"
      },
      "appliesTo": {
        "$ref": "/features/models/secrets/secrets.keyVault.remote.json#/appliesTo"
      }
    },
    {
      "id": "secrets.user",
      "model": {
        "$ref": "/features/models/secrets/secrets.user.json#/model"
      },
      "appliesTo": {
        "$ref": "/features/models/secrets/secrets.user.json#/appliesTo"
      }
    },
    {
      "id": "signalr",
      "model": {
        "$ref": "/features/models/signalr/signalr.json#/model"
      },
      "appliesTo": {
        "$ref": "/features/models/signalr/signalr.json#/appliesTo"
      }
    },
    {
      "id": "signalr.local",
      "model": {
        "$ref": "/features/models/signalr/signalr.local.json#/model"
      },
      "appliesTo": {
        "$ref": "/features/models/signalr/signalr.local.json#/appliesTo"
      }
    },
    {
      "id": "signalr.remote",
      "model": {
        "$ref": "/features/models/signalr/signalr.remote.json#/model"
      },
      "appliesTo": {
        "$ref": "/features/models/signalr/signalr.remote.json#/appliesTo"
      }
    },
    {
      "id": "springcloud.azure",
      "model": {
        "$ref": "/features/models/springcloud/springcloud.azure.json#/model"
      },
      "appliesTo": {
        "$ref": "/features/models/springcloud/springcloud.azure.json#/appliesTo"
      }
    },
    {
      "id": "storage.azure",
      "model": {
        "$ref": "/features/models/storage/storage.azure.json#/model"
      },
      "appliesTo": {
        "$ref": "/features/models/storage/storage.azure.json#/appliesTo"
      }
    },
    {
      "id": "storage.azure.local",
      "model": {
        "$ref": "/features/models/storage/storage.azure.local.json#/model"
      },
      "appliesTo": {
        "$ref": "/features/models/storage/storage.azure.local.json#/appliesTo"
      }
    },
    {
      "id": "storage.azure.remote",
      "model": {
        "$ref": "/features/models/storage/storage.azure.remote.json#/model"
      },
      "appliesTo": {
        "$ref": "/features/models/storage/storage.azure.remote.json#/appliesTo"
      }
    }
  ],
  "featureConfigs": {
    "apis.azure.coreweb": {
      "$ref": "/features/configs/apis/apis.azure.coreweb.json"
    },
    "apis.azure.functions": {
      "$ref": "/features/configs/apis/apis.azure.functions.json"
    },
    "appConfig.azure": {
      "$ref": "/features/configs/appConfig/appConfig.azure.json"
    },
    "appConfig.azure.coreweb": {
      "$ref": "/features/configs/appConfig/appConfig.azure.coreweb.json"
    },
    "appConfig.azure.function": {
      "$ref": "/features/configs/appConfig/appConfig.azure.function.json"
    },
    "appConfig.azure.local": {
      "$ref": "/features/configs/appConfig/appConfig.azure.local.json"
    },
    "appConfig.azure.local.core": {
      "$ref": "/features/configs/appConfig/appConfig.azure.local.core.json"
    },
    "appConfig.azure.local.coreweb30": {
      "$ref": "/features/configs/appConfig/appConfig.azure.local.coreweb30.json"
    },
    "appConfig.azure.local.coreweb": {
      "$ref": "/features/configs/appConfig/appConfig.azure.local.coreweb.json"
    },
    "appConfig.azure.remote": {
      "$ref": "/features/configs/appConfig/appConfig.azure.remote.json"
    },
    "appConfig.azure.remote.core": {
      "$ref": "/features/configs/appConfig/appConfig.azure.remote.core.json"
    },
    "appConfig.azure.remote.coreweb30": {
      "$ref": "/features/configs/appConfig/appConfig.azure.remote.coreweb30.json"
    },
    "appConfig.azure.remote.coreweb": {
      "$ref": "/features/configs/appConfig/appConfig.azure.remote.coreweb.json"
    },
    "appInsights": {
      "$ref": "/features/configs/appInsights/appInsights.json"
    },
    "appInsights.coreweb": {
      "$ref": "/features/configs/appInsights/appInsights.coreweb.json"
    },
    "appInsights.local": {
      "$ref": "/features/configs/appInsights/appInsights.local.json"
    },
    "appInsights.local.coreweb": {
      "$ref": "/features/configs/appInsights/appInsights.local.coreweb.json"
    },
    "appInsights.local.web": {
      "$ref": "/features/configs/appInsights/appInsights.local.web.json"
    },
    "appInsights.remote": {
      "$ref": "/features/configs/appInsights/appInsights.remote.json"
    },
    "appInsights.remote.coreweb": {
      "$ref": "/features/configs/appInsights/appInsights.remote.coreweb.json"
    },
    "appInsights.remote.web": {
      "$ref": "/features/configs/appInsights/appInsights.remote.web.json"
    },
    "appInsights.sdk": {
      "$ref": "/features/configs/appInsights/appInsights.sdk.json"
    },
    "appInsights.sdk.coreweb": {
      "$ref": "/features/configs/appInsights/appInsights.sdk.coreweb.json"
    },
    "cosmosdb": {
      "$ref": "/features/configs/cosmosdb/cosmosdb.json"
    },
    "cosmosdb.azure.function": {
      "$ref": "/features/configs/cosmosdb/cosmosdb.azure.function.json"
    },
    "cosmosdb.coreweb": {
      "$ref": "/features/configs/cosmosdb/cosmosdb.coreweb.json"
    },
    "ef.sqlServer": {
      "$ref": "/features/configs/mssql/ef.sqlServer.json"
    },
    "ef.sqlServer.coreweb": {
      "$ref": "/features/configs/mssql/ef.sqlServer.coreweb.json"
    },
    "grpc.coreweb": {
      "$ref": "/features/configs/grpc/grpc.coreweb.json"
    },
    "identityapp.aad": {
      "$ref": "/features/configs/aad/identityapp.aad.json"
    },
    "identityapp.aad.callsgraph": {
      "$ref": "/features/configs/aad/identityapp.aad.callsgraph.json"
    },
    "identityapp.aad.downstreamapi": {
      "$ref": "/features/configs/aad/identityapp.aad.downstreamapi.json"
    },
    "identityapp.aad.callsgraph_api": {
      "$ref": "/features/configs/aad/identityapp.aad.callsgraph.json"
    },
    "identityapp.aad.b2c": {
      "$ref": "/features/configs/aad/identityapp.aad.b2c.json"
    },
    "identityapp.aad.b2c.downstreamapi": {
      "$ref": "/features/configs/aad/identityapp.aad.b2c.downstreamapi.json"
    },
    "redis": {
      "$ref": "/features/configs/redis/redis.json"
    },
    "redis.coreweb": {
      "$ref": "/features/configs/redis/redis.coreweb.json"
    },
    "secrets.keyVault": {
      "$ref": "/features/configs/secrets/secrets.keyVault.json"
    },
    "secrets.keyVault.coreweb": {
      "$ref": "/features/configs/secrets/secrets.keyVault.coreweb.json"
    },
    "secrets.keyVault.coreweb31": {
      "$ref": "/features/configs/secrets/secrets.keyVault.coreweb31.json"
    },
    "secrets.keyVault.local": {
      "$ref": "/features/configs/secrets/secrets.keyVault.local.json"
    },
    "secrets.keyVault.local.coreweb": {
      "$ref": "/features/configs/secrets/secrets.keyVault.local.coreweb.json"
    },
    "secrets.keyVault.local.coreweb31": {
      "$ref": "/features/configs/secrets/secrets.keyVault.local.coreweb31.json"
    },
    "secrets.keyVault.remote": {
      "$ref": "/features/configs/secrets/secrets.keyVault.remote.json"
    },
    "secrets.keyVault.remote.coreweb": {
      "$ref": "/features/configs/secrets/secrets.keyVault.remote.coreweb.json"
    },
    "secrets.keyVault.remote.coreweb31": {
      "$ref": "/features/configs/secrets/secrets.keyVault.remote.coreweb31.json"
    },
    "secrets.user": {
      "$ref": "/features/configs/secrets/secrets.user.json"
    },
    "secrets.user.coreweb": {
      "$ref": "/features/configs/secrets/secrets.user.coreweb.json"
    },
    "secrets.user.function": {
      "$ref": "/features/configs/secrets/secrets.user.function.json"
    },
    "signalr": {
      "$ref": "/features/configs/signalr/signalr.json"
    },
    "signalr.coreweb": {
      "$ref": "/features/configs/signalr/signalr.coreweb.json"
    },
    "signalr.local": {
      "$ref": "/features/configs/signalr/signalr.local.json"
    },
    "signalr.local.azure.function": {
      "$ref": "/features/configs/signalr/signalr.local.azure.function.json"
    },
    "signalr.local.coreweb": {
      "$ref": "/features/configs/signalr/signalr.local.coreweb.json"
    },
    "signalr.remote": {
      "$ref": "/features/configs/signalr/signalr.remote.json"
    },
    "signalr.remote.coreweb": {
      "$ref": "/features/configs/signalr/signalr.remote.coreweb.json"
    },
    "springcloud.azure.steeltoe24": {
      "$ref": "/features/configs/springcloud/springcloud.azure.steeltoe24.json"
    },
    "springcloud.azure.steeltoe30": {
      "$ref": "/features/configs/springcloud/springcloud.azure.steeltoe30.json"
    },
    "storage.azure": {
      "$ref": "/features/configs/storage/storage.azure.json"
    },
    "storage.azure.coreweb": {
      "$ref": "/features/configs/storage/storage.azure.coreweb.json"
    },
    "storage.azure.function": {
      "$ref": "/features/configs/storage/storage.azure.function.json"
    },
    "storage.azure.remote": {
      "$ref": "/features/configs/storage/storage.azure.remote.json"
    },
    "storage.azure.remote.coreweb": {
      "$ref": "/features/configs/storage/storage.azure.remote.coreweb.json"
    },
    "storage.azure.local": {
      "$ref": "/features/configs/storage/storage.azure.local.json"
    },
    "storage.azure.local.coreweb": {
      "$ref": "/features/configs/storage/storage.azure.local.coreweb.json"
    }
  }
}
