{
  "definitions": {
    "locations": {
      "ConfigureServicesMethod": [
        {
          "kind": "Method",
          "properties": {
            "Method": "ConfigureServices",
            "TypeName": "Microsoft.Extensions.DependencyInjection.IServiceCollection"
          }
        }
      ],
      "AddSwaggerGen": [
        {
          "$refmerge": "#/definitions/locations/ConfigureServicesMethod"
        },
        {
          "kind": "Invocation",
          "properties": {
            "Invocation": "AddSwaggerGen"
          }
        }
      ],
      "ConfigureSwaggerGen": [
        {
          "$refmerge": "#/definitions/locations/ConfigureServicesMethod"
        },
        {
          "kind": "Invocation",
          "properties": {
            "Invocation": "ConfigureSwaggerGen"
          }
        }
      ],
      "AddSwaggerGen_With_SwaggerGenOptions": [
        {
          "$refmerge": "#/definitions/locations/AddSwaggerGen"
        },
        {
          "kind": "ArgumentDelegate",
          "properties": {
            "TypeName": "System.Action<Swashbuckle.AspNetCore.SwaggerGen.SwaggerGenOptions>"
          }
        }
      ],
      "ConfigureSwaggerGen_With_SwaggerGenOptions": [
        {
          "$refmerge": "#/definitions/locations/ConfigureSwaggerGen"
        },
        {
          "kind": "ArgumentDelegate",
          "properties": {
            "TypeName": "System.Action<Swashbuckle.AspNetCore.SwaggerGen.SwaggerGenOptions>"
          }
        }
      ]
    }
  },
  "components": {
    "apis.azure.component.code": {
      "definition": {
        "$refmerge": "/definitions/components.json#/code"
      },
      "detectors": [
        {
          "id": "code.generic/startup",
          "confidence": "High",
          "model": {
            "kind": "Generic",
            "detectionLocations": [
              {
                "parts": [
                  {
                    "$refmerge": "#/definitions/locations/AddSwaggerGen_With_SwaggerGenOptions"
                  },
                  {
                    "kind": "Invocation",
                    "properties": {
                      "Invocation": "SwaggerDoc",
                      "TypeName": "Swashbuckle.AspnetCore.SwaggerGen.SwaggerGenOptions"
                    }
                  }
                ]
              },
              {
                "parts": [
                  {
                    "$refmerge": "#/definitions/locations/ConfigureSwaggerGen_With_SwaggerGenOptions"
                  },
                  {
                    "kind": "Invocation",
                    "properties": {
                      "Invocation": "SwaggerDoc",
                      "TypeName": "Swashbuckle.AspnetCore.SwaggerGen.SwaggerGenOptions"
                    }
                  }
                ]
              }
            ]
          }
        },
        {
          "id": "code.generic/startup",
          "confidence": "Medium",
          "model": {
            "kind": "Generic",
            "detectionLocations": [
              {
                "parts": [
                  {
                    "$refmerge": "#/definitions/locations/AddSwaggerGen"
                  }
                ]
              },
              {
                "parts": [
                  {
                    "$refmerge": "#/definitions/locations/ConfigureSwaggerGen"
                  }
                ]
              }
            ]
          }
        }
      ],
      "modifiers": [
      ]
    },
    "apis.azure.component.nuget": {
      "definition": {
        "$refmerge": "/definitions/components.json#/nuget"
      },
      "detectors": [
        {
          "id": "nuget.generic/allPackages",
          "confidence": "Medium",
          "model": {
            "packages": {
              "Swashbuckle.AspNetCore": ""
            }
          }
        }
      ],
      "modifiers": [
      ]
    },
    "apis.component.msbuildproperty": {
      "definition": {
        "$refmerge": "/definitions/components.json#/msbuildproperty"
      },
      "detectors": [],
      "modifiers": [
        {
          "id": "msbuildproperty.generic/runtimePackageProperty",
          "restorable": true,
          "model": {
            "filePath": "@@ProfilePath@@",
            "properties": {
              "ApiResourceId": {
                "value": "@@resourceId@@",
                "action": "replace"
              },
              "OpenApiDocumentName" : {
                "value": "v1",
                "action": "replace"
              },
              "UpdateApiOnPublish" : {
                "value": "true",
                "action": "replace"
              }
            }
          }
        }
      ]
    }
  }
}
