{
  "components": {
    "apis.azure.functions.component.nuget": {
      "definition": {
        "$refmerge": "/definitions/components.json#/nuget"
      },
      "detectors": [
        {
          "id": "nuget.generic/allPackages",
          "confidence": "Medium",
          "model": {
            "packages": {
              "Microsoft.Azure.WebJobs.Extensions.OpenApi": ""
            }
          }
        }
      ],
      "modifiers": [
      ]
    },
    "apis.azure.functions.component.msbuildproperty": {
      "definition": {
        "$refmerge": "/definitions/components.json#/msbuildproperty"
      },
      "detectors": [],
      "modifiers": [
        {
          "id": "msbuildproperty.generic/runtimePackageProperty",
          "restorable": true,
          "model": {
            "filePath": "@@ProfilePath@@",
            "properties": {
              "ApiResourceId": {
                "value": "@@resourceId@@",
                "action": "replace"
              },
              "UpdateApiOnPublish" : {
                "value": "true",
                "action": "replace"
              }
            }
          }
        }
      ]
    }
  }
}
