{
  "appConfigCodeComponentName": "Code",
  "appConfigCodeComponentDescription": "Code will be added to demonstrate how to incorporate the Azure App Configuration service into the app",
  "appConfigStartupCodeComponentName": "Startup code",
  "appConfigStartupCodeComponentDescription": "Startup code will be added to demonstrate how to inject the latest configuration to Azure Functions calls",
  "appConfigItemTemplateCreatorSampleComponentName": "Azure Function",
  "appConfigItemTemplateCreatorSampleComponentDescription": "A new HTTP-triggered Azure Function will be added to the project",
  "appConfigItemTemplateCreatorStartupComponentName": "C# code file",
  "appConfigItemTemplateCreatorStartupComponentDescription": "A new class hosting Azure App Configuration start-up code will be added to the project",
  "appInsigtsConfigComponentName": "Settings in ApplicationInsights.config",
  "appInsightsConfigComponentDescription": "Connection string will be updated in the config file",
  "appServiceSettingsComponentName": "Azure AppService settings",
  "appServiceSettingsComponentDescription": "Azure AppService settings will be modified to ensure optimal operation of the new dependency",
  "appSettingsComponentName": "Settings in appsettings.json",
  "appSettingsComponentDescription": "Application settings will be modified to ensure optimal operation of the new dependency",
  "codeComponentName": "Code",
  "codeComponentDescription": "Code will be added to the project to enable new dependency",
  "dotNetMsIdentityComponentName": "Update Azure AD",
  "dotNetMsIdentityDescription": "Calls the dotnet msidentity command line tool to finish updating Azure AD",
  "identityCodeUpdateDescription": "Code will be added to the project to enable Azure AD",
  "launchSettingsComponentName": "Settings in launchSettings.json",
  "launchSettingsComponentDescription": "launchSettings.json needs to be updated to ensure correct local runtime behavior",
  "localAccessComponentName": "Permissions for local access",
  "localAccessComponentDescription": "The permissions on the instance will be modified to allow your local machine to connect to it",
  "msbuildPropertyComponentName": "Profile properties",
  "msbuildPropertyComponentDescription": "Profile's *.pubxml file will be updated to ensure optimal operation of the new dependency",
  "nugetComponentName": "NuGet packages",
  "nugetComponentDescription": "NuGet packages will be modified to ensure optimal operation of the new dependency",
  "projectPropertyComponentName": "Project properties",
  "projectPropertyComponentDescription": "Project properties will be updated to enable new dependency",
  "remoteAccessComponentName": "Permissions for remote access",
  "remoteAccessComponentDescription": "The permissions on the instance will be modified to allow your App Service to connect to it",
  "secretStoreComponentName": "Secrets store",
  "secretStoreComponentDescription": "Application secrets used by the new dependency will be stored in the selected secrets store",
  "itemTemplateCreatorComponentName": "C# code file(s)",
  "itemTemplateCreatorComponentDescription": "C# code file(s) will be created from item template"
}
