{
  "appConfigCodeComponentName": "Codice",
  "appConfigCodeComponentDescription": "Verrà aggiunto il codice per illustrare come incorporare il servizio Configurazione app di Azure nell'app",
  "appConfigStartupCodeComponentName": "Codice di avvio",
  "appConfigStartupCodeComponentDescription": "Verrà aggiunto il codice di avvio per illustrare come inserire la configurazione più recente nelle chiamate di Funzioni di Azure",
  "appConfigItemTemplateCreatorSampleComponentName": "Funzione di Azure",
  "appConfigItemTemplateCreatorSampleComponentDescription": "Al progetto verrà aggiunta una nuova funzione di Azure attivata tramite HTTP",
  "appConfigItemTemplateCreatorStartupComponentName": "File di codice C#",
  "appConfigItemTemplateCreatorStartupComponentDescription": "Al progetto verrà aggiunta una nuova classe che ospita il codice di avvio della Configurazione app di Azure",
  "appInsigtsConfigComponentName": "Impostazioni in ApplicationInsights.config",
  "appInsightsConfigComponentDescription": "La stringa di connessione verrà aggiornata nel file config",
  "appServiceSettingsComponentName": "Impostazioni del Servizio app di Azure",
  "appServiceSettingsComponentDescription": "Le impostazioni del Servizio app di Azure verranno modificate per garantire un funzionamento ottimale della nuova dipendenza",
  "appSettingsComponentName": "Impostazioni in appsettings.json",
  "appSettingsComponentDescription": "Le impostazioni dell'applicazione verranno modificate per garantire un funzionamento ottimale della nuova dipendenza",
  "codeComponentName": "Codice",
  "codeComponentDescription": "Al progetto verrà aggiunto il codice per abilitare la nuova dipendenza",
  "dotNetMsIdentityComponentName": "Aggiornare Azure AD",
  "dotNetMsIdentityDescription": "Chiamare lo strumento da riga di comando dotnet msidentity per completare l'aggiornamento di Azure AD",
  "identityCodeUpdateDescription": "Al progetto verrà aggiunto il codice per abilitare Azure AD",
  "launchSettingsComponentName": "Impostazioni in launchSettings.json",
  "launchSettingsComponentDescription": "È necessario aggiornare launchSettings.json per garantire il corretto comportamento del runtime locale",
  "localAccessComponentName": "Autorizzazioni per l'accesso locale",
  "localAccessComponentDescription": "Le autorizzazioni per l'istanza verranno modificate per consentire la connessione del computer locale",
  "msbuildPropertyComponentName": "Proprietà del profilo",
  "msbuildPropertyComponentDescription": "Il file *.pubxml del profilo verrà aggiornato per garantire un funzionamento ottimale della nuova dipendenza",
  "nugetComponentName": "Pacchetti NuGet",
  "nugetComponentDescription": "I pacchetti NuGet verranno modificati per garantire un funzionamento ottimale della nuova dipendenza",
  "projectPropertyComponentName": "Proprietà del progetto",
  "projectPropertyComponentDescription": "Le proprietà del progetto verranno aggiornate per abilitare la nuova dipendenza",
  "remoteAccessComponentName": "Autorizzazioni per l'accesso remoto",
  "remoteAccessComponentDescription": "Le autorizzazioni per l'istanza verranno modificate per consentire la connessione del servizio app",
  "secretStoreComponentName": "Archivio segreti",
  "secretStoreComponentDescription": "I segreti dell'applicazione usati dalla nuova dipendenza verranno archiviati nell'archivio segreti selezionato",
  "itemTemplateCreatorComponentName": "File di codice C#",
  "itemTemplateCreatorComponentDescription": "Verranno creati uno o più file di codice C# dal modello di elemento"
}