{
  "model": {
    "id": "cosmosdb"
  },
  "appliesTo": [
    {
      "when": {
        "$ref": "/definitions/conditions.json#/isDotNetCoreWebAndNotNetStandard"
      },
      "config": "cosmosdb.coreweb"
    },
    {
      "when": {
        "$ref": "/definitions/conditions.json#/isAzureFunction"
      },
      "config": "cosmosdb.azure.function"
    },
    {
      "when": {
        "$ref": "/definitions/conditions.json#/isNotDotNetCoreWebAndNotNetStandard"
      },
      "config": "cosmosdb"
    }
  ]
}
