{
  "appConfigCodeComponentName": "Kód",
  "appConfigCodeComponentDescription": "Přidá se kód, který ukáže, jak začlenit službu Azure App Configuration do aplikace.",
  "appConfigStartupCodeComponentName": "Spouštěcí kód",
  "appConfigStartupCodeComponentDescription": "Přidá se spouštěcí kód, který ukáže, jak vložit nejnovější konfiguraci do volání funkcí Azure Functions.",
  "appConfigItemTemplateCreatorSampleComponentName": "Funkce Azure Functions",
  "appConfigItemTemplateCreatorSampleComponentDescription": "Do projektu se přidá nová funkce Azure Function aktivovaná protokolem HTTP.",
  "appConfigItemTemplateCreatorStartupComponentName": "Soubor kódu jazyka C#",
  "appConfigItemTemplateCreatorStartupComponentDescription": "Do projektu se přidá nová třída hostující spouštěcí kód služby Azure App Configuration.",
  "appInsigtsConfigComponentName": "Nastavení v souboru ApplicationInsights.config",
  "appInsightsConfigComponentDescription": "V konfiguračním souboru se zaktualizuje připojovací řetězec.",
  "appServiceSettingsComponentName": "Nastavení Azure AppService",
  "appServiceSettingsComponentDescription": "Nastavení Azure AppService se upraví tak, aby se zajistil optimální provoz nové závislosti.",
  "appSettingsComponentName": "Nastavení v appsettings.json",
  "appSettingsComponentDescription": "Nastavení aplikace se upraví tak, aby se zajistil optimální provoz nové závislosti.",
  "codeComponentName": "Kód",
  "codeComponentDescription": "Do projektu se přidá kód, aby se povolila nová závislost.",
  "dotNetMsIdentityComponentName": "Aktualizace Azure AD",
  "dotNetMsIdentityDescription": "Zavolá nástroj příkazového řádku dotnet msidentity, aby se dokončila aktualizace Azure AD.",
  "identityCodeUpdateDescription": "Do projektu bude přidán kód pro povolení Azure AD.",
  "launchSettingsComponentName": "Nastavení v launchSettings.json",
  "launchSettingsComponentDescription": "Soubor launchSettings.json se musí aktualizovat, aby se zajistilo správné chování místního modulu runtime.",
  "localAccessComponentName": "Oprávnění pro místní přístup",
  "localAccessComponentDescription": "Oprávnění instance se upraví tak, aby se k ní mohl připojit místní počítač.",
  "msbuildPropertyComponentName": "Vlastnosti profilu",
  "msbuildPropertyComponentDescription": "Soubor *.pubxml profilu se aktualizuje tak, aby se zajistil optimální provoz nové závislosti.",
  "nugetComponentName": "Balíčky NuGet",
  "nugetComponentDescription": "Balíčky NuGet se upraví tak, aby se zajistil optimální provoz nové závislosti.",
  "projectPropertyComponentName": "Vlastnosti projektu",
  "projectPropertyComponentDescription": "Vlastnosti projektu se upraví, aby se povolila nová závislost.",
  "remoteAccessComponentName": "Oprávnění pro vzdálený přístup",
  "remoteAccessComponentDescription": "Oprávnění instance se upraví tak, aby se k ní mohla připojit služba App Service.",
  "secretStoreComponentName": "Úložiště tajných kódů",
  "secretStoreComponentDescription": "Tajné kódy aplikace, které nová závislost používá, se uloží do vybraných úložišť tajných kódů.",
  "itemTemplateCreatorComponentName": "Soubory kódu jazyka C#",
  "itemTemplateCreatorComponentDescription": "Ze šablony položky se vytvoří soubory kódu jazyka C#."
}