{
  "definitions": {
    "locations": {
      "CreateHostBuilder": [
        {
          "kind": "EntryPoint",
          "properties": {
          }
        },
        {
          "kind": "Method",
          "properties": {
            "Method": "CreateHostBuilder",
            "TypeName": "System.String[]"
          }
        }
      ]
      },
    "tokens": {
      "connectionId": {
        "name": "connectionId",
        "kind": "ExternalValue",
        "properties": {
          "ModelPropertyName": "connectionId"
        }
      },
      "localVar_IConfigurationBuilder": {
        "name": "localVar",
        "kind": "MethodParameter",
        "properties": {
          "TypeName": "Microsoft.Extensions.Configuration.IConfigurationBuilder"
        }
      }
    }
  },
  "components": {
    "secrets.keyVault.component.appServiceSettings": {
      "definition": {
        "$refmerge": "/definitions/components.json#/appServiceSettings"
      },
      "detectors": [],
      "modifiers": [
        {
          "id": "appServiceSettings.generic/appSettings",
          "restorable": true,
          "model": {
            "appServiceResourceId": "@@ProfileResourceId@@",
            "settingType": "Setting",
            "properties": {
              "@@connectionId@@": {
                "value": "@@ConnectionValue@@",
                "action": "replace"
              }
            }
          }
        }
      ]
    },
    "secrets.keyVault.component.launchsettings": {
      "definition": {
        "$refmerge": "/definitions/components.json#/launchsettings"
      },
      "detectors": [
        {
          "id": "jsonproperty.generic/envVars",
          "restorable": true,
          "model": {
            "filePath": "@@propertiesFolder@@/launchSettings.json",
            "key": "profiles/*/environmentVariables",
            "properties": {
              "ASPNETCORE_HOSTINGSTARTUP__KEYVAULT__CONFIGURATIONENABLED": {
                "value": ""
              },
              "ASPNETCORE_HOSTINGSTARTUP__KEYVAULT__CONFIGURATIONVAULT": {
                "value": ""
              }
            }
          }
        }
      ],
      "modifiers": [
        {
          "id": "jsonproperty.generic/envVars",
          "model": {
            "filePath": "@@propertiesFolder@@/launchSettings.json",
            "key": "profiles/*/environmentVariables",
            "properties": {
              "@@connectionId@@": {
                "value": "@@ConnectionValue@@",
                "action": "replace"
              },
              "AZURE_USERNAME": {
                "value": "@@AzureUsername@@",
                "action": "replace"
              }
            }
          }
        }
      ]
    },
    "secrets.keyVault.component.nuget": {
      "definition": {
        "$refmerge": "/definitions/components.json#/nuget"
      },
      "detectors": [
        {
          "id": "nuget.generic/allPackages",
          "confidence": "Medium",
          "model": {
            "packages": {
              "Azure.Extensions.AspNetCore.Configuration.Secrets": "",
              "Microsoft.Azure.KeyVault": "",
              "Microsoft.Azure.KeyVault.Core": "",
              "Microsoft.Azure.KeyVault.WebKey": "",
              "Microsoft.Azure.KeyVault.Extensions": "",
              "Microsoft.Azure.KeyVault.Cryptography": "",
              "Microsoft.Azure.Management.KeyVault.Fluent": "",
              "Microsoft.AspNetCore.AzureKeyVault.HostingStartup": "",
              "Microsoft.Extensions.Configuration.AzureKeyVault": "",
              "Azure.Security.KeyVault.Keys": "",
              "Azure.Security.KeyVault.Secrets": "",
              "Azure.Extensions.Configuration.Secrets": "",
              "Azure.AspNetCore.DataProtection.Blobs": "",
              "Azure.AspNetCore.DataProtection.Keys": ""
            }
          }
        }
      ],
      "modifiers": [
        {
          "id": "nuget.generic/allPackages",
          "order": 10,
          "model": {
            "jobs": {
              ".NETCoreApp,Version=1.0": {
                "$ref": "/definitions/packages.json#/secrets.keyVault.coreweb/.NETCoreApp,Version=1.0"
              },
              ".NETCoreApp,Version=2.0": {
                "$ref": "/definitions/packages.json#/secrets.keyVault.coreweb/.NETCoreApp,Version=2.0"
              },
              ".NETCoreApp,Version=3.1": {
                "$ref": "/definitions/packages.json#/secrets.keyVault.coreweb/.NETCoreApp,Version=3.1"
              },
              ".NETFramework,Version=4.5.2": {
                "$ref": "/definitions/packages.json#/secrets.keyVault.coreweb/.NETFramework,Version=4.5.2"
              },
              ".NETFramework,Version=4.6.2": {
                "$ref": "/definitions/packages.json#/secrets.keyVault.coreweb/.NETFramework,Version=4.6.1"
              },
              ".NETFramework,Version=4.7.1": {
                "$ref": "/definitions/packages.json#/secrets.keyVault.coreweb/.NETFramework,Version=4.7.1"
              }
            }
          }
        }
      ]
    },
    "secrets.keyVault.component.code": {
      "definition": {
        "$refmerge": "/definitions/components.json#/code"
      },
      "detectors": [
        {
          "id": "code.generic/configBuild",
          "confidence": "High",
          "model": {
            "kind": "Generic",
            "detectionLocations": [
              {
                "parts": [
                  {
                    "$refmerge": "#/definitions/locations/CreateHostBuilder"
                  },
                  {
                    "kind": "Invocation",
                    "properties": {
                      "Invocation": "AddAzureKeyVault"
                    }
                  }
                ]
              }
            ]
          }
        }
      ],
      "modifiers": [
        {
          "id": "code.generic/buildConfig",
          "order": 20,
          "model": {
            "snippetModels": [
              {
                "name": "EnsureMicrosoftExtensionsConfigurationNamespaces",
                "snippets": [
                  {
                    "kind": "Empty",
                    "location": {
                      "parts": [
                        {
                          "$refmerge": "#/definitions/locations/CreateHostBuilder"
                        },
                        {
                          "kind": "UsingDeclaration",
                          "properties": {
                            "UsingDeclaration": "using Microsoft.Extensions.Configuration;"
                          }
                        }
                      ]
                    },
                    "body": "",
                    "tokens": {}
                  },
                  {
                    "kind": "UsingDeclaration",
                    "location": {
                      "parts": [
                        {
                          "$refmerge": "#/definitions/locations/CreateHostBuilder"
                        }
                      ]
                    },
                    "body": "using Microsoft.Extensions.Configuration;",
                    "tokens": {}
                  }
                ]
              },
              {
                "name": "EnsureAzureIdentityNamespaces",
                "snippets": [
                  {
                    "kind": "Empty",
                    "location": {
                      "parts": [
                        {
                          "$refmerge": "#/definitions/locations/CreateHostBuilder"
                        },
                        {
                          "kind": "UsingDeclaration",
                          "properties": {
                            "UsingDeclaration": "using Azure.Identity;"
                          }
                        }
                      ]
                    },
                    "body": "",
                    "tokens": {}
                  },
                  {
                    "kind": "UsingDeclaration",
                    "location": {
                      "parts": [
                        {
                          "$refmerge": "#/definitions/locations/CreateHostBuilder"
                        }
                      ]
                    },
                    "body": "using Azure.Identity;",
                    "tokens": {}
                  }
                ]
              },
              {
                "name": "EnsureAddKeyVault",
                "snippets": [
                  {
                    "kind": "Empty",
                    "location": {
                      "parts": [
                        {
                          "$refmerge": "#/definitions/locations/CreateHostBuilder"
                        },
                        {
                          "kind": "Invocation",
                          "properties": {
                            "Invocation": "AddAzureKeyVault"
                          }
                        }
                      ]
                    },
                    "body": "",
                    "tokens": {}
                  },
                  {
                    "kind": "Expression",
                    "location": {
                      "parts": [
                        {
                          "$refmerge": "#/definitions/locations/CreateHostBuilder"
                        },
                        {
                          "kind": "Invocation",
                          "properties": {
                            "Invocation": "ConfigureAppConfiguration"
                          }
                        },
                        {
                          "kind": "ArgumentDelegate",
                          "properties": {
                            "TypeName": "System.Action<Microsoft.Extensions.Hosting.HostBuilderContext, Microsoft.Extensions.Configuration.IConfigurationBuilder>"
                          }
                        }
                      ]
                    },
                    "body": "var keyVaultEndpoint = new Uri(Environment.GetEnvironmentVariable(`@@connectionId@@`));\r\n@@localVar@@.AddAzureKeyVault(keyVaultEndpoint, new DefaultAzureCredential());",
                    "tokens": {
                      "localVar": {
                        "$ref": "#/definitions/tokens/localVar_IConfigurationBuilder"
                      },
                      "connectionId": {
                        "$ref": "#/definitions/tokens/connectionId"
                      }
                    }
                  },
                  {
                    "kind": "Expression",
                    "location": {
                      "parts": [
                        {
                          "$refmerge": "#/definitions/locations/CreateHostBuilder"
                        },
                        {
                          "kind": "Invocation",
                          "properties": {
                            "Invocation": "CreateDefaultBuilder"
                          }
                        }
                      ]
                    },
                    "body": "\r\nbuilder.ConfigureAppConfiguration((context, config) =>\r\n{\r\nvar keyVaultEndpoint = new Uri(Environment.GetEnvironmentVariable(`@@connectionId@@`));\r\nconfig.AddAzureKeyVault(keyVaultEndpoint, new DefaultAzureCredential());\r\n});\r\n",
                    "tokens": {
                      "connectionId": {
                        "$ref": "#/definitions/tokens/connectionId"
                      }
                    }
                  }
                ]
              }
            ]
          }
        }
      ]
    },
    "secrets.keyVault.component.secretStore": {
      "$ref": "/features/configs/secrets/secrets.keyVault.coreweb.json#/components/secrets.keyVault.component.secretStore"
    }
  }
}
