{
  "components": {
    "secrets.keyVault.component.appServiceSettings": {
      "definition": {
        "$refmerge": "/definitions/components.json#/appServiceSettings"
      },
      "detectors": [],
      "modifiers": [
        {
          "id": "appServiceSettings.generic/appSettings",
          "restorable": true,
          "model": {
            "appServiceResourceId": "@@ProfileResourceId@@",
            "settingType": "Setting",
            "properties": {
              "@@connectionId@@": {
                "value": "@@ConnectionValue@@",
                "action": "replace"
              }
            }
          }
        }
      ]
    },
    "secrets.keyVault.component.nuget": {
      "definition": {
        "$refmerge": "/definitions/components.json#/nuget"
      },
      "detectors": [
        {
          "id": "nuget.generic/allPackages",
          "confidence": "Medium",
          "model": {
            "packages": {
              "Microsoft.Azure.KeyVault": "",
              "Microsoft.Azure.KeyVault.WebKey": "",
              "Microsoft.Azure.KeyVault.Extensions": "",
              "Microsoft.Azure.KeyVault.Cryptography": "",
              "Microsoft.Azure.Management.KeyVault.Fluent": "",
              "Microsoft.AspNetCore.AzureKeyVault.HostingStartup": "",
              "Microsoft.Extensions.Configuration.AzureKeyVault": "",
              "Azure.Security.KeyVault.Keys": "",
              "Azure.Security.KeyVault.Secrets": "",
              "Azure.Extensions.Configuration.Secrets": "",
              "Azure.AspNetCore.DataProtection.Blobs": "",
              "Azure.AspNetCore.DataProtection.Keys": ""
            }
          }
        }
      ],
      "modifiers": [
        {
          "id": "nuget.generic/allPackages",
          "order": 10,
          "model": {
            "jobs": {
              ".NETCoreApp,Version=1.0": {
                "$ref": "/definitions/packages.json#/secrets.keyVault/.NETCoreApp,Version=1.0"
              },
              ".NETCoreApp,Version=2.0": {
                "$ref": "/definitions/packages.json#/secrets.keyVault/.NETCoreApp,Version=2.0"
              },
              ".NETFramework,Version=4.5.2": {
                "$ref": "/definitions/packages.json#/secrets.keyVault/.NETFramework,Version=4.5.2"
              },
              ".NETFramework,Version=4.6.2": {
                "$ref": "/definitions/packages.json#/secrets.keyVault/.NETFramework,Version=4.6.1"
              },
              ".NETFramework,Version=4.7.1": {
                "$ref": "/definitions/packages.json#/secrets.keyVault/.NETFramework,Version=4.7.1"
              }
            }
          }
        }
      ]
    },
    "secrets.keyVault.component.secretStore": {
      "definition": {
        "$refmerge": "/definitions/components.json#/secretStore"
      },
      "detectors": [],
      "modifiers": [
        {
          "id": "secrets.secretStore/localSecretName",
          "restorable": true,
          "model": {
            "secretStore": "@@secretStore@@",
            "secretName": "@@connectionId@@",
            "secretValue": "@@ConnectionValue@@",
            "secretStoreResourceId": "@@SecretStoreResourceId@@"
          }
        }
      ]
    }
  }
}
