{
  "components": {
    "secrets.keyVault.component.appServiceSettings": {
      "definition": {
        "$refmerge": "/definitions/components.json#/appServiceSettings"
      },
      "detectors": [],
      "modifiers": [
        {
          "$ref": "/features/configs/secrets/secrets.keyVault.coreweb31.json#/components/secrets.keyVault.component.appServiceSettings/modifiers/0"
        }
      ]
    },
    "secrets.keyVault.component.nuget": {
      "definition": {
        "$refmerge": "/definitions/components.json#/nuget"
      },
      "detectors": [],
      "modifiers": [
        {
          "$ref": "/features/configs/secrets/secrets.keyVault.coreweb31.json#/components/secrets.keyVault.component.nuget/modifiers/0"
        }
      ]
    },
    "secrets.keyVault.component.code": {
      "definition": {
        "$refmerge": "/definitions/components.json#/code"
      },
      "detectors": [
        {
          "$refmerge": "/features/configs/secrets/secrets.keyVault.coreweb31.json#/components/secrets.keyVault.component.code/detectors"
        }
      ],
      "modifiers": [
        {
          "$refmerge": "/features/configs/secrets/secrets.keyVault.coreweb31.json#/components/secrets.keyVault.component.code/modifiers"
        }
      ]
    }
  }
}
