{
  "components": {
    "secrets.user.component.nuget": {
      "definition": {
        "$refmerge": "/definitions/components.json#/nuget"
      },
      "modifiers": [
        {
          "id": "nuget.generic/allPackages",
          "order": 10,
          "model": {
            "jobs": {
              ".NETCoreApp,Version=2.0": {
                "$ref": "/definitions/packages.json#/secrets.user/.NETCoreApp,Version=2.0"
              },
              ".NETCoreApp,Version=3.1": {
                "$ref": "/definitions/packages.json#/secrets.user/.NETCoreApp,Version=3.1"
              },
              ".NETCoreApp,Version=5.0": {
                "$ref": "/definitions/packages.json#/secrets.user/.NETCoreApp,Version=5.0"
              },
              ".NETFramework,Version=4.7.1": {
                "$ref": "/definitions/packages.json#/secrets.user/.NETFramework,Version=4.7.1"
              }
            }
          }
        }
      ]
    }
  }
}
