{
  "appConfigCodeComponentName": "程式碼",
  "appConfigCodeComponentDescription": "系統會新增程式碼以示範將 Azure 應用程式組態服務併入應用程式的方法",
  "appConfigStartupCodeComponentName": "啟動程式碼",
  "appConfigStartupCodeComponentDescription": "系統會新增啟動程式碼以示範將最新組態插入至 Azure Functions 呼叫的方法",
  "appConfigItemTemplateCreatorSampleComponentName": "Azure Function",
  "appConfigItemTemplateCreatorSampleComponentDescription": "新的 HTTP 觸發 Azure Function 會新增至專案中",
  "appConfigItemTemplateCreatorStartupComponentName": "C# 程式碼檔",
  "appConfigItemTemplateCreatorStartupComponentDescription": "裝載 Azure 應用程式組態啟動程式碼的新增班級會新增至專案中。",
  "appInsigtsConfigComponentName": "ApplicationInsights.config 中的設定",
  "appInsightsConfigComponentDescription": "組態檔中的連接字串將予以更新",
  "appServiceSettingsComponentName": "Azure AppService 設定",
  "appServiceSettingsComponentDescription": "將修改 Azure AppService 設定，以確保新相依性作業達到最佳狀態",
  "appSettingsComponentName": "appsettings.json 中的設定",
  "appSettingsComponentDescription": "將修改應用程式設定，以確保新相依性作業達到最佳狀態",
  "codeComponentName": "程式碼",
  "codeComponentDescription": "程式碼將會新增到專案，以啟用新相依性",
  "dotNetMsIdentityComponentName": "更新 Azure AD",
  "dotNetMsIdentityDescription": "呼叫 dotnet msidentity 命令列工具以完成更新 Azure AD",
  "identityCodeUpdateDescription": "程式碼將會新增到專案，以啟用 Azure AD",
  "launchSettingsComponentName": "launchSettings.json 中的設定",
  "launchSettingsComponentDescription": "必須更新 launchSettings.json，以確保本機執行階段行為正確",
  "localAccessComponentName": "本機存取權限",
  "localAccessComponentDescription": "將會修改執行個體上的權限，以允許本機電腦與其連線",
  "msbuildPropertyComponentName": "設定檔屬性",
  "msbuildPropertyComponentDescription": "將會更新設定檔的 *.pubxml 檔案，以確保新相依性作業達到最佳狀態",
  "nugetComponentName": "NuGet 套件",
  "nugetComponentDescription": "將修改 NuGet 套件，以確保新相依性作業達到最佳狀態",
  "projectPropertyComponentName": "專案屬性",
  "projectPropertyComponentDescription": "將會更新專案屬性，以啟用新相依性",
  "remoteAccessComponentName": "遠端存取權限",
  "remoteAccessComponentDescription": "將會修改執行個體上的權限，以允許 App Service 與其連線",
  "secretStoreComponentName": "祕密存放區",
  "secretStoreComponentDescription": "新相依性所使用的應用程式祕密會儲存在所選取的祕密存放區中",
  "itemTemplateCreatorComponentName": "C# 程式碼檔",
  "itemTemplateCreatorComponentDescription": "將從項目範本建立 C# 程式碼檔"
}