{
  "appConfigCodeComponentName": "代码",
  "appConfigCodeComponentDescription": "将添加代码以演示如何将 Azure 应用程序配置服务合并到应用中",
  "appConfigStartupCodeComponentName": "启动代码",
  "appConfigStartupCodeComponentDescription": "将添加启动代码以演示如何向 Azure Functions 调用注入最新配置",
  "appConfigItemTemplateCreatorSampleComponentName": "Azure 函数",
  "appConfigItemTemplateCreatorSampleComponentDescription": "将向项目添加一个新的 HTTP 触发的 Azure 函数",
  "appConfigItemTemplateCreatorStartupComponentName": "C# 代码文件",
  "appConfigItemTemplateCreatorStartupComponentDescription": "将向项目添加一个新类别托管 Azure 应用程序配置启动代码",
  "appInsigtsConfigComponentName": "ApplicationInsights.config 中的设置",
  "appInsightsConfigComponentDescription": "将在配置文件中更新连接字符串",
  "appServiceSettingsComponentName": "Azure AppService 设置",
  "appServiceSettingsComponentDescription": "将修改 Azure AppService 设置以确保新依赖项采用最佳操作",
  "appSettingsComponentName": "appsettings.json 中的设置",
  "appSettingsComponentDescription": "将修改应用程序设置以确保新依赖项采用最佳操作",
  "codeComponentName": "代码",
  "codeComponentDescription": "代码将添加到项目中以启用新依赖项",
  "dotNetMsIdentityComponentName": "更新 Azure AD",
  "dotNetMsIdentityDescription": "调用 dotnet msidentity 命令行工具以完成更新 Azure AD",
  "identityCodeUpdateDescription": "代码将添加到项目中以启用新 Azure AD",
  "launchSettingsComponentName": "launchSettings.json 中的设置",
  "launchSettingsComponentDescription": "需要更新 launchSettings.json 以确保本地运行时行为正确",
  "localAccessComponentName": "本地访问权限",
  "localAccessComponentDescription": "将修改对实例的权限以允许本地计算机连接到该实例",
  "msbuildPropertyComponentName": "配置文件属性",
  "msbuildPropertyComponentDescription": "将更新配置文件的 *.pubxml 文件以确保新依赖项采用最佳操作",
  "nugetComponentName": "NuGet 包",
  "nugetComponentDescription": "将修改 NuGet 包以确保新依赖项采用最佳操作",
  "projectPropertyComponentName": "项目属性",
  "projectPropertyComponentDescription": "将更新项目属性以启用新依赖项",
  "remoteAccessComponentName": "远程访问权限",
  "remoteAccessComponentDescription": "将修改对实例的权限以允许应用服务连接到该实例",
  "secretStoreComponentName": "机密存储",
  "secretStoreComponentDescription": "新依赖项使用的应用程序机密将存储在所选的机密存储中",
  "itemTemplateCreatorComponentName": "C# 代码文件",
  "itemTemplateCreatorComponentDescription": "将基于项模板创建 C# 代码文件"
}