{
  "model": {
    "id": "appInsights.local"
  },
  "appliesTo": [
    {
      "when": {
        "$ref": "/definitions/conditions.json#/isDotNetCoreWebAndNotNetStandard"
      },
      "config": "appInsights.local.coreweb"
    },
    {
      "when": {
        "$ref": "/definitions/conditions.json#/isWebAndNotNetStandard"
      },
      "config": "appInsights.local.web"
    },
    {
      "when": {
        "$ref": "/definitions/conditions.json#/isNotDotNetCoreWebAndNotNetStandard"
      },
      "config": "appInsights.local"
    }
  ]
}
