{
  "components" :{
    "sharedComponents": { "$refmerge" : "/features/configs/springCloud/springCloud.azure.json#/components" },
    "springcloud.azure.component.nuget": {
      "definition": {
        "$refmerge": "/definitions/components.json#/nuget"
      },
      "detectors": [
        {
          "id": "nuget.generic/allPackages",
          "confidence": "Medium",
          "model": {
            "packages": {
              "Microsoft.Azure.SpringCloud.Client": ""
            }
          }
        }
      ],
      "modifiers": [
        {
          "id": "nuget.generic/allPackages",
          "order": 10,
          "model": {
            "jobs": {
              ".NETCoreApp,Version=3.1": {
                "$ref": "/definitions/packages.json#/springcloud.azure.steeltoe24/.NETCoreApp,Version=3.1"
              }
            }
          }
        }
      ]
    }
  }
}
