{
  "definitions": {
    "locations": {
      "CreateHostBuilder": [
        {
          "kind": "EntryPoint",
          "properties": {
          }
        },
        {
          "kind": "Method",
          "properties": {
            "Method": "CreateHostBuilder",
            "TypeName": "System.String[]"
          }
        }
      ],
      "CreateWebHostBuilder": [
        {
          "kind": "EntryPoint",
          "properties": {
          }
        },
        {
          "kind": "Method",
          "properties": {
            "Method": "CreateWebHostBuilder",
            "TypeName": "System.String[]"
          }
        }
      ]
    }
  },
  "components": {
    "springcloud.azure.component.code": {
      "definition": {
        "$refmerge": "/definitions/components.json#/code"
      },
      "detectors": [
        {
          "id": "code.generic/configBuild",
          "confidence": "High",
          "model": {
            "kind": "Generic",
            "detectionLocations": [
              {
                "parts": [
                  {
                    "$refmerge": "#/definitions/locations/CreateHostBuilder"
                  },
                  {
                    "kind": "Invocation",
                    "properties": {
                      "Invocation": "UseAzureSpringCloudService"
                    }
                  }
                ]
              },
              {
                "parts": [
                  {
                    "$refmerge": "#/definitions/locations/CreateWebHostBuilder"
                  },
                  {
                    "kind": "Invocation",
                    "properties": {
                      "Invocation": "UseAzureSpringCloudService"
                    }
                  }
                ]
              }
            ]
          }
        }
      ],
      "modifiers": [
        {
          "id": "code.generic/buildConfig",
          "order": 20,
          "model": {
            "snippetModels": [
              {
                "name": "EnsureAzureSpringCloudClientNamespace",
                "snippets": [
                  {
                    "kind": "Empty",
                    "location": {
                      "parts": [
                        {
                          "$refmerge": "#/definitions/locations/CreateHostBuilder"
                        },
                        {
                          "kind": "UsingDeclaration",
                          "properties": {
                            "UsingDeclaration": "using Microsoft.Azure.SpringCloud.Client;"
                          }
                        }
                      ]
                    },
                    "body": "",
                    "tokens": {}
                  },
                  {
                    "kind": "UsingDeclaration",
                    "location": {
                      "parts": [
                        {
                          "$refmerge": "#/definitions/locations/CreateHostBuilder"
                        }
                      ]
                    },
                    "body": "using Microsoft.Azure.SpringCloud.Client;",
                    "tokens": {}
                  }
                ]
              },
              {
                "name": "EnsureAddKeyVault",
                "snippets": [
                  {
                    "kind": "Empty",
                    "location": {
                      "parts": [
                        {
                          "$refmerge": "#/definitions/locations/CreateHostBuilder"
                        },
                        {
                          "kind": "Invocation",
                          "properties": {
                            "Invocation": "UseAzureSpringCloudService"
                          }
                        }
                      ]
                    },
                    "body": "",
                    "tokens": {}
                  },
                  {
                    "kind": "Expression",
                    "location": {
                      "parts": [
                        {
                          "$refmerge": "#/definitions/locations/CreateHostBuilder"
                        },
                        {
                          "kind": "Invocation",
                          "properties": {
                            "Invocation": "ConfigureWebHostDefaults"
                          }
                        }
                      ]
                    },
                    "body": "\r\nbuilder.UseAzureSpringCloudService();"
                  },
                  {
                    "kind": "Expression",
                    "location": {
                      "parts": [
                        {
                          "$refmerge": "#/definitions/locations/CreateWebHostBuilder"
                        },
                        {
                          "kind": "Invocation",
                          "properties": {
                            "Invocation": "UseStartup"
                          }
                        }
                      ]
                    },
                    "body": "\r\nbuilder.UseAzureSpringCloudService();"
                  }
                ]
              }
            ]
          }
        }
      ]
    }
  }
}
